Timestamp,Year,Month,Day,Hour,PM2.5
2018-03-01 00:00:00,2018,3,1,0,62.84
2018-03-01 01:00:00,2018,3,1,1,65.6
2018-03-01 02:00:00,2018,3,1,2,68.07
2018-03-01 03:00:00,2018,3,1,3,75.87
2018-03-01 04:00:00,2018,3,1,4,86.54
2018-03-01 05:00:00,2018,3,1,5,77.15
2018-03-01 06:00:00,2018,3,1,6,76.86
2018-03-01 07:00:00,2018,3,1,7,57.53
2018-03-01 08:00:00,2018,3,1,8,52.82
2018-03-01 09:00:00,2018,3,1,9,48.13
2018-03-01 10:00:00,2018,3,1,10,43.29
2018-03-01 11:00:00,2018,3,1,11,41.34
2018-03-01 12:00:00,2018,3,1,12,42.91
2018-03-01 13:00:00,2018,3,1,13,48.49
2018-03-01 14:00:00,2018,3,1,14,57.37
2018-03-01 15:00:00,2018,3,1,15,64.05
2018-03-01 16:00:00,2018,3,1,16,79.91
2018-03-01 17:00:00,2018,3,1,17,96.11
2018-03-01 18:00:00,2018,3,1,18,97.99
2018-03-01 19:00:00,2018,3,1,19,95.02
2018-03-01 20:00:00,2018,3,1,20,91.96
2018-03-01 21:00:00,2018,3,1,21,87.12
2018-03-01 22:00:00,2018,3,1,22,92.84
2018-03-01 23:00:00,2018,3,1,23,82.32
2018-03-02 00:00:00,2018,3,2,0,79.59
2018-03-02 01:00:00,2018,3,2,1,77.87
2018-03-02 02:00:00,2018,3,2,2,83.46
2018-03-02 03:00:00,2018,3,2,3,87.23
2018-03-02 04:00:00,2018,3,2,4,98.41
2018-03-02 05:00:00,2018,3,2,5,82.88
2018-03-02 06:00:00,2018,3,2,6,68.79
2018-03-02 07:00:00,2018,3,2,7,57.02
2018-03-02 08:00:00,2018,3,2,8,49.73
2018-03-02 09:00:00,2018,3,2,9,43.09
2018-03-02 10:00:00,2018,3,2,10,42.59
2018-03-02 11:00:00,2018,3,2,11,40.98
2018-03-02 12:00:00,2018,3,2,12,41.75
2018-03-02 13:00:00,2018,3,2,13,45.5
2018-03-02 14:00:00,2018,3,2,14,57.15
2018-03-02 15:00:00,2018,3,2,15,60.84
2018-03-02 16:00:00,2018,3,2,16,64.87
2018-03-02 17:00:00,2018,3,2,17,66.03
2018-03-02 18:00:00,2018,3,2,18,61.34
2018-03-02 19:00:00,2018,3,2,19,56.08
2018-03-02 20:00:00,2018,3,2,20,55.92
2018-03-02 21:00:00,2018,3,2,21,53.92
2018-03-02 22:00:00,2018,3,2,22,53.49
2018-03-02 23:00:00,2018,3,2,23,53.37
2018-03-03 00:00:00,2018,3,3,0,53.18
2018-03-03 01:00:00,2018,3,3,1,53.44
2018-03-03 02:00:00,2018,3,3,2,53.8
2018-03-03 03:00:00,2018,3,3,3,56.27
2018-03-03 04:00:00,2018,3,3,4,58.39
2018-03-03 05:00:00,2018,3,3,5,56.48
2018-03-03 06:00:00,2018,3,3,6,54.98
2018-03-03 07:00:00,2018,3,3,7,54.14
2018-03-03 08:00:00,2018,3,3,8,53.88
2018-03-03 09:00:00,2018,3,3,9,53.33
2018-03-03 10:00:00,2018,3,3,10,53.34
2018-03-03 11:00:00,2018,3,3,11,53.88
2018-03-03 12:00:00,2018,3,3,12,53.92
2018-03-03 15:00:00,2018,3,3,15,55.12
2018-03-03 16:00:00,2018,3,3,16,55.27
2018-03-03 17:00:00,2018,3,3,17,56.51
2018-03-03 18:00:00,2018,3,3,18,54.77
2018-03-03 19:00:00,2018,3,3,19,53.85
2018-03-03 20:00:00,2018,3,3,20,53.56
2018-03-03 21:00:00,2018,3,3,21,53.58
2018-03-03 22:00:00,2018,3,3,22,53.17
2018-03-03 23:00:00,2018,3,3,23,53.27
2018-03-04 00:00:00,2018,3,4,0,51.92
2018-03-04 01:00:00,2018,3,4,1,51.8
2018-03-04 02:00:00,2018,3,4,2,52.49
2018-03-04 03:00:00,2018,3,4,3,53.67
2018-03-04 04:00:00,2018,3,4,4,54.16
2018-03-04 05:00:00,2018,3,4,5,54.03
2018-03-04 06:00:00,2018,3,4,6,53.04
2018-03-04 08:00:00,2018,3,4,8,52.62
2018-03-04 09:00:00,2018,3,4,9,52.93
2018-03-04 10:00:00,2018,3,4,10,52.92
2018-03-04 11:00:00,2018,3,4,11,58.35
2018-03-04 12:00:00,2018,3,4,12,53.93
2018-03-04 13:00:00,2018,3,4,13,53.17
2018-03-04 14:00:00,2018,3,4,14,53.83
2018-03-04 15:00:00,2018,3,4,15,53.54
2018-03-04 16:00:00,2018,3,4,16,53.19
2018-03-04 17:00:00,2018,3,4,17,52.8
2018-03-04 18:00:00,2018,3,4,18,52.34
2018-03-04 19:00:00,2018,3,4,19,52.22
2018-03-04 20:00:00,2018,3,4,20,52.11
2018-03-04 21:00:00,2018,3,4,21,52.58
2018-03-04 22:00:00,2018,3,4,22,52.93
2018-03-04 23:00:00,2018,3,4,23,52.1
2018-03-05 00:00:00,2018,3,5,0,52.11
2018-03-05 01:00:00,2018,3,5,1,52.5
2018-03-05 02:00:00,2018,3,5,2,52.94
2018-03-05 03:00:00,2018,3,5,3,54.35
2018-03-05 04:00:00,2018,3,5,4,54.38
2018-03-05 05:00:00,2018,3,5,5,54.31
2018-03-05 06:00:00,2018,3,5,6,52.6
2018-03-05 07:00:00,2018,3,5,7,51.78
2018-03-05 08:00:00,2018,3,5,8,51.5
2018-03-05 09:00:00,2018,3,5,9,51.81
2018-03-05 10:00:00,2018,3,5,10,52.06
2018-03-05 11:00:00,2018,3,5,11,37.84
2018-03-05 12:00:00,2018,3,5,12,35.41
2018-03-05 13:00:00,2018,3,5,13,43.41
2018-03-05 14:00:00,2018,3,5,14,51.59
2018-03-05 15:00:00,2018,3,5,15,55.31
2018-03-05 16:00:00,2018,3,5,16,54.33
2018-03-05 17:00:00,2018,3,5,17,54.53
2018-03-05 18:00:00,2018,3,5,18,55.15
2018-03-05 19:00:00,2018,3,5,19,51.24
2018-03-05 20:00:00,2018,3,5,20,48.97
2018-03-05 21:00:00,2018,3,5,21,44.65
2018-03-05 22:00:00,2018,3,5,22,59.04
2018-03-05 23:00:00,2018,3,5,23,50.02
2018-03-06 00:00:00,2018,3,6,0,49.04
2018-03-06 01:00:00,2018,3,6,1,51.1
2018-03-06 02:00:00,2018,3,6,2,55.2
2018-03-06 03:00:00,2018,3,6,3,66.16
2018-03-06 04:00:00,2018,3,6,4,62.19
2018-03-06 05:00:00,2018,3,6,5,62.25
2018-03-06 06:00:00,2018,3,6,6,54.45
2018-03-06 07:00:00,2018,3,6,7,49.27
2018-03-06 08:00:00,2018,3,6,8,48.08
2018-03-06 09:00:00,2018,3,6,9,40.32
2018-03-06 10:00:00,2018,3,6,10,39.28
2018-03-06 11:00:00,2018,3,6,11,39.05
2018-03-06 12:00:00,2018,3,6,12,39.82
2018-03-06 13:00:00,2018,3,6,13,45.82
2018-03-06 14:00:00,2018,3,6,14,52.47
2018-03-06 15:00:00,2018,3,6,15,58.92
2018-03-06 16:00:00,2018,3,6,16,55.25
2018-03-06 17:00:00,2018,3,6,17,61.62
2018-03-06 18:00:00,2018,3,6,18,62.19
2018-03-06 19:00:00,2018,3,6,19,60.44
2018-03-06 20:00:00,2018,3,6,20,60.31
2018-03-06 21:00:00,2018,3,6,21,53.4
2018-03-06 22:00:00,2018,3,6,22,52.32
2018-03-06 23:00:00,2018,3,6,23,53.08
2018-03-07 00:00:00,2018,3,7,0,53.83
2018-03-07 01:00:00,2018,3,7,1,53.89
2018-03-07 02:00:00,2018,3,7,2,74.61
2018-03-07 06:00:00,2018,3,7,6,55.37
2018-03-07 07:00:00,2018,3,7,7,46.39
2018-03-07 08:00:00,2018,3,7,8,43.18
2018-03-07 10:00:00,2018,3,7,10,38.42
2018-03-07 11:00:00,2018,3,7,11,46.75
2018-03-07 12:00:00,2018,3,7,12,42.14
2018-03-07 13:00:00,2018,3,7,13,46.44
2018-03-07 14:00:00,2018,3,7,14,62.76
2018-03-07 15:00:00,2018,3,7,15,67.82
2018-03-07 16:00:00,2018,3,7,16,68.73
2018-03-07 17:00:00,2018,3,7,17,68.2
2018-03-07 18:00:00,2018,3,7,18,78.94
2018-03-07 19:00:00,2018,3,7,19,73.95
2018-03-07 20:00:00,2018,3,7,20,78.17
2018-03-07 21:00:00,2018,3,7,21,62.81
2018-03-07 22:00:00,2018,3,7,22,64.02
2018-03-07 23:00:00,2018,3,7,23,59.91
2018-03-08 00:00:00,2018,3,8,0,59.64
2018-03-08 01:00:00,2018,3,8,1,63.42
2018-03-08 02:00:00,2018,3,8,2,70.77
2018-03-08 03:00:00,2018,3,8,3,83.89
2018-03-08 04:00:00,2018,3,8,4,84.56
2018-03-08 05:00:00,2018,3,8,5,72.71
2018-03-08 06:00:00,2018,3,8,6,61.12
2018-03-08 07:00:00,2018,3,8,7,52.38
2018-03-08 08:00:00,2018,3,8,8,50.61
2018-03-08 09:00:00,2018,3,8,9,49.39
2018-03-08 10:00:00,2018,3,8,10,49.34
2018-03-08 11:00:00,2018,3,8,11,43.03
2018-03-08 13:00:00,2018,3,8,13,43.15
2018-03-08 14:00:00,2018,3,8,14,55.72
2018-03-08 15:00:00,2018,3,8,15,68.03
2018-03-08 16:00:00,2018,3,8,16,68.9
2018-03-08 17:00:00,2018,3,8,17,73.07
2018-03-08 19:00:00,2018,3,8,19,72.47
2018-03-08 20:00:00,2018,3,8,20,68.67
2018-03-08 21:00:00,2018,3,8,21,69.49
2018-03-08 22:00:00,2018,3,8,22,67.66
2018-03-08 23:00:00,2018,3,8,23,67.87
2018-03-09 00:00:00,2018,3,9,0,63.93
2018-03-09 01:00:00,2018,3,9,1,66.33
2018-03-09 02:00:00,2018,3,9,2,69.59
2018-03-09 03:00:00,2018,3,9,3,76.83
2018-03-09 04:00:00,2018,3,9,4,77.01
2018-03-09 05:00:00,2018,3,9,5,70.2
2018-03-09 06:00:00,2018,3,9,6,62.4
2018-03-09 07:00:00,2018,3,9,7,54.09
2018-03-09 08:00:00,2018,3,9,8,51.19
2018-03-09 09:00:00,2018,3,9,9,51.26
2018-03-09 10:00:00,2018,3,9,10,47.92
2018-03-09 11:00:00,2018,3,9,11,50.85
2018-03-09 12:00:00,2018,3,9,12,49.62
2018-03-09 13:00:00,2018,3,9,13,55.42
2018-03-09 14:00:00,2018,3,9,14,67.61
2018-03-09 15:00:00,2018,3,9,15,77.22
2018-03-09 16:00:00,2018,3,9,16,80.64
2018-03-09 17:00:00,2018,3,9,17,88.3
2018-03-09 18:00:00,2018,3,9,18,85.58
2018-03-09 19:00:00,2018,3,9,19,87.74
2018-03-09 20:00:00,2018,3,9,20,84.53
2018-03-09 21:00:00,2018,3,9,21,76.89
2018-03-09 22:00:00,2018,3,9,22,73.39
2018-03-10 00:00:00,2018,3,10,0,66.23
2018-03-10 01:00:00,2018,3,10,1,72.95
2018-03-10 05:00:00,2018,3,10,5,77.52
2018-03-10 10:00:00,2018,3,10,10,52.95
2018-03-10 11:00:00,2018,3,10,11,49.29
2018-03-10 12:00:00,2018,3,10,12,49.78
2018-03-10 13:00:00,2018,3,10,13,51.03
2018-03-10 14:00:00,2018,3,10,14,72.14
2018-03-10 15:00:00,2018,3,10,15,87.44
2018-03-10 16:00:00,2018,3,10,16,85.23
2018-03-10 17:00:00,2018,3,10,17,80.83
2018-03-10 22:00:00,2018,3,10,22,74.16
2018-03-10 23:00:00,2018,3,10,23,71.9
2018-03-11 00:00:00,2018,3,11,0,74.01
2018-03-11 01:00:00,2018,3,11,1,74.19
2018-03-11 02:00:00,2018,3,11,2,85.79
2018-03-11 03:00:00,2018,3,11,3,95.16
2018-03-11 04:00:00,2018,3,11,4,96.51
2018-03-11 05:00:00,2018,3,11,5,87.23
2018-03-11 06:00:00,2018,3,11,6,71.29
2018-03-11 07:00:00,2018,3,11,7,67.03
2018-03-11 08:00:00,2018,3,11,8,58.08
2018-03-11 09:00:00,2018,3,11,9,53.35
2018-03-11 10:00:00,2018,3,11,10,50.2
2018-03-11 11:00:00,2018,3,11,11,47.76
2018-03-11 12:00:00,2018,3,11,12,47.13
2018-03-11 13:00:00,2018,3,11,13,50.7
2018-03-11 14:00:00,2018,3,11,14,61.27
2018-03-11 15:00:00,2018,3,11,15,67.83
2018-03-11 16:00:00,2018,3,11,16,82.22
2018-03-11 17:00:00,2018,3,11,17,82.38
2018-03-11 18:00:00,2018,3,11,18,78.53
2018-03-11 19:00:00,2018,3,11,19,74.64
2018-03-11 20:00:00,2018,3,11,20,72.46
2018-03-11 21:00:00,2018,3,11,21,70.61
2018-03-11 22:00:00,2018,3,11,22,64.85
2018-03-11 23:00:00,2018,3,11,23,68.09
2018-03-12 00:00:00,2018,3,12,0,65.22
2018-03-12 01:00:00,2018,3,12,1,67.42
2018-03-12 02:00:00,2018,3,12,2,73.76
2018-03-12 03:00:00,2018,3,12,3,90.8
2018-03-12 04:00:00,2018,3,12,4,91.58
2018-03-12 05:00:00,2018,3,12,5,84.94
2018-03-12 06:00:00,2018,3,12,6,71.21
2018-03-12 07:00:00,2018,3,12,7,61.25
2018-03-12 08:00:00,2018,3,12,8,53.1
2018-03-12 09:00:00,2018,3,12,9,48.28
2018-03-12 10:00:00,2018,3,12,10,46.05
2018-03-12 11:00:00,2018,3,12,11,45.91
2018-03-12 12:00:00,2018,3,12,12,46.54
2018-03-12 13:00:00,2018,3,12,13,51.1
2018-03-12 14:00:00,2018,3,12,14,59.82
2018-03-12 15:00:00,2018,3,12,15,70.12
2018-03-12 16:00:00,2018,3,12,16,79.85
2018-03-12 17:00:00,2018,3,12,17,79.77
2018-03-12 18:00:00,2018,3,12,18,80.5
2018-03-12 19:00:00,2018,3,12,19,77.17
2018-03-12 20:00:00,2018,3,12,20,79.24
2018-03-12 21:00:00,2018,3,12,21,81.82
2018-03-18 22:00:00,2018,3,18,22,57.77
2018-03-18 23:00:00,2018,3,18,23,58.82
2018-03-19 00:00:00,2018,3,19,0,57.02
2018-03-19 01:00:00,2018,3,19,1,65.31
2018-03-19 02:00:00,2018,3,19,2,72.46
2018-03-19 03:00:00,2018,3,19,3,82.76
2018-03-19 04:00:00,2018,3,19,4,82.76
2018-03-19 05:00:00,2018,3,19,5,73.55
2018-03-19 06:00:00,2018,3,19,6,74.02
2018-03-19 07:00:00,2018,3,19,7,70.69
2018-03-19 08:00:00,2018,3,19,8,67.79
2018-03-19 09:00:00,2018,3,19,9,38.17
2018-03-19 12:00:00,2018,3,19,12,47.51
2018-03-19 13:00:00,2018,3,19,13,52.28
2018-03-19 14:00:00,2018,3,19,14,63.36
2018-03-19 15:00:00,2018,3,19,15,76.96
2018-03-19 16:00:00,2018,3,19,16,83.64
2018-03-19 17:00:00,2018,3,19,17,88.33
2018-03-19 18:00:00,2018,3,19,18,80.11
2018-03-19 19:00:00,2018,3,19,19,82.74
2018-03-19 20:00:00,2018,3,19,20,76.68
2018-03-19 21:00:00,2018,3,19,21,74.63
2018-03-19 22:00:00,2018,3,19,22,69.85
2018-03-19 23:00:00,2018,3,19,23,71.16
2018-03-20 00:00:00,2018,3,20,0,74.33
2018-03-20 01:00:00,2018,3,20,1,74.58
2018-03-20 02:00:00,2018,3,20,2,83.37
2018-03-20 03:00:00,2018,3,20,3,91.93
2018-03-20 04:00:00,2018,3,20,4,94.11
2018-03-20 05:00:00,2018,3,20,5,81.45
2018-03-20 06:00:00,2018,3,20,6,74.71
2018-03-20 07:00:00,2018,3,20,7,66.06
2018-03-20 08:00:00,2018,3,20,8,59.28
2018-03-20 09:00:00,2018,3,20,9,56.16
2018-03-20 10:00:00,2018,3,20,10,58.32
2018-03-20 11:00:00,2018,3,20,11,54.22
2018-03-20 12:00:00,2018,3,20,12,55.68
2018-03-20 13:00:00,2018,3,20,13,59.91
2018-03-20 14:00:00,2018,3,20,14,73.11
2018-03-20 15:00:00,2018,3,20,15,87.25
2018-03-20 16:00:00,2018,3,20,16,86.4
2018-03-20 17:00:00,2018,3,20,17,94.93
2018-03-20 18:00:00,2018,3,20,18,89.64
2018-03-20 19:00:00,2018,3,20,19,80.84
2018-03-20 20:00:00,2018,3,20,20,77.24
2018-03-20 22:00:00,2018,3,20,22,70.62
2018-03-20 23:00:00,2018,3,20,23,65.92
2018-03-21 00:00:00,2018,3,21,0,73.69
2018-03-21 01:00:00,2018,3,21,1,78.06
2018-03-21 02:00:00,2018,3,21,2,82.64
2018-03-21 03:00:00,2018,3,21,3,85.73
2018-03-21 04:00:00,2018,3,21,4,81.04
2018-03-21 05:00:00,2018,3,21,5,75.29
2018-03-21 06:00:00,2018,3,21,6,69.5
2018-03-21 07:00:00,2018,3,21,7,66.26
2018-03-21 08:00:00,2018,3,21,8,65.9
2018-03-21 09:00:00,2018,3,21,9,59.1
2018-03-21 10:00:00,2018,3,21,10,57.12
2018-03-21 11:00:00,2018,3,21,11,47.49
2018-03-21 12:00:00,2018,3,21,12,55.56
2018-03-21 13:00:00,2018,3,21,13,61.13
2018-03-21 14:00:00,2018,3,21,14,69.09
2018-03-21 15:00:00,2018,3,21,15,77.29
2018-03-21 16:00:00,2018,3,21,16,82.76
2018-03-21 17:00:00,2018,3,21,17,84.39
2018-03-21 18:00:00,2018,3,21,18,82.49
2018-03-21 19:00:00,2018,3,21,19,79.36
2018-03-21 20:00:00,2018,3,21,20,71.94
2018-03-21 21:00:00,2018,3,21,21,66.72
2018-03-21 22:00:00,2018,3,21,22,64.75
2018-03-21 23:00:00,2018,3,21,23,63.61
2018-03-22 00:00:00,2018,3,22,0,61.98
2018-03-22 01:00:00,2018,3,22,1,65.01
2018-03-22 02:00:00,2018,3,22,2,72.29
2018-03-22 03:00:00,2018,3,22,3,80.78
2018-03-22 04:00:00,2018,3,22,4,79.4
2018-03-22 05:00:00,2018,3,22,5,69.37
2018-03-22 06:00:00,2018,3,22,6,67.98
2018-03-22 07:00:00,2018,3,22,7,59.5
2018-03-22 08:00:00,2018,3,22,8,55.18
2018-03-22 09:00:00,2018,3,22,9,48.25
2018-03-22 10:00:00,2018,3,22,10,44.71
2018-03-22 11:00:00,2018,3,22,11,43.61
2018-03-22 12:00:00,2018,3,22,12,46.69
2018-03-22 13:00:00,2018,3,22,13,50.39
2018-03-22 14:00:00,2018,3,22,14,61.73
2018-03-22 15:00:00,2018,3,22,15,66.09
2018-03-22 16:00:00,2018,3,22,16,69.96
2018-03-22 17:00:00,2018,3,22,17,70.72
2018-03-22 18:00:00,2018,3,22,18,70.22
2018-03-22 19:00:00,2018,3,22,19,68.29
2018-03-22 20:00:00,2018,3,22,20,63.85
2018-03-22 21:00:00,2018,3,22,21,60.29
2018-03-22 22:00:00,2018,3,22,22,59.04
2018-03-22 23:00:00,2018,3,22,23,60.82
2018-03-23 00:00:00,2018,3,23,0,62.47
2018-03-23 01:00:00,2018,3,23,1,69.08
2018-03-23 02:00:00,2018,3,23,2,70.56
2018-03-23 03:00:00,2018,3,23,3,78.73
2018-03-23 04:00:00,2018,3,23,4,77.27
2018-03-23 05:00:00,2018,3,23,5,73.53
2018-03-23 06:00:00,2018,3,23,6,64.55
2018-03-23 07:00:00,2018,3,23,7,60.98
2018-03-23 08:00:00,2018,3,23,8,48.17
2018-03-23 09:00:00,2018,3,23,9,43.61
2018-03-23 10:00:00,2018,3,23,10,46.78
2018-03-23 11:00:00,2018,3,23,11,45.09
2018-03-23 12:00:00,2018,3,23,12,47.13
2018-03-23 13:00:00,2018,3,23,13,54.99
2018-03-23 14:00:00,2018,3,23,14,53.86
2018-03-23 15:00:00,2018,3,23,15,53.62
2018-03-23 16:00:00,2018,3,23,16,64.6
2018-03-23 17:00:00,2018,3,23,17,71.66
2018-03-23 18:00:00,2018,3,23,18,74.02
2018-03-23 19:00:00,2018,3,23,19,73.67
2018-03-23 20:00:00,2018,3,23,20,71.47
2018-03-23 21:00:00,2018,3,23,21,68.56
2018-03-23 22:00:00,2018,3,23,22,65.6
2018-03-23 23:00:00,2018,3,23,23,59.38
2018-03-24 00:00:00,2018,3,24,0,60.23
2018-03-24 01:00:00,2018,3,24,1,61.16
2018-03-24 02:00:00,2018,3,24,2,69.5
2018-03-24 03:00:00,2018,3,24,3,72.93
2018-03-24 04:00:00,2018,3,24,4,73.5
2018-03-24 05:00:00,2018,3,24,5,69.53
2018-03-24 06:00:00,2018,3,24,6,63.78
2018-03-24 07:00:00,2018,3,24,7,62.49
2018-03-24 08:00:00,2018,3,24,8,52.63
2018-03-24 09:00:00,2018,3,24,9,50.82
2018-03-24 10:00:00,2018,3,24,10,48.39
2018-03-24 11:00:00,2018,3,24,11,44.1
2018-03-24 12:00:00,2018,3,24,12,46.06
2018-03-24 13:00:00,2018,3,24,13,51.99
2018-03-24 14:00:00,2018,3,24,14,63.01
2018-03-24 15:00:00,2018,3,24,15,63.74
2018-03-24 16:00:00,2018,3,24,16,72.28
2018-03-24 17:00:00,2018,3,24,17,74.09
2018-03-24 18:00:00,2018,3,24,18,78.34
2018-03-24 19:00:00,2018,3,24,19,74.91
2018-03-24 20:00:00,2018,3,24,20,70.17
2018-03-24 21:00:00,2018,3,24,21,64.38
2018-03-24 22:00:00,2018,3,24,22,58.58
2018-03-24 23:00:00,2018,3,24,23,57.7
2018-03-25 00:00:00,2018,3,25,0,59.93
2018-03-25 01:00:00,2018,3,25,1,62.94
2018-03-25 02:00:00,2018,3,25,2,69.04
2018-03-25 03:00:00,2018,3,25,3,78.16
2018-03-25 04:00:00,2018,3,25,4,77.71
2018-03-25 05:00:00,2018,3,25,5,74.03
2018-03-25 06:00:00,2018,3,25,6,67.36
2018-03-25 07:00:00,2018,3,25,7,55.83
2018-03-25 08:00:00,2018,3,25,8,55.28
2018-03-25 09:00:00,2018,3,25,9,51.61
2018-03-25 10:00:00,2018,3,25,10,48.21
2018-03-25 11:00:00,2018,3,25,11,48.08
2018-03-25 12:00:00,2018,3,25,12,49.88
2018-03-25 13:00:00,2018,3,25,13,49.32
2018-03-25 14:00:00,2018,3,25,14,58.17
2018-03-25 15:00:00,2018,3,25,15,58.24
2018-03-25 16:00:00,2018,3,25,16,64.43
2018-03-25 17:00:00,2018,3,25,17,74.31
2018-03-25 18:00:00,2018,3,25,18,81.48
2018-03-25 19:00:00,2018,3,25,19,80.89
2018-03-25 20:00:00,2018,3,25,20,77.09
2018-03-25 21:00:00,2018,3,25,21,72.03
2018-03-25 23:00:00,2018,3,25,23,66.72
2018-03-26 00:00:00,2018,3,26,0,60.8
2018-03-26 01:00:00,2018,3,26,1,62.16
2018-03-26 02:00:00,2018,3,26,2,72.27
2018-03-26 03:00:00,2018,3,26,3,86.21
2018-03-26 04:00:00,2018,3,26,4,78.63
2018-03-26 05:00:00,2018,3,26,5,74.69
2018-03-26 06:00:00,2018,3,26,6,65.73
2018-03-26 07:00:00,2018,3,26,7,59.75
2018-03-26 08:00:00,2018,3,26,8,59.05
2018-03-26 09:00:00,2018,3,26,9,50.76
2018-03-26 10:00:00,2018,3,26,10,55.98
2018-03-26 11:00:00,2018,3,26,11,51.15
2018-03-26 12:00:00,2018,3,26,12,51.72
2018-03-26 13:00:00,2018,3,26,13,58.06
2018-03-26 14:00:00,2018,3,26,14,71.34
2018-03-26 15:00:00,2018,3,26,15,79.89
2018-03-26 16:00:00,2018,3,26,16,91.6
2018-03-26 17:00:00,2018,3,26,17,103.89
2018-03-26 18:00:00,2018,3,26,18,101.03
2018-03-26 19:00:00,2018,3,26,19,89.67
2018-03-26 20:00:00,2018,3,26,20,88.39
2018-03-26 21:00:00,2018,3,26,21,82.1
2018-03-26 22:00:00,2018,3,26,22,74.98
2018-03-26 23:00:00,2018,3,26,23,75.23
2018-03-27 00:00:00,2018,3,27,0,72.52
2018-03-27 06:00:00,2018,3,27,6,68.66
2018-03-27 07:00:00,2018,3,27,7,65.14
2018-03-27 08:00:00,2018,3,27,8,58.08
2018-03-27 09:00:00,2018,3,27,9,55.93
2018-03-27 11:00:00,2018,3,27,11,52.47
2018-03-27 12:00:00,2018,3,27,12,54.56
2018-03-27 13:00:00,2018,3,27,13,55.31
2018-03-27 14:00:00,2018,3,27,14,55.52
2018-03-27 15:00:00,2018,3,27,15,76.32
2018-03-27 16:00:00,2018,3,27,16,94.86
2018-03-27 17:00:00,2018,3,27,17,101.36
2018-03-27 18:00:00,2018,3,27,18,104.0
2018-03-27 19:00:00,2018,3,27,19,86.0
2018-03-27 20:00:00,2018,3,27,20,82.05
2018-03-27 21:00:00,2018,3,27,21,78.55
2018-03-27 22:00:00,2018,3,27,22,78.12
2018-03-27 23:00:00,2018,3,27,23,81.89
2018-03-28 00:00:00,2018,3,28,0,69.62
2018-03-28 01:00:00,2018,3,28,1,76.93
2018-03-28 02:00:00,2018,3,28,2,79.74
2018-03-28 03:00:00,2018,3,28,3,94.96
2018-03-28 04:00:00,2018,3,28,4,83.87
2018-03-28 05:00:00,2018,3,28,5,74.45
2018-03-28 06:00:00,2018,3,28,6,75.98
2018-03-28 07:00:00,2018,3,28,7,64.98
2018-03-28 08:00:00,2018,3,28,8,64.04
2018-03-28 09:00:00,2018,3,28,9,67.15
2018-03-28 10:00:00,2018,3,28,10,63.33
2018-03-28 11:00:00,2018,3,28,11,45.45
2018-03-28 15:00:00,2018,3,28,15,86.71
2018-03-28 16:00:00,2018,3,28,16,88.0
2018-03-28 17:00:00,2018,3,28,17,91.0
2018-03-28 18:00:00,2018,3,28,18,89.46
2018-03-28 19:00:00,2018,3,28,19,75.6
2018-03-28 20:00:00,2018,3,28,20,74.0
2018-03-28 21:00:00,2018,3,28,21,69.71
2018-03-28 22:00:00,2018,3,28,22,63.29
2018-03-28 23:00:00,2018,3,28,23,66.33
2018-03-29 00:00:00,2018,3,29,0,69.92
2018-03-29 01:00:00,2018,3,29,1,69.53
2018-03-29 02:00:00,2018,3,29,2,70.92
2018-03-29 03:00:00,2018,3,29,3,61.03
2018-03-29 04:00:00,2018,3,29,4,72.95
2018-03-29 05:00:00,2018,3,29,5,79.34
2018-03-29 06:00:00,2018,3,29,6,71.89
2018-03-29 07:00:00,2018,3,29,7,64.44
2018-03-29 08:00:00,2018,3,29,8,60.84
2018-03-29 09:00:00,2018,3,29,9,57.94
2018-03-29 10:00:00,2018,3,29,10,54.97
2018-03-29 11:00:00,2018,3,29,11,53.45
2018-03-29 12:00:00,2018,3,29,12,53.14
2018-03-29 13:00:00,2018,3,29,13,54.59
2018-03-29 14:00:00,2018,3,29,14,67.16
2018-03-29 15:00:00,2018,3,29,15,85.22
2018-03-29 16:00:00,2018,3,29,16,85.11
2018-03-29 17:00:00,2018,3,29,17,91.58
2018-03-29 18:00:00,2018,3,29,18,92.22
2018-03-29 19:00:00,2018,3,29,19,90.08
2018-03-29 20:00:00,2018,3,29,20,87.82
2018-03-29 21:00:00,2018,3,29,21,82.33
2018-03-29 22:00:00,2018,3,29,22,77.9
2018-03-29 23:00:00,2018,3,29,23,69.97
2018-03-30 00:00:00,2018,3,30,0,66.59
2018-03-30 01:00:00,2018,3,30,1,67.89
2018-03-30 02:00:00,2018,3,30,2,74.78
2018-03-30 03:00:00,2018,3,30,3,84.96
2018-03-30 04:00:00,2018,3,30,4,82.83
2018-03-30 05:00:00,2018,3,30,5,70.71
2018-03-30 06:00:00,2018,3,30,6,70.06
2018-03-30 07:00:00,2018,3,30,7,62.88
2018-03-30 08:00:00,2018,3,30,8,55.98
2018-03-30 09:00:00,2018,3,30,9,55.27
2018-03-30 10:00:00,2018,3,30,10,52.45
2018-03-30 11:00:00,2018,3,30,11,52.65
2018-03-30 12:00:00,2018,3,30,12,54.59
2018-03-30 13:00:00,2018,3,30,13,54.86
2018-03-30 14:00:00,2018,3,30,14,66.18
2018-03-30 15:00:00,2018,3,30,15,75.4
2018-03-30 16:00:00,2018,3,30,16,76.96
2018-03-30 17:00:00,2018,3,30,17,76.44
2018-03-30 18:00:00,2018,3,30,18,71.3
2018-03-30 19:00:00,2018,3,30,19,66.8
2018-03-30 20:00:00,2018,3,30,20,62.22
2018-03-30 21:00:00,2018,3,30,21,58.32
2018-03-30 22:00:00,2018,3,30,22,61.26
2018-03-30 23:00:00,2018,3,30,23,58.91
2018-03-31 00:00:00,2018,3,31,0,57.6
2018-03-31 01:00:00,2018,3,31,1,56.34
2018-03-31 02:00:00,2018,3,31,2,59.0
2018-03-31 03:00:00,2018,3,31,3,67.79
2018-03-31 04:00:00,2018,3,31,4,65.54
2018-03-31 05:00:00,2018,3,31,5,59.93
2018-03-31 06:00:00,2018,3,31,6,57.73
2018-03-31 07:00:00,2018,3,31,7,54.62
2018-03-31 08:00:00,2018,3,31,8,54.48
2018-03-31 09:00:00,2018,3,31,9,52.33
2018-03-31 10:00:00,2018,3,31,10,47.45
2018-03-31 11:00:00,2018,3,31,11,46.33
2018-03-31 12:00:00,2018,3,31,12,51.14
2018-03-31 13:00:00,2018,3,31,13,53.47
2018-03-31 14:00:00,2018,3,31,14,60.93
2018-03-31 15:00:00,2018,3,31,15,60.92
2018-03-31 16:00:00,2018,3,31,16,70.03
2018-03-31 17:00:00,2018,3,31,17,67.68
2018-03-31 18:00:00,2018,3,31,18,61.75
2018-03-31 19:00:00,2018,3,31,19,59.61
2018-03-31 20:00:00,2018,3,31,20,56.95
2018-03-31 21:00:00,2018,3,31,21,55.38
2018-03-31 22:00:00,2018,3,31,22,56.19
2018-03-31 23:00:00,2018,3,31,23,56.9
2018-04-01 00:00:00,2018,4,1,0,52.04
2018-04-01 01:00:00,2018,4,1,1,51.04
2018-04-01 02:00:00,2018,4,1,2,52.07
2018-04-01 03:00:00,2018,4,1,3,54.5
2018-04-01 04:00:00,2018,4,1,4,33.34
2018-04-02 08:00:00,2018,4,2,8,47.65
2018-04-02 09:00:00,2018,4,2,9,46.91
2018-04-02 11:00:00,2018,4,2,11,46.92
2018-04-02 12:00:00,2018,4,2,12,43.45
2018-04-02 13:00:00,2018,4,2,13,45.95
2018-04-02 14:00:00,2018,4,2,14,56.81
2018-04-02 15:00:00,2018,4,2,15,73.11
2018-04-02 16:00:00,2018,4,2,16,75.56
2018-04-02 17:00:00,2018,4,2,17,76.56
2018-04-02 18:00:00,2018,4,2,18,78.34
2018-04-02 19:00:00,2018,4,2,19,77.75
2018-04-02 20:00:00,2018,4,2,20,64.43
2018-04-02 21:00:00,2018,4,2,21,65.49
2018-04-02 22:00:00,2018,4,2,22,56.45
2018-04-02 23:00:00,2018,4,2,23,58.74
2018-04-03 00:00:00,2018,4,3,0,59.25
2018-04-03 01:00:00,2018,4,3,1,65.36
2018-04-03 02:00:00,2018,4,3,2,74.79
2018-04-03 03:00:00,2018,4,3,3,85.52
2018-04-03 04:00:00,2018,4,3,4,70.88
2018-04-03 05:00:00,2018,4,3,5,63.47
2018-04-03 06:00:00,2018,4,3,6,60.22
2018-04-03 07:00:00,2018,4,3,7,55.15
2018-04-03 08:00:00,2018,4,3,8,45.93
2018-04-03 09:00:00,2018,4,3,9,42.93
2018-04-03 10:00:00,2018,4,3,10,42.91
2018-04-03 11:00:00,2018,4,3,11,41.68
2018-04-03 12:00:00,2018,4,3,12,42.22
2018-04-03 13:00:00,2018,4,3,13,47.74
2018-04-03 14:00:00,2018,4,3,14,60.67
2018-04-03 15:00:00,2018,4,3,15,73.33
2018-04-03 16:00:00,2018,4,3,16,74.41
2018-04-03 17:00:00,2018,4,3,17,76.52
2018-04-03 19:00:00,2018,4,3,19,70.36
2018-04-03 20:00:00,2018,4,3,20,65.71
2018-04-03 21:00:00,2018,4,3,21,59.75
2018-04-03 22:00:00,2018,4,3,22,58.85
2018-04-03 23:00:00,2018,4,3,23,54.89
2018-04-04 00:00:00,2018,4,4,0,56.51
2018-04-04 01:00:00,2018,4,4,1,56.72
2018-04-04 02:00:00,2018,4,4,2,77.82
2018-04-04 03:00:00,2018,4,4,3,79.38
2018-04-04 04:00:00,2018,4,4,4,75.08
2018-04-04 05:00:00,2018,4,4,5,66.74
2018-04-04 06:00:00,2018,4,4,6,66.47
2018-04-04 07:00:00,2018,4,4,7,66.1
2018-04-04 08:00:00,2018,4,4,8,70.87
2018-04-04 09:00:00,2018,4,4,9,70.77
2018-04-04 10:00:00,2018,4,4,10,69.89
2018-04-04 11:00:00,2018,4,4,11,67.42
2018-04-04 12:00:00,2018,4,4,12,72.72
2018-04-04 13:00:00,2018,4,4,13,73.03
2018-04-04 14:00:00,2018,4,4,14,73.03
2018-04-04 15:00:00,2018,4,4,15,82.74
2018-04-04 16:00:00,2018,4,4,16,82.42
2018-04-04 17:00:00,2018,4,4,17,84.08
2018-04-04 18:00:00,2018,4,4,18,89.03
2018-04-04 19:00:00,2018,4,4,19,74.0
2018-04-04 20:00:00,2018,4,4,20,67.84
2018-04-04 21:00:00,2018,4,4,21,64.7
2018-04-04 22:00:00,2018,4,4,22,61.45
2018-04-04 23:00:00,2018,4,4,23,67.01
2018-04-05 00:00:00,2018,4,5,0,61.02
2018-04-05 01:00:00,2018,4,5,1,63.13
2018-04-05 02:00:00,2018,4,5,2,67.58
2018-04-05 03:00:00,2018,4,5,3,66.22
2018-04-05 04:00:00,2018,4,5,4,63.87
2018-04-05 05:00:00,2018,4,5,5,65.41
2018-04-05 06:00:00,2018,4,5,6,62.98
2018-04-05 07:00:00,2018,4,5,7,64.24
2018-04-05 08:00:00,2018,4,5,8,60.51
2018-04-05 09:00:00,2018,4,5,9,65.46
2018-04-05 10:00:00,2018,4,5,10,53.22
2018-04-05 11:00:00,2018,4,5,11,52.83
2018-04-05 12:00:00,2018,4,5,12,54.22
2018-04-05 13:00:00,2018,4,5,13,60.07
2018-04-05 14:00:00,2018,4,5,14,61.38
2018-04-05 15:00:00,2018,4,5,15,72.75
2018-04-05 16:00:00,2018,4,5,16,72.25
2018-04-05 17:00:00,2018,4,5,17,68.18
2018-04-05 18:00:00,2018,4,5,18,67.1
2018-04-05 19:00:00,2018,4,5,19,64.02
2018-04-05 20:00:00,2018,4,5,20,58.39
2018-04-05 21:00:00,2018,4,5,21,54.21
2018-04-05 22:00:00,2018,4,5,22,52.91
2018-04-05 23:00:00,2018,4,5,23,55.14
2018-04-06 00:00:00,2018,4,6,0,53.3
2018-04-06 01:00:00,2018,4,6,1,54.84
2018-04-06 02:00:00,2018,4,6,2,58.26
2018-04-06 03:00:00,2018,4,6,3,65.52
2018-04-06 04:00:00,2018,4,6,4,65.99
2018-04-06 05:00:00,2018,4,6,5,63.99
2018-04-06 06:00:00,2018,4,6,6,62.58
2018-04-06 07:00:00,2018,4,6,7,60.68
2018-04-06 08:00:00,2018,4,6,8,60.63
2018-04-06 09:00:00,2018,4,6,9,54.54
2018-04-06 10:00:00,2018,4,6,10,53.91
2018-04-06 11:00:00,2018,4,6,11,51.18
2018-04-06 12:00:00,2018,4,6,12,51.7
2018-04-06 13:00:00,2018,4,6,13,51.9
2018-04-06 14:00:00,2018,4,6,14,63.58
2018-04-06 15:00:00,2018,4,6,15,66.79
2018-04-06 16:00:00,2018,4,6,16,67.61
2018-04-06 17:00:00,2018,4,6,17,61.99
2018-04-06 18:00:00,2018,4,6,18,56.88
2018-04-06 19:00:00,2018,4,6,19,55.97
2018-04-06 20:00:00,2018,4,6,20,53.72
2018-04-06 21:00:00,2018,4,6,21,49.92
2018-04-06 22:00:00,2018,4,6,22,46.46
2018-04-06 23:00:00,2018,4,6,23,48.08
2018-04-07 00:00:00,2018,4,7,0,47.26
2018-04-07 01:00:00,2018,4,7,1,48.58
2018-04-07 02:00:00,2018,4,7,2,55.22
2018-04-07 03:00:00,2018,4,7,3,54.33
2018-04-07 04:00:00,2018,4,7,4,55.44
2018-04-07 05:00:00,2018,4,7,5,54.33
2018-04-07 06:00:00,2018,4,7,6,55.73
2018-04-07 07:00:00,2018,4,7,7,55.63
2018-04-07 08:00:00,2018,4,7,8,53.93
2018-04-07 09:00:00,2018,4,7,9,48.45
2018-04-07 10:00:00,2018,4,7,10,46.92
2018-04-07 11:00:00,2018,4,7,11,45.04
2018-04-07 12:00:00,2018,4,7,12,45.06
2018-04-07 13:00:00,2018,4,7,13,47.77
2018-04-07 14:00:00,2018,4,7,14,53.8
2018-04-07 15:00:00,2018,4,7,15,59.98
2018-04-07 16:00:00,2018,4,7,16,59.56
2018-04-07 17:00:00,2018,4,7,17,60.48
2018-04-07 18:00:00,2018,4,7,18,57.8
2018-04-07 19:00:00,2018,4,7,19,57.85
2018-04-07 20:00:00,2018,4,7,20,54.41
2018-04-07 21:00:00,2018,4,7,21,52.12
2018-04-07 22:00:00,2018,4,7,22,46.28
2018-04-07 23:00:00,2018,4,7,23,44.77
2018-04-08 00:00:00,2018,4,8,0,44.64
2018-04-08 01:00:00,2018,4,8,1,43.57
2018-04-08 02:00:00,2018,4,8,2,44.47
2018-04-08 03:00:00,2018,4,8,3,53.04
2018-04-08 04:00:00,2018,4,8,4,54.31
2018-04-08 05:00:00,2018,4,8,5,47.26
2018-04-08 06:00:00,2018,4,8,6,45.52
2018-04-08 07:00:00,2018,4,8,7,44.24
2018-04-08 08:00:00,2018,4,8,8,42.93
2018-04-08 09:00:00,2018,4,8,9,43.43
2018-04-08 10:00:00,2018,4,8,10,43.22
2018-04-08 11:00:00,2018,4,8,11,43.58
2018-04-08 12:00:00,2018,4,8,12,41.06
2018-04-08 13:00:00,2018,4,8,13,42.45
2018-04-08 14:00:00,2018,4,8,14,49.71
2018-04-08 15:00:00,2018,4,8,15,60.26
2018-04-08 16:00:00,2018,4,8,16,61.5
2018-04-08 19:00:00,2018,4,8,19,56.11
2018-04-08 20:00:00,2018,4,8,20,54.85
2018-04-08 21:00:00,2018,4,8,21,51.79
2018-04-08 22:00:00,2018,4,8,22,44.58
2018-04-08 23:00:00,2018,4,8,23,46.52
2018-04-09 00:00:00,2018,4,9,0,47.62
2018-04-09 01:00:00,2018,4,9,1,47.1
2018-04-09 02:00:00,2018,4,9,2,45.76
2018-04-09 03:00:00,2018,4,9,3,46.54
2018-04-09 05:00:00,2018,4,9,5,58.68
2018-04-09 06:00:00,2018,4,9,6,47.82
2018-04-09 07:00:00,2018,4,9,7,46.03
2018-04-09 08:00:00,2018,4,9,8,45.87
2018-04-09 09:00:00,2018,4,9,9,43.8
2018-04-09 10:00:00,2018,4,9,10,43.56
2018-04-09 11:00:00,2018,4,9,11,42.28
2018-04-09 12:00:00,2018,4,9,12,48.93
2018-04-09 13:00:00,2018,4,9,13,50.24
2018-04-09 14:00:00,2018,4,9,14,58.69
2018-04-09 15:00:00,2018,4,9,15,64.62
2018-04-09 16:00:00,2018,4,9,16,66.24
2018-04-09 17:00:00,2018,4,9,17,63.64
2018-04-09 18:00:00,2018,4,9,18,63.14
2018-04-09 19:00:00,2018,4,9,19,62.35
2018-04-09 20:00:00,2018,4,9,20,57.64
2018-04-09 21:00:00,2018,4,9,21,52.68
2018-04-09 22:00:00,2018,4,9,22,57.46
2018-04-09 23:00:00,2018,4,9,23,61.74
2018-04-10 00:00:00,2018,4,10,0,55.61
2018-04-10 01:00:00,2018,4,10,1,59.76
2018-04-10 02:00:00,2018,4,10,2,67.11
2018-04-10 03:00:00,2018,4,10,3,71.05
2018-04-10 04:00:00,2018,4,10,4,61.11
2018-04-10 05:00:00,2018,4,10,5,57.57
2018-04-10 06:00:00,2018,4,10,6,48.82
2018-04-10 07:00:00,2018,4,10,7,48.79
2018-04-10 08:00:00,2018,4,10,8,46.13
2018-04-10 09:00:00,2018,4,10,9,46.35
2018-04-10 10:00:00,2018,4,10,10,45.64
2018-04-10 11:00:00,2018,4,10,11,44.18
2018-04-10 12:00:00,2018,4,10,12,48.78
2018-04-10 13:00:00,2018,4,10,13,46.57
2018-04-10 14:00:00,2018,4,10,14,47.7
2018-04-10 15:00:00,2018,4,10,15,54.14
2018-04-11 02:00:00,2018,4,11,2,55.25
2018-04-11 03:00:00,2018,4,11,3,55.8
2018-04-11 04:00:00,2018,4,11,4,54.86
2018-04-11 05:00:00,2018,4,11,5,55.68
2018-04-11 06:00:00,2018,4,11,6,55.12
2018-04-11 07:00:00,2018,4,11,7,49.92
2018-04-11 08:00:00,2018,4,11,8,47.59
2018-04-11 09:00:00,2018,4,11,9,48.45
2018-04-11 10:00:00,2018,4,11,10,48.7
2018-04-11 11:00:00,2018,4,11,11,47.0
2018-04-11 12:00:00,2018,4,11,12,44.66
2018-04-11 13:00:00,2018,4,11,13,42.94
2018-04-11 14:00:00,2018,4,11,14,53.53
2018-04-11 15:00:00,2018,4,11,15,50.01
2018-04-11 16:00:00,2018,4,11,16,49.74
2018-04-11 17:00:00,2018,4,11,17,48.52
2018-04-11 18:00:00,2018,4,11,18,48.45
2018-04-11 19:00:00,2018,4,11,19,46.44
2018-04-11 20:00:00,2018,4,11,20,41.1
2018-04-11 21:00:00,2018,4,11,21,39.7
2018-04-11 22:00:00,2018,4,11,22,42.13
2018-04-11 23:00:00,2018,4,11,23,37.06
2018-04-12 00:00:00,2018,4,12,0,35.39
2018-04-12 01:00:00,2018,4,12,1,39.56
2018-04-12 02:00:00,2018,4,12,2,45.42
2018-04-12 03:00:00,2018,4,12,3,50.32
2018-04-12 04:00:00,2018,4,12,4,52.24
2018-04-12 05:00:00,2018,4,12,5,49.85
2018-04-12 06:00:00,2018,4,12,6,47.93
2018-04-12 07:00:00,2018,4,12,7,43.95
2018-04-12 08:00:00,2018,4,12,8,38.05
2018-04-12 09:00:00,2018,4,12,9,39.14
2018-04-12 10:00:00,2018,4,12,10,38.81
2018-04-12 11:00:00,2018,4,12,11,40.6
2018-04-12 12:00:00,2018,4,12,12,38.91
2018-04-12 14:00:00,2018,4,12,14,41.99
2018-04-12 15:00:00,2018,4,12,15,51.83
2018-04-12 16:00:00,2018,4,12,16,57.63
2018-04-12 17:00:00,2018,4,12,17,53.44
2018-04-12 18:00:00,2018,4,12,18,48.94
2018-04-12 19:00:00,2018,4,12,19,47.65
2018-04-12 20:00:00,2018,4,12,20,45.48
2018-04-12 21:00:00,2018,4,12,21,39.71
2018-04-12 22:00:00,2018,4,12,22,36.51
2018-04-12 23:00:00,2018,4,12,23,38.58
2018-04-13 00:00:00,2018,4,13,0,36.81
2018-04-13 01:00:00,2018,4,13,1,43.16
2018-04-13 02:00:00,2018,4,13,2,47.73
2018-04-13 03:00:00,2018,4,13,3,55.23
2018-04-13 04:00:00,2018,4,13,4,53.7
2018-04-13 05:00:00,2018,4,13,5,53.62
2018-04-13 06:00:00,2018,4,13,6,41.46
2018-04-13 07:00:00,2018,4,13,7,39.92
2018-04-13 08:00:00,2018,4,13,8,45.03
2018-04-13 09:00:00,2018,4,13,9,37.12
2018-04-13 10:00:00,2018,4,13,10,37.19
2018-04-13 11:00:00,2018,4,13,11,40.0
2018-04-13 12:00:00,2018,4,13,12,42.45
2018-04-13 13:00:00,2018,4,13,13,46.83
2018-04-13 14:00:00,2018,4,13,14,50.27
2018-04-13 15:00:00,2018,4,13,15,56.81
2018-04-13 16:00:00,2018,4,13,16,62.8
2018-04-13 17:00:00,2018,4,13,17,63.21
2018-04-13 18:00:00,2018,4,13,18,63.01
2018-04-13 19:00:00,2018,4,13,19,55.06
2018-04-13 20:00:00,2018,4,13,20,51.35
2018-04-13 21:00:00,2018,4,13,21,53.05
2018-04-13 22:00:00,2018,4,13,22,50.52
2018-04-13 23:00:00,2018,4,13,23,47.11
2018-04-14 00:00:00,2018,4,14,0,47.11
2018-04-14 01:00:00,2018,4,14,1,49.6
2018-04-14 02:00:00,2018,4,14,2,57.93
2018-04-14 03:00:00,2018,4,14,3,71.23
2018-04-14 04:00:00,2018,4,14,4,66.67
2018-04-14 05:00:00,2018,4,14,5,58.05
2018-04-14 06:00:00,2018,4,14,6,51.12
2018-04-14 07:00:00,2018,4,14,7,45.63
2018-04-14 08:00:00,2018,4,14,8,42.93
2018-04-14 09:00:00,2018,4,14,9,40.67
2018-04-14 10:00:00,2018,4,14,10,42.32
2018-04-14 11:00:00,2018,4,14,11,39.96
2018-04-14 13:00:00,2018,4,14,13,47.67
2018-04-14 14:00:00,2018,4,14,14,48.03
2018-04-14 15:00:00,2018,4,14,15,57.15
2018-04-14 16:00:00,2018,4,14,16,62.17
2018-04-14 17:00:00,2018,4,14,17,68.6
2018-04-14 18:00:00,2018,4,14,18,63.77
2018-04-14 19:00:00,2018,4,14,19,60.24
2018-04-14 20:00:00,2018,4,14,20,57.06
2018-04-14 21:00:00,2018,4,14,21,56.41
2018-04-14 22:00:00,2018,4,14,22,53.05
2018-04-14 23:00:00,2018,4,14,23,51.45
2018-04-15 00:00:00,2018,4,15,0,52.48
2018-04-15 02:00:00,2018,4,15,2,53.14
2018-04-15 03:00:00,2018,4,15,3,61.12
2018-04-15 04:00:00,2018,4,15,4,59.77
2018-04-15 05:00:00,2018,4,15,5,56.54
2018-04-15 06:00:00,2018,4,15,6,54.99
2018-04-15 07:00:00,2018,4,15,7,48.55
2018-04-15 08:00:00,2018,4,15,8,45.39
2018-04-15 09:00:00,2018,4,15,9,43.97
2018-04-15 10:00:00,2018,4,15,10,38.9
2018-04-15 11:00:00,2018,4,15,11,38.0
2018-04-15 12:00:00,2018,4,15,12,38.57
2018-04-15 13:00:00,2018,4,15,13,43.54
2018-04-15 14:00:00,2018,4,15,14,49.73
2018-04-15 15:00:00,2018,4,15,15,57.91
2018-04-15 16:00:00,2018,4,15,16,59.98
2018-04-15 17:00:00,2018,4,15,17,61.08
2018-04-15 18:00:00,2018,4,15,18,61.33
2018-04-15 19:00:00,2018,4,15,19,63.21
2018-04-15 20:00:00,2018,4,15,20,61.91
2018-04-15 21:00:00,2018,4,15,21,54.36
2018-04-15 22:00:00,2018,4,15,22,49.61
2018-04-15 23:00:00,2018,4,15,23,54.58
2018-04-16 00:00:00,2018,4,16,0,52.83
2018-04-16 01:00:00,2018,4,16,1,52.75
2018-04-16 02:00:00,2018,4,16,2,65.47
2018-04-16 03:00:00,2018,4,16,3,74.25
2018-04-16 04:00:00,2018,4,16,4,68.67
2018-04-16 05:00:00,2018,4,16,5,64.23
2018-04-16 06:00:00,2018,4,16,6,55.76
2018-04-16 07:00:00,2018,4,16,7,52.24
2018-04-16 08:00:00,2018,4,16,8,48.62
2018-04-16 10:00:00,2018,4,16,10,41.54
2018-04-16 11:00:00,2018,4,16,11,43.77
2018-04-16 12:00:00,2018,4,16,12,45.68
2018-04-16 13:00:00,2018,4,16,13,48.19
2018-04-16 14:00:00,2018,4,16,14,58.76
2018-04-16 15:00:00,2018,4,16,15,67.6
2018-04-16 16:00:00,2018,4,16,16,62.8
2018-04-16 17:00:00,2018,4,16,17,67.56
2018-04-16 18:00:00,2018,4,16,18,72.3
2018-04-16 19:00:00,2018,4,16,19,63.63
2018-04-16 20:00:00,2018,4,16,20,56.21
2018-04-16 21:00:00,2018,4,16,21,54.54
2018-04-16 22:00:00,2018,4,16,22,54.25
2018-04-16 23:00:00,2018,4,16,23,51.86
2018-04-17 00:00:00,2018,4,17,0,50.41
2018-04-17 01:00:00,2018,4,17,1,51.57
2018-04-17 02:00:00,2018,4,17,2,63.8
2018-04-17 03:00:00,2018,4,17,3,60.56
2018-04-17 04:00:00,2018,4,17,4,63.8
2018-04-17 05:00:00,2018,4,17,5,59.42
2018-04-17 06:00:00,2018,4,17,6,54.77
2018-04-17 07:00:00,2018,4,17,7,54.44
2018-04-17 08:00:00,2018,4,17,8,47.7
2018-04-17 09:00:00,2018,4,17,9,43.48
2018-04-17 10:00:00,2018,4,17,10,46.67
2018-04-17 11:00:00,2018,4,17,11,49.07
2018-04-17 12:00:00,2018,4,17,12,49.08
2018-04-17 13:00:00,2018,4,17,13,45.96
2018-04-17 14:00:00,2018,4,17,14,49.09
2018-04-17 15:00:00,2018,4,17,15,55.88
2018-04-17 16:00:00,2018,4,17,16,54.74
2018-04-17 17:00:00,2018,4,17,17,55.36
2018-04-17 18:00:00,2018,4,17,18,54.46
2018-04-17 19:00:00,2018,4,17,19,49.96
2018-04-17 20:00:00,2018,4,17,20,49.03
2018-04-17 21:00:00,2018,4,17,21,46.61
2018-04-17 22:00:00,2018,4,17,22,42.0
2018-04-17 23:00:00,2018,4,17,23,47.04
2018-04-18 00:00:00,2018,4,18,0,49.05
2018-04-18 01:00:00,2018,4,18,1,52.46
2018-04-18 02:00:00,2018,4,18,2,57.5
2018-04-18 03:00:00,2018,4,18,3,54.85
2018-04-18 04:00:00,2018,4,18,4,60.37
2018-04-18 05:00:00,2018,4,18,5,60.42
2018-04-18 06:00:00,2018,4,18,6,48.66
2018-04-18 07:00:00,2018,4,18,7,48.58
2018-04-18 08:00:00,2018,4,18,8,50.16
2018-04-18 09:00:00,2018,4,18,9,45.94
2018-04-18 10:00:00,2018,4,18,10,44.32
2018-04-18 11:00:00,2018,4,18,11,43.91
2018-04-18 12:00:00,2018,4,18,12,47.14
2018-04-18 13:00:00,2018,4,18,13,50.61
2018-04-18 14:00:00,2018,4,18,14,55.96
2018-04-18 15:00:00,2018,4,18,15,61.67
2018-04-18 16:00:00,2018,4,18,16,61.59
2018-04-18 17:00:00,2018,4,18,17,68.43
2018-04-18 18:00:00,2018,4,18,18,68.24
2018-04-18 19:00:00,2018,4,18,19,63.49
2018-04-18 20:00:00,2018,4,18,20,60.82
2018-04-18 21:00:00,2018,4,18,21,53.83
2018-04-18 22:00:00,2018,4,18,22,51.6
2018-04-18 23:00:00,2018,4,18,23,51.04
2018-04-19 00:00:00,2018,4,19,0,52.55
2018-04-19 01:00:00,2018,4,19,1,51.53
2018-04-19 02:00:00,2018,4,19,2,62.85
2018-04-19 03:00:00,2018,4,19,3,63.65
2018-04-19 04:00:00,2018,4,19,4,61.28
2018-04-19 05:00:00,2018,4,19,5,54.68
2018-04-19 06:00:00,2018,4,19,6,50.16
2018-04-19 07:00:00,2018,4,19,7,51.98
2018-04-19 08:00:00,2018,4,19,8,47.07
2018-04-19 09:00:00,2018,4,19,9,49.27
2018-04-19 10:00:00,2018,4,19,10,48.49
2018-04-19 11:00:00,2018,4,19,11,45.95
2018-04-19 12:00:00,2018,4,19,12,50.52
2018-04-19 13:00:00,2018,4,19,13,28.9
2018-04-19 14:00:00,2018,4,19,14,51.07
2018-04-19 15:00:00,2018,4,19,15,60.64
2018-04-19 16:00:00,2018,4,19,16,72.47
2018-04-19 17:00:00,2018,4,19,17,76.01
2018-04-19 18:00:00,2018,4,19,18,71.41
2018-04-19 19:00:00,2018,4,19,19,72.84
2018-04-19 20:00:00,2018,4,19,20,61.97
2018-04-19 21:00:00,2018,4,19,21,62.66
2018-04-19 22:00:00,2018,4,19,22,57.2
2018-04-19 23:00:00,2018,4,19,23,54.71
2018-04-20 00:00:00,2018,4,20,0,50.21
2018-04-20 01:00:00,2018,4,20,1,50.18
2018-04-20 02:00:00,2018,4,20,2,58.11
2018-04-20 03:00:00,2018,4,20,3,57.31
2018-04-20 04:00:00,2018,4,20,4,61.16
2018-04-20 05:00:00,2018,4,20,5,56.67
2018-04-20 06:00:00,2018,4,20,6,55.18
2018-04-20 07:00:00,2018,4,20,7,55.86
2018-04-20 08:00:00,2018,4,20,8,53.03
2018-04-20 09:00:00,2018,4,20,9,51.31
2018-04-20 10:00:00,2018,4,20,10,49.02
2018-04-20 11:00:00,2018,4,20,11,49.76
2018-04-20 12:00:00,2018,4,20,12,43.18
2018-04-20 13:00:00,2018,4,20,13,46.71
2018-04-20 14:00:00,2018,4,20,14,54.14
2018-04-20 15:00:00,2018,4,20,15,59.71
2018-04-20 16:00:00,2018,4,20,16,57.9
2018-04-20 17:00:00,2018,4,20,17,54.53
2018-04-20 18:00:00,2018,4,20,18,51.73
2018-04-20 19:00:00,2018,4,20,19,53.0
2018-04-20 20:00:00,2018,4,20,20,56.13
2018-04-20 21:00:00,2018,4,20,21,50.36
2018-04-20 22:00:00,2018,4,20,22,61.25
2018-04-20 23:00:00,2018,4,20,23,55.8
2018-04-21 00:00:00,2018,4,21,0,52.27
2018-04-21 01:00:00,2018,4,21,1,57.26
2018-04-21 02:00:00,2018,4,21,2,60.22
2018-04-21 03:00:00,2018,4,21,3,52.66
2018-04-21 04:00:00,2018,4,21,4,52.49
2018-04-21 05:00:00,2018,4,21,5,49.62
2018-04-21 06:00:00,2018,4,21,6,49.54
2018-04-21 07:00:00,2018,4,21,7,44.08
2018-04-21 08:00:00,2018,4,21,8,39.87
2018-04-21 09:00:00,2018,4,21,9,40.48
2018-04-21 10:00:00,2018,4,21,10,40.87
2018-04-21 11:00:00,2018,4,21,11,44.06
2018-04-21 12:00:00,2018,4,21,12,47.0
2018-04-21 13:00:00,2018,4,21,13,43.78
2018-04-21 14:00:00,2018,4,21,14,52.17
2018-04-21 15:00:00,2018,4,21,15,53.81
2018-04-21 16:00:00,2018,4,21,16,59.53
2018-04-21 17:00:00,2018,4,21,17,56.78
2018-04-21 18:00:00,2018,4,21,18,52.1
2018-04-21 19:00:00,2018,4,21,19,48.76
2018-04-21 20:00:00,2018,4,21,20,44.94
2018-04-21 21:00:00,2018,4,21,21,48.02
2018-04-21 22:00:00,2018,4,21,22,38.36
2018-04-21 23:00:00,2018,4,21,23,40.19
2018-04-22 00:00:00,2018,4,22,0,43.83
2018-04-22 01:00:00,2018,4,22,1,43.5
2018-04-22 02:00:00,2018,4,22,2,50.32
2018-04-22 03:00:00,2018,4,22,3,53.7
2018-04-22 04:00:00,2018,4,22,4,52.48
2018-04-22 05:00:00,2018,4,22,5,45.84
2018-04-22 06:00:00,2018,4,22,6,44.83
2018-04-22 07:00:00,2018,4,22,7,42.79
2018-04-22 08:00:00,2018,4,22,8,40.11
2018-04-22 09:00:00,2018,4,22,9,38.75
2018-04-22 10:00:00,2018,4,22,10,38.31
2018-04-22 11:00:00,2018,4,22,11,38.16
2018-04-22 12:00:00,2018,4,22,12,38.7
2018-04-22 14:00:00,2018,4,22,14,40.39
2018-04-22 15:00:00,2018,4,22,15,47.54
2018-04-22 16:00:00,2018,4,22,16,51.39
2018-04-22 17:00:00,2018,4,22,17,51.78
2018-04-22 18:00:00,2018,4,22,18,47.27
2018-04-22 19:00:00,2018,4,22,19,54.8
2018-04-22 20:00:00,2018,4,22,20,55.33
2018-04-22 21:00:00,2018,4,22,21,56.0
2018-04-22 22:00:00,2018,4,22,22,51.52
2018-04-22 23:00:00,2018,4,22,23,47.62
2018-04-23 00:00:00,2018,4,23,0,46.49
2018-04-23 01:00:00,2018,4,23,1,51.44
2018-04-23 02:00:00,2018,4,23,2,59.73
2018-04-23 03:00:00,2018,4,23,3,59.95
2018-04-23 04:00:00,2018,4,23,4,53.54
2018-04-23 05:00:00,2018,4,23,5,46.78
2018-04-23 06:00:00,2018,4,23,6,41.59
2018-04-23 07:00:00,2018,4,23,7,38.88
2018-04-23 08:00:00,2018,4,23,8,36.92
2018-04-23 09:00:00,2018,4,23,9,34.83
2018-04-23 11:00:00,2018,4,23,11,33.5
2018-04-23 12:00:00,2018,4,23,12,37.77
2018-04-23 14:00:00,2018,4,23,14,36.8
2018-04-23 15:00:00,2018,4,23,15,48.59
2018-04-23 16:00:00,2018,4,23,16,53.62
2018-04-23 17:00:00,2018,4,23,17,54.55
2018-04-23 18:00:00,2018,4,23,18,59.02
2018-04-23 20:00:00,2018,4,23,20,52.16
2018-04-23 21:00:00,2018,4,23,21,50.58
2018-04-23 22:00:00,2018,4,23,22,60.84
2018-04-23 23:00:00,2018,4,23,23,57.33
2018-04-24 00:00:00,2018,4,24,0,53.83
2018-04-24 01:00:00,2018,4,24,1,57.71
2018-04-24 02:00:00,2018,4,24,2,58.94
2018-04-24 03:00:00,2018,4,24,3,66.05
2018-04-24 04:00:00,2018,4,24,4,66.37
2018-04-24 05:00:00,2018,4,24,5,58.27
2018-04-24 06:00:00,2018,4,24,6,53.27
2018-04-24 07:00:00,2018,4,24,7,43.77
2018-04-24 08:00:00,2018,4,24,8,39.69
2018-04-24 09:00:00,2018,4,24,9,36.77
2018-04-24 10:00:00,2018,4,24,10,36.74
2018-04-24 11:00:00,2018,4,24,11,36.28
2018-04-24 13:00:00,2018,4,24,13,39.56
2018-04-24 17:00:00,2018,4,24,17,66.83
2018-04-24 18:00:00,2018,4,24,18,65.24
2018-04-24 19:00:00,2018,4,24,19,69.43
2018-04-24 20:00:00,2018,4,24,20,70.03
2018-04-24 21:00:00,2018,4,24,21,61.6
2018-04-24 22:00:00,2018,4,24,22,55.94
2018-04-24 23:00:00,2018,4,24,23,53.08
2018-04-25 00:00:00,2018,4,25,0,52.85
2018-04-25 01:00:00,2018,4,25,1,51.83
2018-04-25 02:00:00,2018,4,25,2,54.34
2018-04-25 03:00:00,2018,4,25,3,61.23
2018-04-25 04:00:00,2018,4,25,4,59.48
2018-04-25 05:00:00,2018,4,25,5,53.63
2018-04-25 06:00:00,2018,4,25,6,53.27
2018-04-25 08:00:00,2018,4,25,8,50.65
2018-04-25 09:00:00,2018,4,25,9,39.68
2018-04-25 10:00:00,2018,4,25,10,36.1
2018-04-25 11:00:00,2018,4,25,11,38.52
2018-04-25 12:00:00,2018,4,25,12,41.45
2018-04-25 14:00:00,2018,4,25,14,47.03
2018-04-25 15:00:00,2018,4,25,15,59.23
2018-04-25 16:00:00,2018,4,25,16,62.65
2018-04-25 17:00:00,2018,4,25,17,62.63
2018-04-25 18:00:00,2018,4,25,18,69.84
2018-04-25 19:00:00,2018,4,25,19,69.23
2018-04-25 20:00:00,2018,4,25,20,65.08
2018-04-25 21:00:00,2018,4,25,21,57.16
2018-04-25 22:00:00,2018,4,25,22,57.41
2018-04-25 23:00:00,2018,4,25,23,49.95
2018-04-26 00:00:00,2018,4,26,0,47.87
2018-04-26 01:00:00,2018,4,26,1,47.46
2018-04-26 02:00:00,2018,4,26,2,54.91
2018-04-26 03:00:00,2018,4,26,3,53.78
2018-04-26 04:00:00,2018,4,26,4,55.14
2018-04-26 05:00:00,2018,4,26,5,54.44
2018-04-26 06:00:00,2018,4,26,6,52.46
2018-04-26 07:00:00,2018,4,26,7,47.84
2018-04-26 08:00:00,2018,4,26,8,44.0
2018-04-26 09:00:00,2018,4,26,9,39.85
2018-04-26 10:00:00,2018,4,26,10,40.03
2018-04-26 11:00:00,2018,4,26,11,39.89
2018-04-26 12:00:00,2018,4,26,12,41.57
2018-04-26 13:00:00,2018,4,26,13,43.74
2018-04-26 14:00:00,2018,4,26,14,48.16
2018-04-26 16:00:00,2018,4,26,16,56.43
2018-04-26 17:00:00,2018,4,26,17,58.72
2018-04-26 18:00:00,2018,4,26,18,56.87
2018-04-26 19:00:00,2018,4,26,19,58.07
2018-04-26 20:00:00,2018,4,26,20,51.92
2018-04-26 22:00:00,2018,4,26,22,51.61
2018-04-26 23:00:00,2018,4,26,23,46.65
2018-04-27 00:00:00,2018,4,27,0,46.59
2018-04-27 02:00:00,2018,4,27,2,49.65
2018-04-27 03:00:00,2018,4,27,3,51.11
2018-04-27 05:00:00,2018,4,27,5,53.08
2018-04-27 06:00:00,2018,4,27,6,49.15
2018-04-27 07:00:00,2018,4,27,7,44.97
2018-04-27 11:00:00,2018,4,27,11,41.89
2018-04-27 12:00:00,2018,4,27,12,42.1
2018-04-27 13:00:00,2018,4,27,13,42.12
2018-04-27 17:00:00,2018,4,27,17,58.16
2018-04-27 18:00:00,2018,4,27,18,58.13
2018-04-27 19:00:00,2018,4,27,19,58.38
2018-04-27 20:00:00,2018,4,27,20,60.34
2018-04-27 22:00:00,2018,4,27,22,44.57
2018-04-27 23:00:00,2018,4,27,23,45.69
2018-04-28 00:00:00,2018,4,28,0,43.45
2018-04-28 01:00:00,2018,4,28,1,49.49
2018-04-28 02:00:00,2018,4,28,2,46.47
2018-04-28 03:00:00,2018,4,28,3,49.84
2018-04-28 04:00:00,2018,4,28,4,48.75
2018-04-28 05:00:00,2018,4,28,5,48.36
2018-04-28 06:00:00,2018,4,28,6,44.86
2018-04-28 07:00:00,2018,4,28,7,45.47
2018-04-28 08:00:00,2018,4,28,8,45.55
2018-04-28 09:00:00,2018,4,28,9,46.62
2018-04-28 10:00:00,2018,4,28,10,47.93
2018-04-28 11:00:00,2018,4,28,11,42.98
2018-04-28 12:00:00,2018,4,28,12,45.25
2018-04-28 13:00:00,2018,4,28,13,46.79
2018-04-28 14:00:00,2018,4,28,14,50.8
2018-04-28 15:00:00,2018,4,28,15,54.93
2018-04-28 16:00:00,2018,4,28,16,56.81
2018-04-28 17:00:00,2018,4,28,17,56.6
2018-04-28 18:00:00,2018,4,28,18,56.72
2018-04-28 19:00:00,2018,4,28,19,50.65
2018-04-28 20:00:00,2018,4,28,20,49.57
2018-04-28 21:00:00,2018,4,28,21,47.29
2018-04-28 22:00:00,2018,4,28,22,44.2
2018-04-28 23:00:00,2018,4,28,23,43.87
2018-04-29 00:00:00,2018,4,29,0,42.3
2018-04-29 01:00:00,2018,4,29,1,44.48
2018-04-29 02:00:00,2018,4,29,2,46.93
2018-04-29 03:00:00,2018,4,29,3,52.1
2018-04-29 04:00:00,2018,4,29,4,52.65
2018-04-29 05:00:00,2018,4,29,5,50.37
2018-04-29 06:00:00,2018,4,29,6,49.45
2018-04-29 07:00:00,2018,4,29,7,46.7
2018-04-29 08:00:00,2018,4,29,8,43.62
2018-04-29 09:00:00,2018,4,29,9,42.56
2018-04-29 10:00:00,2018,4,29,10,39.4
2018-04-29 11:00:00,2018,4,29,11,40.91
2018-04-29 12:00:00,2018,4,29,12,42.06
2018-04-29 13:00:00,2018,4,29,13,41.19
2018-04-29 14:00:00,2018,4,29,14,46.64
2018-04-29 15:00:00,2018,4,29,15,47.4
2018-04-29 16:00:00,2018,4,29,16,52.08
2018-04-29 17:00:00,2018,4,29,17,49.34
2018-04-29 18:00:00,2018,4,29,18,48.64
2018-04-29 19:00:00,2018,4,29,19,47.94
2018-05-01 00:00:00,2018,5,1,0,39.29
2018-05-01 01:00:00,2018,5,1,1,40.01
2018-05-01 02:00:00,2018,5,1,2,44.02
2018-05-01 03:00:00,2018,5,1,3,42.06
2018-05-01 04:00:00,2018,5,1,4,43.45
2018-05-01 05:00:00,2018,5,1,5,43.37
2018-05-01 06:00:00,2018,5,1,6,44.87
2018-05-01 07:00:00,2018,5,1,7,41.89
2018-05-01 08:00:00,2018,5,1,8,40.05
2018-05-01 09:00:00,2018,5,1,9,39.02
2018-05-01 10:00:00,2018,5,1,10,38.72
2018-05-01 11:00:00,2018,5,1,11,36.13
2018-05-01 12:00:00,2018,5,1,12,37.43
2018-05-01 13:00:00,2018,5,1,13,35.79
2018-05-01 14:00:00,2018,5,1,14,42.16
2018-05-01 15:00:00,2018,5,1,15,43.16
2018-05-01 16:00:00,2018,5,1,16,43.21
2018-05-01 17:00:00,2018,5,1,17,43.68
2018-05-01 18:00:00,2018,5,1,18,45.17
2018-05-01 19:00:00,2018,5,1,19,45.11
2018-05-01 20:00:00,2018,5,1,20,44.8
2018-05-01 21:00:00,2018,5,1,21,40.87
2018-05-01 22:00:00,2018,5,1,22,39.33
2018-05-01 23:00:00,2018,5,1,23,38.18
2018-05-02 00:00:00,2018,5,2,0,37.68
2018-05-02 01:00:00,2018,5,2,1,41.3
2018-05-02 02:00:00,2018,5,2,2,42.81
2018-05-02 03:00:00,2018,5,2,3,42.4
2018-05-02 04:00:00,2018,5,2,4,43.25
2018-05-02 05:00:00,2018,5,2,5,39.88
2018-05-02 07:00:00,2018,5,2,7,36.55
2018-05-02 08:00:00,2018,5,2,8,36.37
2018-05-02 09:00:00,2018,5,2,9,33.98
2018-05-02 10:00:00,2018,5,2,10,34.33
2018-05-02 11:00:00,2018,5,2,11,35.11
2018-05-02 12:00:00,2018,5,2,12,38.6
2018-05-02 13:00:00,2018,5,2,13,37.64
2018-05-02 14:00:00,2018,5,2,14,44.43
2018-05-02 15:00:00,2018,5,2,15,41.4
2018-05-02 16:00:00,2018,5,2,16,41.43
2018-05-02 17:00:00,2018,5,2,17,39.76
2018-05-02 18:00:00,2018,5,2,18,39.64
2018-05-02 19:00:00,2018,5,2,19,39.75
2018-05-02 20:00:00,2018,5,2,20,33.06
2018-05-02 21:00:00,2018,5,2,21,31.52
2018-05-02 22:00:00,2018,5,2,22,27.44
2018-05-02 23:00:00,2018,5,2,23,32.5
2018-05-03 00:00:00,2018,5,3,0,33.41
2018-05-03 01:00:00,2018,5,3,1,33.48
2018-05-03 02:00:00,2018,5,3,2,36.45
2018-05-03 03:00:00,2018,5,3,3,38.46
2018-05-03 04:00:00,2018,5,3,4,34.82
2018-05-03 05:00:00,2018,5,3,5,35.09
2018-05-03 06:00:00,2018,5,3,6,33.66
2018-05-03 07:00:00,2018,5,3,7,34.12
2018-05-03 08:00:00,2018,5,3,8,31.38
2018-05-03 09:00:00,2018,5,3,9,32.07
2018-05-03 10:00:00,2018,5,3,10,31.27
2018-05-03 11:00:00,2018,5,3,11,31.32
2018-05-03 12:00:00,2018,5,3,12,31.58
2018-05-03 13:00:00,2018,5,3,13,34.04
2018-05-03 14:00:00,2018,5,3,14,35.16
2018-05-03 15:00:00,2018,5,3,15,40.43
2018-05-03 16:00:00,2018,5,3,16,42.75
2018-05-03 17:00:00,2018,5,3,17,42.22
2018-05-03 18:00:00,2018,5,3,18,40.99
2018-05-03 19:00:00,2018,5,3,19,38.38
2018-05-03 20:00:00,2018,5,3,20,38.57
2018-05-03 21:00:00,2018,5,3,21,34.79
2018-05-03 22:00:00,2018,5,3,22,32.7
2018-05-03 23:00:00,2018,5,3,23,32.09
2018-05-04 00:00:00,2018,5,4,0,33.64
2018-05-04 01:00:00,2018,5,4,1,34.85
2018-05-04 02:00:00,2018,5,4,2,39.04
2018-05-04 03:00:00,2018,5,4,3,40.07
2018-05-04 04:00:00,2018,5,4,4,42.94
2018-05-04 05:00:00,2018,5,4,5,41.34
2018-05-04 06:00:00,2018,5,4,6,37.23
2018-05-04 07:00:00,2018,5,4,7,32.28
2018-05-04 08:00:00,2018,5,4,8,31.83
2018-05-04 09:00:00,2018,5,4,9,32.31
2018-05-04 10:00:00,2018,5,4,10,34.78
2018-05-04 11:00:00,2018,5,4,11,31.92
2018-05-04 12:00:00,2018,5,4,12,32.17
2018-05-04 13:00:00,2018,5,4,13,31.95
2018-05-04 14:00:00,2018,5,4,14,40.23
2018-05-04 15:00:00,2018,5,4,15,45.61
2018-05-04 18:00:00,2018,5,4,18,50.13
2018-05-04 19:00:00,2018,5,4,19,44.68
2018-05-04 20:00:00,2018,5,4,20,43.75
2018-05-04 21:00:00,2018,5,4,21,44.41
2018-05-04 22:00:00,2018,5,4,22,46.34
2018-05-04 23:00:00,2018,5,4,23,38.55
2018-05-05 00:00:00,2018,5,5,0,39.47
2018-05-05 01:00:00,2018,5,5,1,43.35
2018-05-05 02:00:00,2018,5,5,2,47.03
2018-05-05 03:00:00,2018,5,5,3,48.88
2018-05-05 04:00:00,2018,5,5,4,46.08
2018-05-05 05:00:00,2018,5,5,5,44.4
2018-05-05 06:00:00,2018,5,5,6,44.64
2018-05-05 07:00:00,2018,5,5,7,40.6
2018-05-05 08:00:00,2018,5,5,8,37.98
2018-05-05 09:00:00,2018,5,5,9,39.22
2018-05-05 10:00:00,2018,5,5,10,40.21
2018-05-05 11:00:00,2018,5,5,11,40.01
2018-05-05 12:00:00,2018,5,5,12,39.47
2018-05-05 13:00:00,2018,5,5,13,38.8
2018-05-05 14:00:00,2018,5,5,14,44.33
2018-05-05 15:00:00,2018,5,5,15,51.18
2018-05-05 16:00:00,2018,5,5,16,52.9
2018-05-05 17:00:00,2018,5,5,17,56.85
2018-05-05 18:00:00,2018,5,5,18,54.71
2018-05-05 19:00:00,2018,5,5,19,54.15
2018-05-05 20:00:00,2018,5,5,20,52.61
2018-05-05 21:00:00,2018,5,5,21,48.78
2018-05-05 22:00:00,2018,5,5,22,56.8
2018-05-05 23:00:00,2018,5,5,23,51.94
2018-05-06 00:00:00,2018,5,6,0,46.19
2018-05-06 01:00:00,2018,5,6,1,46.16
2018-05-06 02:00:00,2018,5,6,2,49.93
2018-05-06 03:00:00,2018,5,6,3,52.39
2018-05-06 04:00:00,2018,5,6,4,50.77
2018-05-06 05:00:00,2018,5,6,5,47.6
2018-05-06 06:00:00,2018,5,6,6,43.65
2018-05-06 07:00:00,2018,5,6,7,40.94
2018-05-06 08:00:00,2018,5,6,8,40.21
2018-05-06 09:00:00,2018,5,6,9,38.4
2018-05-06 10:00:00,2018,5,6,10,41.12
2018-05-06 11:00:00,2018,5,6,11,37.74
2018-05-06 12:00:00,2018,5,6,12,39.54
2018-05-06 13:00:00,2018,5,6,13,37.47
2018-05-06 14:00:00,2018,5,6,14,42.76
2018-05-06 15:00:00,2018,5,6,15,44.23
2018-05-06 16:00:00,2018,5,6,16,45.42
2018-05-06 17:00:00,2018,5,6,17,48.76
2018-05-06 18:00:00,2018,5,6,18,49.22
2018-05-06 19:00:00,2018,5,6,19,44.49
2018-05-06 20:00:00,2018,5,6,20,43.31
2018-05-06 21:00:00,2018,5,6,21,42.58
2018-05-06 22:00:00,2018,5,6,22,38.0
2018-05-06 23:00:00,2018,5,6,23,39.55
2018-05-07 00:00:00,2018,5,7,0,41.83
2018-05-07 01:00:00,2018,5,7,1,41.36
2018-05-07 02:00:00,2018,5,7,2,49.51
2018-05-07 03:00:00,2018,5,7,3,51.13
2018-05-07 04:00:00,2018,5,7,4,45.18
2018-05-07 05:00:00,2018,5,7,5,43.04
2018-05-07 06:00:00,2018,5,7,6,43.12
2018-05-07 07:00:00,2018,5,7,7,42.84
2018-05-07 08:00:00,2018,5,7,8,41.94
2018-05-07 09:00:00,2018,5,7,9,41.87
2018-05-07 10:00:00,2018,5,7,10,41.73
2018-05-07 11:00:00,2018,5,7,11,39.49
2018-05-07 12:00:00,2018,5,7,12,38.85
2018-05-07 13:00:00,2018,5,7,13,41.16
2018-05-07 14:00:00,2018,5,7,14,45.11
2018-05-07 15:00:00,2018,5,7,15,49.19
2018-05-07 16:00:00,2018,5,7,16,55.12
2018-05-07 17:00:00,2018,5,7,17,55.59
2018-05-07 18:00:00,2018,5,7,18,57.42
2018-05-07 19:00:00,2018,5,7,19,59.38
2018-05-07 20:00:00,2018,5,7,20,53.27
2018-05-07 21:00:00,2018,5,7,21,52.79
2018-05-07 22:00:00,2018,5,7,22,55.84
2018-05-07 23:00:00,2018,5,7,23,46.09
2018-05-08 00:00:00,2018,5,8,0,39.45
2018-05-08 01:00:00,2018,5,8,1,44.09
2018-05-08 02:00:00,2018,5,8,2,49.24
2018-05-08 03:00:00,2018,5,8,3,47.14
2018-05-08 04:00:00,2018,5,8,4,46.09
2018-05-08 05:00:00,2018,5,8,5,43.84
2018-05-08 06:00:00,2018,5,8,6,45.19
2018-05-08 08:00:00,2018,5,8,8,42.01
2018-05-08 09:00:00,2018,5,8,9,36.54
2018-05-08 10:00:00,2018,5,8,10,37.11
2018-05-08 11:00:00,2018,5,8,11,35.2
2018-05-08 12:00:00,2018,5,8,12,35.62
2018-05-08 13:00:00,2018,5,8,13,44.73
2018-05-08 14:00:00,2018,5,8,14,47.32
2018-05-08 15:00:00,2018,5,8,15,50.93
2018-05-08 16:00:00,2018,5,8,16,50.04
2018-05-08 17:00:00,2018,5,8,17,51.06
2018-05-08 18:00:00,2018,5,8,18,52.11
2018-05-08 19:00:00,2018,5,8,19,48.19
2018-05-08 20:00:00,2018,5,8,20,47.79
2018-05-08 21:00:00,2018,5,8,21,43.93
2018-05-08 22:00:00,2018,5,8,22,40.4
2018-05-08 23:00:00,2018,5,8,23,42.43
2018-05-09 00:00:00,2018,5,9,0,42.44
2018-05-09 01:00:00,2018,5,9,1,39.91
2018-05-09 02:00:00,2018,5,9,2,43.06
2018-05-09 03:00:00,2018,5,9,3,48.93
2018-05-09 04:00:00,2018,5,9,4,47.38
2018-05-09 05:00:00,2018,5,9,5,47.52
2018-05-09 06:00:00,2018,5,9,6,45.29
2018-05-09 07:00:00,2018,5,9,7,45.76
2018-05-09 08:00:00,2018,5,9,8,41.89
2018-05-09 09:00:00,2018,5,9,9,41.35
2018-05-09 10:00:00,2018,5,9,10,43.84
2018-05-09 11:00:00,2018,5,9,11,40.86
2018-05-09 12:00:00,2018,5,9,12,43.27
2018-05-09 13:00:00,2018,5,9,13,44.92
2018-05-09 14:00:00,2018,5,9,14,44.53
2018-05-09 15:00:00,2018,5,9,15,49.3
2018-05-09 16:00:00,2018,5,9,16,58.19
2018-05-09 17:00:00,2018,5,9,17,57.29
2018-05-09 18:00:00,2018,5,9,18,54.56
2018-05-09 19:00:00,2018,5,9,19,51.43
2018-05-09 20:00:00,2018,5,9,20,50.95
2018-05-09 21:00:00,2018,5,9,21,49.09
2018-05-09 22:00:00,2018,5,9,22,51.16
2018-05-09 23:00:00,2018,5,9,23,46.22
2018-05-10 00:00:00,2018,5,10,0,43.89
2018-05-10 01:00:00,2018,5,10,1,46.4
2018-05-10 02:00:00,2018,5,10,2,55.03
2018-05-10 03:00:00,2018,5,10,3,52.46
2018-05-10 04:00:00,2018,5,10,4,46.71
2018-05-10 05:00:00,2018,5,10,5,45.79
2018-05-10 06:00:00,2018,5,10,6,47.1
2018-05-10 07:00:00,2018,5,10,7,43.77
2018-05-10 08:00:00,2018,5,10,8,41.71
2018-05-10 09:00:00,2018,5,10,9,40.04
2018-05-10 10:00:00,2018,5,10,10,39.73
2018-05-10 11:00:00,2018,5,10,11,38.91
2018-05-10 12:00:00,2018,5,10,12,37.15
2018-05-10 13:00:00,2018,5,10,13,42.58
2018-05-10 14:00:00,2018,5,10,14,45.43
2018-05-10 15:00:00,2018,5,10,15,48.72
2018-05-10 16:00:00,2018,5,10,16,57.36
2018-05-10 17:00:00,2018,5,10,17,60.17
2018-05-10 18:00:00,2018,5,10,18,60.42
2018-05-10 19:00:00,2018,5,10,19,56.41
2018-05-10 20:00:00,2018,5,10,20,54.85
2018-05-10 21:00:00,2018,5,10,21,51.79
2018-05-10 22:00:00,2018,5,10,22,54.57
2018-05-10 23:00:00,2018,5,10,23,56.35
2018-05-11 00:00:00,2018,5,11,0,47.5
2018-05-11 01:00:00,2018,5,11,1,46.15
2018-05-11 02:00:00,2018,5,11,2,50.97
2018-05-11 03:00:00,2018,5,11,3,57.76
2018-05-11 04:00:00,2018,5,11,4,55.12
2018-05-11 05:00:00,2018,5,11,5,52.89
2018-05-11 06:00:00,2018,5,11,6,45.06
2018-05-11 07:00:00,2018,5,11,7,40.35
2018-05-11 08:00:00,2018,5,11,8,39.74
2018-05-11 09:00:00,2018,5,11,9,40.56
2018-05-11 10:00:00,2018,5,11,10,39.74
2018-05-11 11:00:00,2018,5,11,11,43.28
2018-05-11 12:00:00,2018,5,11,12,43.53
2018-05-11 13:00:00,2018,5,11,13,40.37
2018-05-11 14:00:00,2018,5,11,14,43.58
2018-05-11 15:00:00,2018,5,11,15,49.06
2018-05-11 16:00:00,2018,5,11,16,55.82
2018-05-11 17:00:00,2018,5,11,17,59.55
2018-05-11 18:00:00,2018,5,11,18,53.92
2018-05-11 19:00:00,2018,5,11,19,56.81
2018-05-11 20:00:00,2018,5,11,20,53.25
2018-05-11 21:00:00,2018,5,11,21,49.45
2018-05-11 22:00:00,2018,5,11,22,48.69
2018-05-11 23:00:00,2018,5,11,23,48.67
2018-05-12 00:00:00,2018,5,12,0,47.38
2018-05-12 01:00:00,2018,5,12,1,50.01
2018-05-12 02:00:00,2018,5,12,2,53.63
2018-05-12 03:00:00,2018,5,12,3,53.45
2018-05-12 04:00:00,2018,5,12,4,50.36
2018-05-12 05:00:00,2018,5,12,5,47.71
2018-05-12 06:00:00,2018,5,12,6,45.21
2018-05-12 07:00:00,2018,5,12,7,42.89
2018-05-12 08:00:00,2018,5,12,8,41.87
2018-05-12 09:00:00,2018,5,12,9,43.93
2018-05-12 10:00:00,2018,5,12,10,43.08
2018-05-12 11:00:00,2018,5,12,11,43.13
2018-05-12 12:00:00,2018,5,12,12,42.06
2018-05-12 13:00:00,2018,5,12,13,43.56
2018-05-12 14:00:00,2018,5,12,14,45.09
2018-05-12 15:00:00,2018,5,12,15,48.08
2018-05-12 16:00:00,2018,5,12,16,51.94
2018-05-12 17:00:00,2018,5,12,17,51.3
2018-05-12 18:00:00,2018,5,12,18,47.9
2018-05-12 19:00:00,2018,5,12,19,42.71
2018-05-12 20:00:00,2018,5,12,20,39.24
2018-05-12 21:00:00,2018,5,12,21,39.26
2018-05-12 22:00:00,2018,5,12,22,33.8
2018-05-12 23:00:00,2018,5,12,23,36.6
2018-05-13 00:00:00,2018,5,13,0,39.85
2018-05-13 01:00:00,2018,5,13,1,42.55
2018-05-13 02:00:00,2018,5,13,2,44.96
2018-05-13 03:00:00,2018,5,13,3,43.03
2018-05-13 04:00:00,2018,5,13,4,46.73
2018-05-13 05:00:00,2018,5,13,5,44.91
2018-05-13 06:00:00,2018,5,13,6,40.09
2018-05-13 07:00:00,2018,5,13,7,37.38
2018-05-13 08:00:00,2018,5,13,8,36.18
2018-05-13 09:00:00,2018,5,13,9,38.02
2018-05-13 10:00:00,2018,5,13,10,38.56
2018-05-13 11:00:00,2018,5,13,11,39.5
2018-05-13 12:00:00,2018,5,13,12,38.22
2018-05-13 13:00:00,2018,5,13,13,41.58
2018-05-13 14:00:00,2018,5,13,14,45.33
2018-05-13 15:00:00,2018,5,13,15,44.73
2018-05-13 16:00:00,2018,5,13,16,41.94
2018-05-13 17:00:00,2018,5,13,17,42.66
2018-05-13 18:00:00,2018,5,13,18,40.45
2018-05-13 19:00:00,2018,5,13,19,37.44
2018-05-13 20:00:00,2018,5,13,20,34.35
2018-05-13 21:00:00,2018,5,13,21,33.64
2018-05-13 22:00:00,2018,5,13,22,33.27
2018-05-13 23:00:00,2018,5,13,23,35.52
2018-05-14 00:00:00,2018,5,14,0,31.36
2018-05-14 01:00:00,2018,5,14,1,32.61
2018-05-14 02:00:00,2018,5,14,2,34.62
2018-05-14 03:00:00,2018,5,14,3,35.49
2018-05-14 04:00:00,2018,5,14,4,36.22
2018-05-14 05:00:00,2018,5,14,5,36.75
2018-05-14 06:00:00,2018,5,14,6,45.35
2018-05-28 10:00:00,2018,5,28,10,42.51
2018-05-28 11:00:00,2018,5,28,11,42.98
2018-05-28 12:00:00,2018,5,28,12,39.85
2018-05-28 13:00:00,2018,5,28,13,41.83
2018-05-28 14:00:00,2018,5,28,14,41.94
2018-05-28 15:00:00,2018,5,28,15,44.33
2018-05-28 16:00:00,2018,5,28,16,44.61
2018-05-28 17:00:00,2018,5,28,17,50.15
2018-05-28 18:00:00,2018,5,28,18,53.36
2018-05-28 19:00:00,2018,5,28,19,49.12
2018-05-28 20:00:00,2018,5,28,20,47.28
2018-05-28 21:00:00,2018,5,28,21,46.02
2018-05-28 22:00:00,2018,5,28,22,42.94
2018-05-28 23:00:00,2018,5,28,23,41.19
2018-05-29 00:00:00,2018,5,29,0,39.04
2018-05-29 01:00:00,2018,5,29,1,37.58
2018-05-29 02:00:00,2018,5,29,2,41.14
2018-05-29 03:00:00,2018,5,29,3,43.24
2018-05-29 04:00:00,2018,5,29,4,43.23
2018-05-29 05:00:00,2018,5,29,5,43.15
2018-05-29 06:00:00,2018,5,29,6,43.1
2018-05-29 07:00:00,2018,5,29,7,42.37
2018-05-29 08:00:00,2018,5,29,8,38.64
2018-05-29 09:00:00,2018,5,29,9,37.95
2018-05-29 10:00:00,2018,5,29,10,39.42
2018-05-29 11:00:00,2018,5,29,11,39.23
2018-05-29 12:00:00,2018,5,29,12,37.96
2018-05-29 13:00:00,2018,5,29,13,37.73
2018-05-29 14:00:00,2018,5,29,14,39.01
2018-05-29 15:00:00,2018,5,29,15,44.81
2018-05-29 16:00:00,2018,5,29,16,46.55
2018-05-29 17:00:00,2018,5,29,17,48.16
2018-05-29 18:00:00,2018,5,29,18,45.35
2018-05-29 19:00:00,2018,5,29,19,45.42
2018-05-29 20:00:00,2018,5,29,20,42.03
2018-05-29 21:00:00,2018,5,29,21,41.05
2018-05-29 22:00:00,2018,5,29,22,41.34
2018-05-29 23:00:00,2018,5,29,23,43.95
2018-05-30 00:00:00,2018,5,30,0,42.03
2018-05-30 01:00:00,2018,5,30,1,40.24
2018-05-30 02:00:00,2018,5,30,2,39.69
2018-05-30 03:00:00,2018,5,30,3,37.87
2018-05-30 04:00:00,2018,5,30,4,38.18
2018-05-30 05:00:00,2018,5,30,5,38.68
2018-05-30 06:00:00,2018,5,30,6,41.0
2018-05-30 07:00:00,2018,5,30,7,39.91
2018-05-30 08:00:00,2018,5,30,8,42.03
2018-05-30 09:00:00,2018,5,30,9,41.15
2018-05-30 10:00:00,2018,5,30,10,40.88
2018-05-30 11:00:00,2018,5,30,11,38.73
2018-05-30 12:00:00,2018,5,30,12,35.2
2018-05-30 13:00:00,2018,5,30,13,37.12
2018-05-30 14:00:00,2018,5,30,14,38.6
2018-05-30 15:00:00,2018,5,30,15,45.09
2018-05-30 16:00:00,2018,5,30,16,42.36
2018-05-30 17:00:00,2018,5,30,17,42.93
2018-05-30 18:00:00,2018,5,30,18,41.79
2018-05-30 19:00:00,2018,5,30,19,42.17
2018-05-30 20:00:00,2018,5,30,20,42.47
2018-05-30 21:00:00,2018,5,30,21,42.43
2018-05-30 22:00:00,2018,5,30,22,44.57
2018-05-30 23:00:00,2018,5,30,23,44.84
2018-05-31 00:00:00,2018,5,31,0,38.23
2018-05-31 01:00:00,2018,5,31,1,35.24
2018-05-31 02:00:00,2018,5,31,2,37.4
2018-05-31 03:00:00,2018,5,31,3,39.33
2018-05-31 04:00:00,2018,5,31,4,40.64
2018-05-31 05:00:00,2018,5,31,5,39.99
2018-05-31 06:00:00,2018,5,31,6,43.4
2018-05-31 07:00:00,2018,5,31,7,38.25
2018-05-31 08:00:00,2018,5,31,8,42.47
2018-05-31 09:00:00,2018,5,31,9,40.73
2018-05-31 10:00:00,2018,5,31,10,36.11
2018-05-31 11:00:00,2018,5,31,11,35.29
2018-05-31 12:00:00,2018,5,31,12,35.41
2018-05-31 13:00:00,2018,5,31,13,36.99
2018-05-31 14:00:00,2018,5,31,14,37.63
2018-05-31 15:00:00,2018,5,31,15,38.42
2018-05-31 16:00:00,2018,5,31,16,40.51
2018-05-31 17:00:00,2018,5,31,17,45.26
2018-05-31 18:00:00,2018,5,31,18,43.68
2018-05-31 19:00:00,2018,5,31,19,43.55
2018-05-31 20:00:00,2018,5,31,20,41.57
2018-05-31 21:00:00,2018,5,31,21,40.11
2018-05-31 22:00:00,2018,5,31,22,38.02
2018-05-31 23:00:00,2018,5,31,23,36.62
2019-03-01 00:00:00,2019,3,1,0,50.29
2019-03-01 01:00:00,2019,3,1,1,58.3
2019-03-01 02:00:00,2019,3,1,2,69.15
2019-03-01 06:00:00,2019,3,1,6,43.6
2019-03-01 07:00:00,2019,3,1,7,41.32
2019-03-01 08:00:00,2019,3,1,8,40.82
2019-03-01 09:00:00,2019,3,1,9,40.53
2019-03-01 10:00:00,2019,3,1,10,41.72
2019-03-01 11:00:00,2019,3,1,11,46.31
2019-03-01 12:00:00,2019,3,1,12,29.45
2019-03-01 13:00:00,2019,3,1,13,29.59
2019-03-01 14:00:00,2019,3,1,14,30.04
2019-03-01 15:00:00,2019,3,1,15,31.08
2019-03-01 16:00:00,2019,3,1,16,50.18
2019-03-01 17:00:00,2019,3,1,17,58.18
2019-03-01 18:00:00,2019,3,1,18,58.37
2019-03-01 19:00:00,2019,3,1,19,57.95
2019-03-01 20:00:00,2019,3,1,20,57.38
2019-03-01 21:00:00,2019,3,1,21,56.13
2019-03-01 22:00:00,2019,3,1,22,51.97
2019-03-01 23:00:00,2019,3,1,23,54.0
2019-03-02 00:00:00,2019,3,2,0,53.63
2019-03-02 01:00:00,2019,3,2,1,52.36
2019-03-02 02:00:00,2019,3,2,2,55.67
2019-03-02 03:00:00,2019,3,2,3,56.79
2019-03-02 04:00:00,2019,3,2,4,55.71
2019-03-02 05:00:00,2019,3,2,5,58.1
2019-03-02 06:00:00,2019,3,2,6,59.4
2019-03-02 07:00:00,2019,3,2,7,50.75
2019-03-02 08:00:00,2019,3,2,8,48.31
2019-03-02 09:00:00,2019,3,2,9,43.85
2019-03-02 10:00:00,2019,3,2,10,44.47
2019-03-02 11:00:00,2019,3,2,11,47.77
2019-03-02 12:00:00,2019,3,2,12,43.59
2019-03-02 13:00:00,2019,3,2,13,44.9
2019-03-02 14:00:00,2019,3,2,14,49.92
2019-03-02 15:00:00,2019,3,2,15,50.76
2019-03-02 16:00:00,2019,3,2,16,59.31
2019-03-02 17:00:00,2019,3,2,17,61.04
2019-03-02 18:00:00,2019,3,2,18,60.82
2019-03-02 19:00:00,2019,3,2,19,64.13
2019-03-02 20:00:00,2019,3,2,20,53.71
2019-03-02 21:00:00,2019,3,2,21,54.57
2019-03-02 22:00:00,2019,3,2,22,57.99
2019-03-02 23:00:00,2019,3,2,23,51.1
2019-03-03 00:00:00,2019,3,3,0,51.65
2019-03-03 01:00:00,2019,3,3,1,51.64
2019-03-03 02:00:00,2019,3,3,2,55.51
2019-03-03 03:00:00,2019,3,3,3,57.17
2019-03-03 04:00:00,2019,3,3,4,63.99
2019-03-03 05:00:00,2019,3,3,5,64.25
2019-03-03 06:00:00,2019,3,3,6,57.26
2019-03-03 07:00:00,2019,3,3,7,52.36
2019-03-03 08:00:00,2019,3,3,8,44.41
2019-03-03 09:00:00,2019,3,3,9,37.96
2019-03-03 10:00:00,2019,3,3,10,37.37
2019-03-03 11:00:00,2019,3,3,11,36.97
2019-03-03 12:00:00,2019,3,3,12,36.74
2019-03-03 13:00:00,2019,3,3,13,36.8
2019-03-03 14:00:00,2019,3,3,14,37.09
2019-03-03 15:00:00,2019,3,3,15,45.73
2019-03-03 16:00:00,2019,3,3,16,59.23
2019-03-03 17:00:00,2019,3,3,17,59.76
2019-03-03 18:00:00,2019,3,3,18,63.38
2019-03-03 19:00:00,2019,3,3,19,64.37
2019-03-03 20:00:00,2019,3,3,20,60.61
2019-03-03 21:00:00,2019,3,3,21,55.1
2019-03-03 22:00:00,2019,3,3,22,55.21
2019-03-03 23:00:00,2019,3,3,23,54.53
2019-03-04 00:00:00,2019,3,4,0,48.04
2019-03-04 01:00:00,2019,3,4,1,50.12
2019-03-04 02:00:00,2019,3,4,2,53.8
2019-03-04 03:00:00,2019,3,4,3,58.87
2019-03-04 04:00:00,2019,3,4,4,62.54
2019-03-04 05:00:00,2019,3,4,5,62.18
2019-03-04 06:00:00,2019,3,4,6,58.37
2019-03-04 07:00:00,2019,3,4,7,58.42
2019-03-04 08:00:00,2019,3,4,8,56.17
2019-03-04 09:00:00,2019,3,4,9,50.98
2019-03-04 10:00:00,2019,3,4,10,44.62
2019-03-04 11:00:00,2019,3,4,11,41.85
2019-03-04 12:00:00,2019,3,4,12,41.6
2019-03-04 13:00:00,2019,3,4,13,41.53
2019-03-04 14:00:00,2019,3,4,14,43.29
2019-03-04 15:00:00,2019,3,4,15,44.38
2019-03-04 16:00:00,2019,3,4,16,44.92
2019-03-04 17:00:00,2019,3,4,17,47.3
2019-03-04 18:00:00,2019,3,4,18,63.16
2019-03-04 19:00:00,2019,3,4,19,58.78
2019-03-04 20:00:00,2019,3,4,20,59.99
2019-03-04 21:00:00,2019,3,4,21,50.75
2019-03-04 22:00:00,2019,3,4,22,49.28
2019-03-04 23:00:00,2019,3,4,23,49.12
2019-03-05 00:00:00,2019,3,5,0,47.73
2019-03-05 01:00:00,2019,3,5,1,49.18
2019-03-05 02:00:00,2019,3,5,2,50.31
2019-03-05 03:00:00,2019,3,5,3,49.71
2019-03-05 04:00:00,2019,3,5,4,58.47
2019-03-05 05:00:00,2019,3,5,5,57.71
2019-03-05 06:00:00,2019,3,5,6,62.44
2019-03-05 07:00:00,2019,3,5,7,50.89
2019-03-05 08:00:00,2019,3,5,8,50.79
2019-03-05 09:00:00,2019,3,5,9,50.17
2019-03-05 10:00:00,2019,3,5,10,47.86
2019-03-05 11:00:00,2019,3,5,11,41.85
2019-03-05 12:00:00,2019,3,5,12,40.42
2019-03-05 13:00:00,2019,3,5,13,40.43
2019-03-05 14:00:00,2019,3,5,14,40.92
2019-03-05 15:00:00,2019,3,5,15,41.89
2019-03-05 16:00:00,2019,3,5,16,42.1
2019-03-05 17:00:00,2019,3,5,17,52.37
2019-03-05 18:00:00,2019,3,5,18,52.2
2019-03-05 19:00:00,2019,3,5,19,52.15
2019-03-05 20:00:00,2019,3,5,20,51.93
2019-03-05 21:00:00,2019,3,5,21,49.18
2019-03-05 22:00:00,2019,3,5,22,48.74
2019-03-06 01:00:00,2019,3,6,1,45.99
2019-03-06 02:00:00,2019,3,6,2,48.01
2019-03-06 03:00:00,2019,3,6,3,56.83
2019-03-06 04:00:00,2019,3,6,4,57.1
2019-03-06 05:00:00,2019,3,6,5,58.66
2019-03-06 06:00:00,2019,3,6,6,61.51
2019-03-06 07:00:00,2019,3,6,7,44.85
2019-03-06 08:00:00,2019,3,6,8,40.89
2019-03-06 09:00:00,2019,3,6,9,38.63
2019-03-06 10:00:00,2019,3,6,10,38.9
2019-03-06 11:00:00,2019,3,6,11,34.65
2019-03-06 12:00:00,2019,3,6,12,35.03
2019-03-06 13:00:00,2019,3,6,13,35.52
2019-03-06 14:00:00,2019,3,6,14,36.01
2019-03-06 15:00:00,2019,3,6,15,39.4
2019-03-06 16:00:00,2019,3,6,16,49.25
2019-03-06 17:00:00,2019,3,6,17,56.62
2019-03-06 18:00:00,2019,3,6,18,55.79
2019-03-06 19:00:00,2019,3,6,19,55.92
2019-03-06 20:00:00,2019,3,6,20,52.44
2019-03-06 21:00:00,2019,3,6,21,54.66
2019-03-06 22:00:00,2019,3,6,22,57.6
2019-03-06 23:00:00,2019,3,6,23,56.09
2019-03-07 00:00:00,2019,3,7,0,53.82
2019-03-07 01:00:00,2019,3,7,1,54.4
2019-03-07 02:00:00,2019,3,7,2,54.0
2019-03-07 03:00:00,2019,3,7,3,56.49
2019-03-07 04:00:00,2019,3,7,4,65.69
2019-03-07 05:00:00,2019,3,7,5,70.73
2019-03-07 06:00:00,2019,3,7,6,61.57
2019-03-07 07:00:00,2019,3,7,7,51.84
2019-03-07 08:00:00,2019,3,7,8,45.9
2019-03-07 09:00:00,2019,3,7,9,45.65
2019-03-07 10:00:00,2019,3,7,10,35.73
2019-03-07 11:00:00,2019,3,7,11,33.57
2019-03-07 12:00:00,2019,3,7,12,34.68
2019-03-07 13:00:00,2019,3,7,13,34.27
2019-03-07 14:00:00,2019,3,7,14,45.36
2019-03-07 15:00:00,2019,3,7,15,36.5
2019-03-07 16:00:00,2019,3,7,16,48.66
2019-03-07 17:00:00,2019,3,7,17,44.43
2019-03-07 18:00:00,2019,3,7,18,62.83
2019-03-07 19:00:00,2019,3,7,19,62.32
2019-03-07 20:00:00,2019,3,7,20,58.46
2019-03-07 21:00:00,2019,3,7,21,56.54
2019-03-07 22:00:00,2019,3,7,22,60.69
2019-03-07 23:00:00,2019,3,7,23,61.05
2019-03-08 00:00:00,2019,3,8,0,58.01
2019-03-08 01:00:00,2019,3,8,1,55.27
2019-03-08 02:00:00,2019,3,8,2,58.62
2019-03-08 03:00:00,2019,3,8,3,57.46
2019-03-08 04:00:00,2019,3,8,4,70.6
2019-03-08 05:00:00,2019,3,8,5,61.07
2019-03-08 06:00:00,2019,3,8,6,60.84
2019-03-08 07:00:00,2019,3,8,7,59.08
2019-03-08 08:00:00,2019,3,8,8,45.4
2019-03-08 09:00:00,2019,3,8,9,39.21
2019-03-08 10:00:00,2019,3,8,10,37.42
2019-03-08 11:00:00,2019,3,8,11,38.1
2019-03-08 12:00:00,2019,3,8,12,51.96
2019-03-08 13:00:00,2019,3,8,13,51.66
2019-03-08 14:00:00,2019,3,8,14,59.6
2019-03-08 15:00:00,2019,3,8,15,43.97
2019-03-08 16:00:00,2019,3,8,16,44.31
2019-03-08 17:00:00,2019,3,8,17,49.57
2019-03-08 18:00:00,2019,3,8,18,49.05
2019-03-08 19:00:00,2019,3,8,19,63.67
2019-03-08 20:00:00,2019,3,8,20,64.36
2019-03-08 22:00:00,2019,3,8,22,57.34
2019-03-08 23:00:00,2019,3,8,23,54.28
2019-03-09 00:00:00,2019,3,9,0,55.19
2019-03-09 02:00:00,2019,3,9,2,49.46
2019-03-09 03:00:00,2019,3,9,3,50.05
2019-03-09 04:00:00,2019,3,9,4,60.29
2019-03-09 05:00:00,2019,3,9,5,61.2
2019-03-09 06:00:00,2019,3,9,6,59.33
2019-03-09 07:00:00,2019,3,9,7,46.25
2019-03-09 08:00:00,2019,3,9,8,46.03
2019-03-09 09:00:00,2019,3,9,9,40.34
2019-03-09 10:00:00,2019,3,9,10,40.03
2019-03-09 11:00:00,2019,3,9,11,33.43
2019-03-09 12:00:00,2019,3,9,12,33.35
2019-03-09 13:00:00,2019,3,9,13,34.67
2019-03-09 14:00:00,2019,3,9,14,35.26
2019-03-09 15:00:00,2019,3,9,15,40.0
2019-03-09 16:00:00,2019,3,9,16,50.33
2019-03-09 17:00:00,2019,3,9,17,51.27
2019-03-09 18:00:00,2019,3,9,18,51.19
2019-03-09 19:00:00,2019,3,9,19,51.4
2019-03-09 20:00:00,2019,3,9,20,53.01
2019-03-09 21:00:00,2019,3,9,21,49.08
2019-03-09 22:00:00,2019,3,9,22,48.89
2019-03-09 23:00:00,2019,3,9,23,46.18
2019-03-10 00:00:00,2019,3,10,0,46.8
2019-03-10 01:00:00,2019,3,10,1,46.35
2019-03-10 02:00:00,2019,3,10,2,45.87
2019-03-10 03:00:00,2019,3,10,3,64.72
2019-03-10 04:00:00,2019,3,10,4,64.29
2019-03-10 05:00:00,2019,3,10,5,61.05
2019-03-10 06:00:00,2019,3,10,6,60.4
2019-03-10 07:00:00,2019,3,10,7,45.75
2019-03-10 08:00:00,2019,3,10,8,68.0
2019-03-10 09:00:00,2019,3,10,9,68.07
2019-03-10 10:00:00,2019,3,10,10,67.3
2019-03-10 11:00:00,2019,3,10,11,65.83
2019-03-10 12:00:00,2019,3,10,12,39.58
2019-03-10 13:00:00,2019,3,10,13,44.55
2019-03-10 14:00:00,2019,3,10,14,43.58
2019-03-10 15:00:00,2019,3,10,15,44.04
2019-03-10 16:00:00,2019,3,10,16,45.38
2019-03-10 17:00:00,2019,3,10,17,39.14
2019-03-10 18:00:00,2019,3,10,18,53.09
2019-03-10 19:00:00,2019,3,10,19,51.37
2019-03-10 20:00:00,2019,3,10,20,52.14
2019-03-10 21:00:00,2019,3,10,21,52.88
2019-03-10 22:00:00,2019,3,10,22,52.42
2019-03-10 23:00:00,2019,3,10,23,49.54
2019-03-11 00:00:00,2019,3,11,0,50.43
2019-03-11 01:00:00,2019,3,11,1,51.05
2019-03-11 02:00:00,2019,3,11,2,51.22
2019-03-11 03:00:00,2019,3,11,3,54.49
2019-03-11 04:00:00,2019,3,11,4,53.08
2019-03-11 05:00:00,2019,3,11,5,42.56
2019-03-11 06:00:00,2019,3,11,6,44.07
2019-03-11 07:00:00,2019,3,11,7,51.24
2019-03-11 08:00:00,2019,3,11,8,53.56
2019-03-11 09:00:00,2019,3,11,9,43.67
2019-03-11 10:00:00,2019,3,11,10,43.6
2019-03-11 11:00:00,2019,3,11,11,42.66
2019-03-11 12:00:00,2019,3,11,12,40.5
2019-03-11 13:00:00,2019,3,11,13,41.38
2019-03-11 14:00:00,2019,3,11,14,43.59
2019-03-11 15:00:00,2019,3,11,15,45.11
2019-03-11 16:00:00,2019,3,11,16,51.61
2019-03-11 17:00:00,2019,3,11,17,53.27
2019-03-11 18:00:00,2019,3,11,18,54.34
2019-03-11 19:00:00,2019,3,11,19,53.9
2019-03-11 20:00:00,2019,3,11,20,53.51
2019-03-11 21:00:00,2019,3,11,21,54.44
2019-03-11 22:00:00,2019,3,11,22,48.37
2019-03-11 23:00:00,2019,3,11,23,46.14
2019-03-12 00:00:00,2019,3,12,0,51.02
2019-03-12 01:00:00,2019,3,12,1,49.19
2019-03-12 02:00:00,2019,3,12,2,45.75
2019-03-12 03:00:00,2019,3,12,3,56.79
2019-03-12 04:00:00,2019,3,12,4,58.69
2019-03-12 05:00:00,2019,3,12,5,57.11
2019-03-12 06:00:00,2019,3,12,6,55.58
2019-03-12 07:00:00,2019,3,12,7,51.83
2019-03-12 08:00:00,2019,3,12,8,47.44
2019-03-12 09:00:00,2019,3,12,9,44.51
2019-03-12 10:00:00,2019,3,12,10,45.9
2019-03-12 11:00:00,2019,3,12,11,41.47
2019-03-12 12:00:00,2019,3,12,12,42.48
2019-03-12 13:00:00,2019,3,12,13,40.93
2019-03-12 14:00:00,2019,3,12,14,42.45
2019-03-12 15:00:00,2019,3,12,15,43.3
2019-03-12 16:00:00,2019,3,12,16,42.69
2019-03-12 17:00:00,2019,3,12,17,46.09
2019-03-12 18:00:00,2019,3,12,18,52.03
2019-03-12 19:00:00,2019,3,12,19,52.58
2019-03-12 20:00:00,2019,3,12,20,54.37
2019-03-12 21:00:00,2019,3,12,21,54.02
2019-03-12 22:00:00,2019,3,12,22,53.42
2019-03-12 23:00:00,2019,3,12,23,53.53
2019-03-13 00:00:00,2019,3,13,0,51.25
2019-03-13 01:00:00,2019,3,13,1,52.55
2019-03-13 02:00:00,2019,3,13,2,55.8
2019-03-13 03:00:00,2019,3,13,3,60.31
2019-03-13 04:00:00,2019,3,13,4,63.03
2019-03-13 05:00:00,2019,3,13,5,64.42
2019-03-13 06:00:00,2019,3,13,6,53.03
2019-03-13 07:00:00,2019,3,13,7,57.54
2019-03-13 08:00:00,2019,3,13,8,53.67
2019-03-13 09:00:00,2019,3,13,9,47.37
2019-03-13 10:00:00,2019,3,13,10,47.7
2019-03-13 11:00:00,2019,3,13,11,47.98
2019-03-13 12:00:00,2019,3,13,12,48.74
2019-03-13 13:00:00,2019,3,13,13,47.82
2019-03-13 14:00:00,2019,3,13,14,47.94
2019-03-13 15:00:00,2019,3,13,15,45.13
2019-03-13 16:00:00,2019,3,13,16,59.18
2019-03-13 17:00:00,2019,3,13,17,60.27
2019-03-13 18:00:00,2019,3,13,18,61.23
2019-03-13 19:00:00,2019,3,13,19,66.7
2019-03-13 20:00:00,2019,3,13,20,65.01
2019-03-13 21:00:00,2019,3,13,21,59.87
2019-03-13 22:00:00,2019,3,13,22,61.18
2019-03-13 23:00:00,2019,3,13,23,55.3
2019-03-14 00:00:00,2019,3,14,0,54.34
2019-03-14 01:00:00,2019,3,14,1,54.87
2019-03-14 02:00:00,2019,3,14,2,56.06
2019-03-14 03:00:00,2019,3,14,3,60.14
2019-03-14 04:00:00,2019,3,14,4,61.65
2019-03-14 05:00:00,2019,3,14,5,73.04
2019-03-14 06:00:00,2019,3,14,6,71.86
2019-03-14 08:00:00,2019,3,14,8,49.84
2019-03-14 09:00:00,2019,3,14,9,49.23
2019-03-14 10:00:00,2019,3,14,10,49.53
2019-03-14 11:00:00,2019,3,14,11,42.45
2019-03-14 12:00:00,2019,3,14,12,41.62
2019-03-14 13:00:00,2019,3,14,13,42.71
2019-03-14 14:00:00,2019,3,14,14,43.11
2019-03-14 15:00:00,2019,3,14,15,49.02
2019-03-14 16:00:00,2019,3,14,16,51.14
2019-03-14 17:00:00,2019,3,14,17,51.67
2019-03-14 18:00:00,2019,3,14,18,54.8
2019-03-14 19:00:00,2019,3,14,19,54.32
2019-03-14 20:00:00,2019,3,14,20,50.9
2019-03-14 21:00:00,2019,3,14,21,51.07
2019-03-14 22:00:00,2019,3,14,22,46.25
2019-03-14 23:00:00,2019,3,14,23,43.93
2019-03-15 00:00:00,2019,3,15,0,45.95
2019-03-15 01:00:00,2019,3,15,1,51.0
2019-03-15 02:00:00,2019,3,15,2,53.03
2019-03-15 03:00:00,2019,3,15,3,53.76
2019-03-15 04:00:00,2019,3,15,4,63.22
2019-03-15 05:00:00,2019,3,15,5,59.89
2019-03-15 06:00:00,2019,3,15,6,59.73
2019-03-15 07:00:00,2019,3,15,7,51.33
2019-03-15 08:00:00,2019,3,15,8,48.95
2019-03-15 09:00:00,2019,3,15,9,41.26
2019-03-15 10:00:00,2019,3,15,10,40.73
2019-03-15 11:00:00,2019,3,15,11,39.51
2019-03-15 12:00:00,2019,3,15,12,40.2
2019-03-15 13:00:00,2019,3,15,13,45.6
2019-03-15 14:00:00,2019,3,15,14,44.28
2019-03-15 15:00:00,2019,3,15,15,48.46
2019-03-15 16:00:00,2019,3,15,16,49.73
2019-03-15 17:00:00,2019,3,15,17,50.97
2019-03-15 18:00:00,2019,3,15,18,50.76
2019-03-15 19:00:00,2019,3,15,19,49.04
2019-03-15 20:00:00,2019,3,15,20,48.31
2019-03-15 21:00:00,2019,3,15,21,45.03
2019-03-15 22:00:00,2019,3,15,22,43.34
2019-03-15 23:00:00,2019,3,15,23,43.47
2019-03-16 00:00:00,2019,3,16,0,44.1
2019-03-16 01:00:00,2019,3,16,1,43.01
2019-03-16 02:00:00,2019,3,16,2,48.56
2019-03-16 03:00:00,2019,3,16,3,48.99
2019-03-16 04:00:00,2019,3,16,4,49.54
2019-03-16 05:00:00,2019,3,16,5,48.01
2019-03-16 06:00:00,2019,3,16,6,46.04
2019-03-16 07:00:00,2019,3,16,7,45.32
2019-03-16 08:00:00,2019,3,16,8,36.47
2019-03-16 09:00:00,2019,3,16,9,37.11
2019-03-16 10:00:00,2019,3,16,10,36.95
2019-03-16 11:00:00,2019,3,16,11,37.12
2019-03-16 12:00:00,2019,3,16,12,38.96
2019-03-16 13:00:00,2019,3,16,13,47.58
2019-03-16 14:00:00,2019,3,16,14,47.98
2019-03-16 15:00:00,2019,3,16,15,48.15
2019-03-16 16:00:00,2019,3,16,16,48.49
2019-03-16 17:00:00,2019,3,16,17,37.67
2019-03-16 18:00:00,2019,3,16,18,40.6
2019-03-16 19:00:00,2019,3,16,19,50.19
2019-03-16 20:00:00,2019,3,16,20,44.91
2019-03-16 21:00:00,2019,3,16,21,50.77
2019-03-16 22:00:00,2019,3,16,22,50.76
2019-03-16 23:00:00,2019,3,16,23,50.64
2019-03-17 00:00:00,2019,3,17,0,51.43
2019-03-17 01:00:00,2019,3,17,1,56.28
2019-03-17 02:00:00,2019,3,17,2,56.76
2019-03-17 03:00:00,2019,3,17,3,61.49
2019-03-17 04:00:00,2019,3,17,4,64.59
2019-03-17 05:00:00,2019,3,17,5,64.04
2019-03-17 06:00:00,2019,3,17,6,61.73
2019-03-17 07:00:00,2019,3,17,7,54.89
2019-03-17 08:00:00,2019,3,17,8,45.98
2019-03-17 09:00:00,2019,3,17,9,47.77
2019-03-17 10:00:00,2019,3,17,10,40.87
2019-03-17 11:00:00,2019,3,17,11,42.6
2019-03-17 12:00:00,2019,3,17,12,39.37
2019-03-17 13:00:00,2019,3,17,13,47.91
2019-03-17 14:00:00,2019,3,17,14,45.08
2019-03-17 15:00:00,2019,3,17,15,47.05
2019-03-17 16:00:00,2019,3,17,16,42.29
2019-03-17 17:00:00,2019,3,17,17,41.88
2019-03-17 18:00:00,2019,3,17,18,41.76
2019-03-17 19:00:00,2019,3,17,19,47.37
2019-03-17 20:00:00,2019,3,17,20,51.3
2019-03-17 21:00:00,2019,3,17,21,51.3
2019-03-17 22:00:00,2019,3,17,22,50.39
2019-03-17 23:00:00,2019,3,17,23,50.01
2019-03-18 00:00:00,2019,3,18,0,46.88
2019-03-18 01:00:00,2019,3,18,1,49.77
2019-03-18 02:00:00,2019,3,18,2,54.1
2019-03-18 03:00:00,2019,3,18,3,68.13
2019-03-18 04:00:00,2019,3,18,4,69.31
2019-03-18 05:00:00,2019,3,18,5,56.46
2019-03-18 06:00:00,2019,3,18,6,51.26
2019-03-18 07:00:00,2019,3,18,7,50.95
2019-03-18 08:00:00,2019,3,18,8,39.71
2019-03-18 09:00:00,2019,3,18,9,39.47
2019-03-18 10:00:00,2019,3,18,10,37.2
2019-03-18 11:00:00,2019,3,18,11,37.41
2019-03-18 12:00:00,2019,3,18,12,38.82
2019-03-18 13:00:00,2019,3,18,13,43.65
2019-03-18 14:00:00,2019,3,18,14,59.69
2019-03-18 15:00:00,2019,3,18,15,56.83
2019-03-18 18:00:00,2019,3,18,18,53.68
2019-03-18 19:00:00,2019,3,18,19,52.75
2019-03-18 20:00:00,2019,3,18,20,54.11
2019-03-18 21:00:00,2019,3,18,21,54.04
2019-03-18 22:00:00,2019,3,18,22,53.87
2019-03-18 23:00:00,2019,3,18,23,54.29
2019-03-19 00:00:00,2019,3,19,0,48.75
2019-03-19 01:00:00,2019,3,19,1,48.77
2019-03-19 02:00:00,2019,3,19,2,57.79
2019-03-19 03:00:00,2019,3,19,3,57.86
2019-03-19 04:00:00,2019,3,19,4,61.5
2019-03-19 05:00:00,2019,3,19,5,61.23
2019-03-19 06:00:00,2019,3,19,6,58.16
2019-03-19 07:00:00,2019,3,19,7,58.25
2019-03-19 08:00:00,2019,3,19,8,36.46
2019-03-19 09:00:00,2019,3,19,9,35.26
2019-03-19 10:00:00,2019,3,19,10,35.27
2019-03-19 11:00:00,2019,3,19,11,35.33
2019-03-19 12:00:00,2019,3,19,12,36.39
2019-03-19 13:00:00,2019,3,19,13,40.0
2019-03-19 14:00:00,2019,3,19,14,40.02
2019-03-19 15:00:00,2019,3,19,15,43.73
2019-03-19 16:00:00,2019,3,19,16,49.19
2019-03-19 17:00:00,2019,3,19,17,48.96
2019-03-19 18:00:00,2019,3,19,18,54.63
2019-03-19 19:00:00,2019,3,19,19,57.34
2019-03-19 20:00:00,2019,3,19,20,57.66
2019-03-19 21:00:00,2019,3,19,21,57.16
2019-03-19 22:00:00,2019,3,19,22,52.17
2019-03-19 23:00:00,2019,3,19,23,52.51
2019-03-20 00:00:00,2019,3,20,0,52.9
2019-03-20 01:00:00,2019,3,20,1,52.06
2019-03-20 02:00:00,2019,3,20,2,55.24
2019-03-20 03:00:00,2019,3,20,3,64.93
2019-03-20 04:00:00,2019,3,20,4,60.86
2019-03-20 05:00:00,2019,3,20,5,60.92
2019-03-20 06:00:00,2019,3,20,6,49.55
2019-03-20 07:00:00,2019,3,20,7,45.84
2019-03-20 08:00:00,2019,3,20,8,41.28
2019-03-20 09:00:00,2019,3,20,9,38.64
2019-03-20 10:00:00,2019,3,20,10,40.28
2019-03-20 11:00:00,2019,3,20,11,38.56
2019-03-20 12:00:00,2019,3,20,12,39.16
2019-03-20 13:00:00,2019,3,20,13,40.71
2019-03-20 14:00:00,2019,3,20,14,39.43
2019-03-20 15:00:00,2019,3,20,15,40.38
2019-03-20 16:00:00,2019,3,20,16,38.63
2019-03-20 17:00:00,2019,3,20,17,38.54
2019-03-20 18:00:00,2019,3,20,18,40.6
2019-03-20 19:00:00,2019,3,20,19,37.12
2019-03-20 20:00:00,2019,3,20,20,38.98
2019-03-20 21:00:00,2019,3,20,21,45.71
2019-03-20 22:00:00,2019,3,20,22,53.74
2019-03-20 23:00:00,2019,3,20,23,60.47
2019-03-21 00:00:00,2019,3,21,0,63.78
2019-03-21 01:00:00,2019,3,21,1,73.18
2019-03-21 02:00:00,2019,3,21,2,76.39
2019-03-21 03:00:00,2019,3,21,3,78.4
2019-03-21 04:00:00,2019,3,21,4,78.19
2019-03-21 05:00:00,2019,3,21,5,56.39
2019-03-21 06:00:00,2019,3,21,6,25.72
2019-03-21 07:00:00,2019,3,21,7,49.17
2019-03-21 08:00:00,2019,3,21,8,55.02
2019-03-21 09:00:00,2019,3,21,9,55.37
2019-03-21 10:00:00,2019,3,21,10,47.02
2019-03-21 11:00:00,2019,3,21,11,46.85
2019-03-21 12:00:00,2019,3,21,12,52.05
2019-03-21 13:00:00,2019,3,21,13,37.38
2019-03-21 14:00:00,2019,3,21,14,38.36
2019-03-21 15:00:00,2019,3,21,15,38.21
2019-03-21 16:00:00,2019,3,21,16,41.88
2019-03-21 17:00:00,2019,3,21,17,45.47
2019-03-21 18:00:00,2019,3,21,18,48.0
2019-03-21 19:00:00,2019,3,21,19,45.52
2019-03-21 20:00:00,2019,3,21,20,45.03
2019-03-21 21:00:00,2019,3,21,21,41.39
2019-03-21 22:00:00,2019,3,21,22,36.49
2019-03-21 23:00:00,2019,3,21,23,34.53
2019-03-22 00:00:00,2019,3,22,0,35.59
2019-03-22 01:00:00,2019,3,22,1,34.3
2019-03-22 02:00:00,2019,3,22,2,35.84
2019-03-22 03:00:00,2019,3,22,3,40.33
2019-03-22 04:00:00,2019,3,22,4,45.17
2019-03-22 05:00:00,2019,3,22,5,44.77
2019-03-22 06:00:00,2019,3,22,6,43.35
2019-03-22 07:00:00,2019,3,22,7,42.54
2019-03-22 08:00:00,2019,3,22,8,34.61
2019-03-22 09:00:00,2019,3,22,9,34.89
2019-03-22 10:00:00,2019,3,22,10,34.11
2019-03-22 11:00:00,2019,3,22,11,34.18
2019-03-22 12:00:00,2019,3,22,12,35.73
2019-03-22 13:00:00,2019,3,22,13,36.18
2019-03-22 14:00:00,2019,3,22,14,34.26
2019-03-22 15:00:00,2019,3,22,15,41.39
2019-03-22 16:00:00,2019,3,22,16,41.86
2019-03-22 17:00:00,2019,3,22,17,42.46
2019-03-22 18:00:00,2019,3,22,18,47.67
2019-03-22 19:00:00,2019,3,22,19,46.49
2019-03-22 20:00:00,2019,3,22,20,47.98
2019-03-22 21:00:00,2019,3,22,21,45.95
2019-03-22 22:00:00,2019,3,22,22,40.76
2019-03-22 23:00:00,2019,3,22,23,41.39
2019-03-23 00:00:00,2019,3,23,0,38.54
2019-03-23 01:00:00,2019,3,23,1,40.87
2019-03-23 02:00:00,2019,3,23,2,40.52
2019-03-23 03:00:00,2019,3,23,3,45.96
2019-03-23 04:00:00,2019,3,23,4,47.52
2019-03-23 05:00:00,2019,3,23,5,46.83
2019-03-23 06:00:00,2019,3,23,6,43.44
2019-03-23 07:00:00,2019,3,23,7,43.28
2019-03-23 08:00:00,2019,3,23,8,42.93
2019-03-23 09:00:00,2019,3,23,9,39.97
2019-03-23 10:00:00,2019,3,23,10,37.75
2019-03-23 11:00:00,2019,3,23,11,37.18
2019-03-23 12:00:00,2019,3,23,12,38.08
2019-03-23 13:00:00,2019,3,23,13,41.03
2019-03-23 14:00:00,2019,3,23,14,41.77
2019-03-23 15:00:00,2019,3,23,15,46.53
2019-03-23 16:00:00,2019,3,23,16,49.32
2019-03-23 17:00:00,2019,3,23,17,49.75
2019-03-23 18:00:00,2019,3,23,18,43.88
2019-03-23 19:00:00,2019,3,23,19,45.31
2019-03-23 22:00:00,2019,3,23,22,54.76
2019-03-23 23:00:00,2019,3,23,23,49.52
2019-03-24 00:00:00,2019,3,24,0,47.22
2019-03-24 01:00:00,2019,3,24,1,50.24
2019-03-24 02:00:00,2019,3,24,2,52.67
2019-03-24 03:00:00,2019,3,24,3,51.4
2019-03-24 04:00:00,2019,3,24,4,56.26
2019-03-24 05:00:00,2019,3,24,5,55.34
2019-03-24 06:00:00,2019,3,24,6,58.49
2019-03-24 07:00:00,2019,3,24,7,57.12
2019-03-24 08:00:00,2019,3,24,8,39.51
2019-03-24 09:00:00,2019,3,24,9,39.17
2019-03-24 10:00:00,2019,3,24,10,38.65
2019-03-24 11:00:00,2019,3,24,11,37.81
2019-03-24 12:00:00,2019,3,24,12,38.37
2019-03-24 13:00:00,2019,3,24,13,39.98
2019-03-24 14:00:00,2019,3,24,14,38.71
2019-03-24 15:00:00,2019,3,24,15,45.96
2019-03-24 16:00:00,2019,3,24,16,53.01
2019-03-24 17:00:00,2019,3,24,17,53.69
2019-03-24 18:00:00,2019,3,24,18,58.88
2019-03-24 19:00:00,2019,3,24,19,62.0
2019-03-24 20:00:00,2019,3,24,20,59.33
2019-03-24 21:00:00,2019,3,24,21,55.01
2019-03-24 22:00:00,2019,3,24,22,61.56
2019-03-24 23:00:00,2019,3,24,23,60.45
2019-03-25 00:00:00,2019,3,25,0,60.12
2019-03-25 01:00:00,2019,3,25,1,62.08
2019-03-25 02:00:00,2019,3,25,2,59.38
2019-03-25 03:00:00,2019,3,25,3,59.61
2019-03-25 04:00:00,2019,3,25,4,66.53
2019-03-25 05:00:00,2019,3,25,5,65.42
2019-03-25 06:00:00,2019,3,25,6,62.76
2019-03-25 07:00:00,2019,3,25,7,56.87
2019-03-25 08:00:00,2019,3,25,8,57.32
2019-03-25 09:00:00,2019,3,25,9,47.8
2019-03-25 10:00:00,2019,3,25,10,47.62
2019-03-25 11:00:00,2019,3,25,11,42.62
2019-03-25 12:00:00,2019,3,25,12,42.36
2019-03-25 13:00:00,2019,3,25,13,44.34
2019-03-25 14:00:00,2019,3,25,14,44.63
2019-03-25 15:00:00,2019,3,25,15,45.0
2019-03-25 16:00:00,2019,3,25,16,44.32
2019-03-25 17:00:00,2019,3,25,17,52.82
2019-03-25 18:00:00,2019,3,25,18,54.26
2019-03-25 19:00:00,2019,3,25,19,54.26
2019-03-25 20:00:00,2019,3,25,20,53.91
2019-03-25 21:00:00,2019,3,25,21,53.14
2019-03-25 22:00:00,2019,3,25,22,56.66
2019-03-25 23:00:00,2019,3,25,23,55.68
2019-03-26 00:00:00,2019,3,26,0,55.9
2019-03-26 01:00:00,2019,3,26,1,52.77
2019-03-26 02:00:00,2019,3,26,2,52.66
2019-03-26 03:00:00,2019,3,26,3,56.97
2019-03-26 04:00:00,2019,3,26,4,56.12
2019-03-26 05:00:00,2019,3,26,5,56.06
2019-03-26 06:00:00,2019,3,26,6,55.97
2019-03-26 07:00:00,2019,3,26,7,50.91
2019-03-26 08:00:00,2019,3,26,8,50.59
2019-03-26 09:00:00,2019,3,26,9,43.02
2019-03-26 10:00:00,2019,3,26,10,41.45
2019-03-26 11:00:00,2019,3,26,11,37.81
2019-03-26 12:00:00,2019,3,26,12,39.06
2019-03-26 13:00:00,2019,3,26,13,35.85
2019-03-26 14:00:00,2019,3,26,14,42.88
2019-03-26 15:00:00,2019,3,26,15,42.77
2019-03-26 16:00:00,2019,3,26,16,42.49
2019-03-26 17:00:00,2019,3,26,17,50.44
2019-03-26 18:00:00,2019,3,26,18,52.09
2019-03-26 19:00:00,2019,3,26,19,55.02
2019-03-26 20:00:00,2019,3,26,20,53.07
2019-03-26 21:00:00,2019,3,26,21,51.56
2019-03-26 22:00:00,2019,3,26,22,50.9
2019-03-26 23:00:00,2019,3,26,23,49.12
2019-03-27 00:00:00,2019,3,27,0,46.85
2019-03-27 01:00:00,2019,3,27,1,46.84
2019-03-27 02:00:00,2019,3,27,2,52.05
2019-03-27 03:00:00,2019,3,27,3,55.58
2019-03-27 04:00:00,2019,3,27,4,60.31
2019-03-27 05:00:00,2019,3,27,5,59.57
2019-03-27 06:00:00,2019,3,27,6,59.33
2019-03-27 07:00:00,2019,3,27,7,51.5
2019-03-27 08:00:00,2019,3,27,8,44.77
2019-03-27 09:00:00,2019,3,27,9,37.77
2019-03-27 10:00:00,2019,3,27,10,37.4
2019-03-27 11:00:00,2019,3,27,11,38.31
2019-03-27 12:00:00,2019,3,27,12,39.89
2019-03-27 13:00:00,2019,3,27,13,45.14
2019-03-27 14:00:00,2019,3,27,14,38.44
2019-03-27 15:00:00,2019,3,27,15,38.5
2019-03-27 16:00:00,2019,3,27,16,53.11
2019-03-27 17:00:00,2019,3,27,17,60.0
2019-03-27 18:00:00,2019,3,27,18,64.22
2019-03-27 19:00:00,2019,3,27,19,65.79
2019-03-27 20:00:00,2019,3,27,20,67.38
2019-03-27 21:00:00,2019,3,27,21,61.96
2019-03-27 22:00:00,2019,3,27,22,59.22
2019-03-27 23:00:00,2019,3,27,23,61.97
2019-03-28 00:00:00,2019,3,28,0,56.78
2019-03-28 01:00:00,2019,3,28,1,57.13
2019-03-28 02:00:00,2019,3,28,2,57.44
2019-03-28 03:00:00,2019,3,28,3,64.85
2019-03-28 04:00:00,2019,3,28,4,66.38
2019-03-28 05:00:00,2019,3,28,5,60.27
2019-03-28 06:00:00,2019,3,28,6,58.82
2019-03-28 07:00:00,2019,3,28,7,56.95
2019-03-28 08:00:00,2019,3,28,8,56.05
2019-03-28 09:00:00,2019,3,28,9,57.81
2019-03-28 10:00:00,2019,3,28,10,60.21
2019-03-28 11:00:00,2019,3,28,11,67.25
2019-03-28 12:00:00,2019,3,28,12,33.21
2019-03-28 13:00:00,2019,3,28,13,58.48
2019-03-28 14:00:00,2019,3,28,14,36.87
2019-03-28 15:00:00,2019,3,28,15,51.03
2019-03-28 16:00:00,2019,3,28,16,53.07
2019-03-28 17:00:00,2019,3,28,17,54.48
2019-03-28 18:00:00,2019,3,28,18,63.91
2019-03-28 19:00:00,2019,3,28,19,68.7
2019-03-28 20:00:00,2019,3,28,20,68.8
2019-03-28 21:00:00,2019,3,28,21,70.6
2019-03-28 22:00:00,2019,3,28,22,71.0
2019-03-28 23:00:00,2019,3,28,23,71.43
2019-03-29 00:00:00,2019,3,29,0,70.41
2019-03-29 01:00:00,2019,3,29,1,59.11
2019-03-29 02:00:00,2019,3,29,2,60.66
2019-03-29 03:00:00,2019,3,29,3,68.32
2019-03-29 04:00:00,2019,3,29,4,85.77
2019-03-29 05:00:00,2019,3,29,5,79.35
2019-03-29 06:00:00,2019,3,29,6,66.99
2019-03-29 07:00:00,2019,3,29,7,57.64
2019-03-29 08:00:00,2019,3,29,8,53.53
2019-03-29 09:00:00,2019,3,29,9,51.66
2019-03-29 10:00:00,2019,3,29,10,51.7
2019-03-29 11:00:00,2019,3,29,11,53.18
2019-03-29 12:00:00,2019,3,29,12,48.94
2019-03-29 13:00:00,2019,3,29,13,43.15
2019-03-29 14:00:00,2019,3,29,14,43.29
2019-03-29 15:00:00,2019,3,29,15,45.37
2019-03-29 16:00:00,2019,3,29,16,55.48
2019-03-29 17:00:00,2019,3,29,17,64.29
2019-03-29 18:00:00,2019,3,29,18,59.86
2019-03-29 19:00:00,2019,3,29,19,59.83
2019-03-29 20:00:00,2019,3,29,20,62.97
2019-03-29 21:00:00,2019,3,29,21,63.83
2019-03-29 22:00:00,2019,3,29,22,67.87
2019-03-29 23:00:00,2019,3,29,23,67.92
2019-03-30 00:00:00,2019,3,30,0,67.59
2019-03-30 01:00:00,2019,3,30,1,67.21
2019-03-30 02:00:00,2019,3,30,2,67.08
2019-03-30 03:00:00,2019,3,30,3,72.42
2019-03-30 04:00:00,2019,3,30,4,74.92
2019-03-30 05:00:00,2019,3,30,5,74.18
2019-03-30 06:00:00,2019,3,30,6,59.06
2019-03-30 07:00:00,2019,3,30,7,57.64
2019-03-30 08:00:00,2019,3,30,8,57.65
2019-03-30 09:00:00,2019,3,30,9,57.28
2019-03-30 10:00:00,2019,3,30,10,65.88
2019-03-30 11:00:00,2019,3,30,11,66.12
2019-03-30 12:00:00,2019,3,30,12,66.4
2019-03-30 13:00:00,2019,3,30,13,45.07
2019-03-30 14:00:00,2019,3,30,14,48.42
2019-03-30 15:00:00,2019,3,30,15,54.61
2019-03-30 16:00:00,2019,3,30,16,60.77
2019-03-30 17:00:00,2019,3,30,17,61.88
2019-03-30 18:00:00,2019,3,30,18,62.09
2019-03-30 19:00:00,2019,3,30,19,64.45
2019-03-30 20:00:00,2019,3,30,20,68.46
2019-03-30 21:00:00,2019,3,30,21,53.69
2019-03-30 22:00:00,2019,3,30,22,53.2
2019-03-30 23:00:00,2019,3,30,23,53.7
2019-03-31 00:00:00,2019,3,31,0,54.5
2019-03-31 01:00:00,2019,3,31,1,55.04
2019-03-31 02:00:00,2019,3,31,2,54.01
2019-03-31 03:00:00,2019,3,31,3,54.98
2019-03-31 04:00:00,2019,3,31,4,51.38
2019-03-31 05:00:00,2019,3,31,5,53.56
2019-03-31 06:00:00,2019,3,31,6,51.03
2019-03-31 07:00:00,2019,3,31,7,51.96
2019-03-31 08:00:00,2019,3,31,8,58.39
2019-03-31 09:00:00,2019,3,31,9,54.05
2019-03-31 10:00:00,2019,3,31,10,56.0
2019-03-31 11:00:00,2019,3,31,11,40.95
2019-03-31 12:00:00,2019,3,31,12,35.84
2019-03-31 13:00:00,2019,3,31,13,35.34
2019-03-31 14:00:00,2019,3,31,14,37.74
2019-03-31 15:00:00,2019,3,31,15,41.13
2019-03-31 16:00:00,2019,3,31,16,45.0
2019-03-31 17:00:00,2019,3,31,17,44.9
2019-03-31 18:00:00,2019,3,31,18,44.77
2019-03-31 19:00:00,2019,3,31,19,46.3
2019-03-31 20:00:00,2019,3,31,20,42.35
2019-03-31 21:00:00,2019,3,31,21,42.38
2019-03-31 22:00:00,2019,3,31,22,42.56
2019-03-31 23:00:00,2019,3,31,23,40.83
2019-04-01 00:00:00,2019,4,1,0,40.79
2019-04-01 01:00:00,2019,4,1,1,40.07
2019-04-01 02:00:00,2019,4,1,2,43.79
2019-04-01 03:00:00,2019,4,1,3,47.1
2019-04-01 04:00:00,2019,4,1,4,50.55
2019-04-01 05:00:00,2019,4,1,5,52.3
2019-04-01 06:00:00,2019,4,1,6,46.13
2019-04-01 07:00:00,2019,4,1,7,45.73
2019-04-01 08:00:00,2019,4,1,8,46.26
2019-04-01 09:00:00,2019,4,1,9,37.71
2019-04-01 10:00:00,2019,4,1,10,33.46
2019-04-01 11:00:00,2019,4,1,11,33.65
2019-04-01 12:00:00,2019,4,1,12,33.6
2019-04-01 13:00:00,2019,4,1,13,33.96
2019-04-01 14:00:00,2019,4,1,14,36.97
2019-04-01 15:00:00,2019,4,1,15,45.22
2019-04-01 16:00:00,2019,4,1,16,47.21
2019-04-01 17:00:00,2019,4,1,17,49.47
2019-04-01 18:00:00,2019,4,1,18,50.59
2019-04-01 19:00:00,2019,4,1,19,50.66
2019-04-01 20:00:00,2019,4,1,20,46.74
2019-04-01 21:00:00,2019,4,1,21,48.01
2019-04-01 22:00:00,2019,4,1,22,50.47
2019-04-01 23:00:00,2019,4,1,23,49.28
2019-04-02 00:00:00,2019,4,2,0,46.85
2019-04-02 01:00:00,2019,4,2,1,46.82
2019-04-02 02:00:00,2019,4,2,2,49.91
2019-04-02 03:00:00,2019,4,2,3,52.76
2019-04-02 04:00:00,2019,4,2,4,62.02
2019-04-02 05:00:00,2019,4,2,5,59.61
2019-04-02 06:00:00,2019,4,2,6,57.29
2019-04-02 07:00:00,2019,4,2,7,52.87
2019-04-02 08:00:00,2019,4,2,8,50.77
2019-04-02 09:00:00,2019,4,2,9,43.48
2019-04-02 10:00:00,2019,4,2,10,40.76
2019-04-02 11:00:00,2019,4,2,11,41.44
2019-04-02 12:00:00,2019,4,2,12,38.97
2019-04-02 13:00:00,2019,4,2,13,54.06
2019-04-02 14:00:00,2019,4,2,14,33.33
2019-04-02 15:00:00,2019,4,2,15,33.51
2019-04-02 16:00:00,2019,4,2,16,33.75
2019-04-02 17:00:00,2019,4,2,17,34.44
2019-04-02 18:00:00,2019,4,2,18,53.47
2019-04-02 19:00:00,2019,4,2,19,53.79
2019-04-02 20:00:00,2019,4,2,20,54.41
2019-04-02 21:00:00,2019,4,2,21,50.01
2019-04-02 22:00:00,2019,4,2,22,47.41
2019-04-02 23:00:00,2019,4,2,23,48.49
2019-04-03 00:00:00,2019,4,3,0,47.72
2019-04-03 01:00:00,2019,4,3,1,58.09
2019-04-03 02:00:00,2019,4,3,2,58.9
2019-04-03 03:00:00,2019,4,3,3,59.49
2019-04-03 04:00:00,2019,4,3,4,65.56
2019-04-03 05:00:00,2019,4,3,5,65.32
2019-04-03 06:00:00,2019,4,3,6,62.48
2019-04-03 07:00:00,2019,4,3,7,51.91
2019-04-03 08:00:00,2019,4,3,8,46.64
2019-04-03 09:00:00,2019,4,3,9,46.63
2019-04-03 10:00:00,2019,4,3,10,38.59
2019-04-03 11:00:00,2019,4,3,11,38.52
2019-04-03 12:00:00,2019,4,3,12,39.18
2019-04-03 13:00:00,2019,4,3,13,39.54
2019-04-03 14:00:00,2019,4,3,14,39.02
2019-04-03 15:00:00,2019,4,3,15,38.91
2019-04-03 16:00:00,2019,4,3,16,43.66
2019-04-03 17:00:00,2019,4,3,17,54.35
2019-04-03 18:00:00,2019,4,3,18,54.35
2019-04-03 19:00:00,2019,4,3,19,59.13
2019-04-03 20:00:00,2019,4,3,20,60.03
2019-04-03 21:00:00,2019,4,3,21,59.04
2019-04-03 22:00:00,2019,4,3,22,60.86
2019-04-03 23:00:00,2019,4,3,23,62.22
2019-04-04 00:00:00,2019,4,4,0,62.12
2019-04-04 01:00:00,2019,4,4,1,58.92
2019-04-04 02:00:00,2019,4,4,2,64.4
2019-04-04 03:00:00,2019,4,4,3,60.8
2019-04-04 04:00:00,2019,4,4,4,56.73
2019-04-04 05:00:00,2019,4,4,5,64.1
2019-04-04 06:00:00,2019,4,4,6,61.07
2019-04-04 07:00:00,2019,4,4,7,55.5
2019-04-04 08:00:00,2019,4,4,8,55.19
2019-04-04 09:00:00,2019,4,4,9,49.66
2019-04-04 10:00:00,2019,4,4,10,42.03
2019-04-04 11:00:00,2019,4,4,11,37.49
2019-04-04 12:00:00,2019,4,4,12,36.63
2019-04-04 13:00:00,2019,4,4,13,37.27
2019-04-04 14:00:00,2019,4,4,14,36.19
2019-04-04 15:00:00,2019,4,4,15,65.85
2019-04-04 19:00:00,2019,4,4,19,41.66
2019-04-04 20:00:00,2019,4,4,20,53.66
2019-04-04 21:00:00,2019,4,4,21,53.82
2019-04-04 22:00:00,2019,4,4,22,49.52
2019-04-04 23:00:00,2019,4,4,23,49.49
2019-04-05 00:00:00,2019,4,5,0,47.66
2019-04-05 01:00:00,2019,4,5,1,47.72
2019-04-05 02:00:00,2019,4,5,2,48.37
2019-04-05 03:00:00,2019,4,5,3,53.8
2019-04-05 04:00:00,2019,4,5,4,53.72
2019-04-05 05:00:00,2019,4,5,5,55.93
2019-04-05 06:00:00,2019,4,5,6,54.29
2019-04-05 07:00:00,2019,4,5,7,55.26
2019-04-05 08:00:00,2019,4,5,8,53.51
2019-04-05 09:00:00,2019,4,5,9,51.88
2019-04-05 10:00:00,2019,4,5,10,51.14
2019-04-05 11:00:00,2019,4,5,11,50.77
2019-04-05 12:00:00,2019,4,5,12,39.04
2019-04-05 13:00:00,2019,4,5,13,38.93
2019-04-05 14:00:00,2019,4,5,14,38.47
2019-04-05 15:00:00,2019,4,5,15,42.53
2019-04-05 16:00:00,2019,4,5,16,42.48
2019-04-05 17:00:00,2019,4,5,17,48.72
2019-04-05 18:00:00,2019,4,5,18,49.21
2019-04-05 19:00:00,2019,4,5,19,61.81
2019-04-06 01:00:00,2019,4,6,1,42.51
2019-04-06 02:00:00,2019,4,6,2,43.4
2019-04-06 03:00:00,2019,4,6,3,41.87
2019-04-06 04:00:00,2019,4,6,4,55.19
2019-04-06 05:00:00,2019,4,6,5,55.12
2019-04-06 06:00:00,2019,4,6,6,51.37
2019-04-06 07:00:00,2019,4,6,7,51.41
2019-04-06 08:00:00,2019,4,6,8,49.09
2019-04-06 09:00:00,2019,4,6,9,43.93
2019-04-06 10:00:00,2019,4,6,10,43.41
2019-04-06 11:00:00,2019,4,6,11,42.0
2019-04-06 12:00:00,2019,4,6,12,49.45
2019-04-06 13:00:00,2019,4,6,13,35.46
2019-04-06 14:00:00,2019,4,6,14,44.27
2019-04-06 15:00:00,2019,4,6,15,42.96
2019-04-06 16:00:00,2019,4,6,16,42.25
2019-04-06 17:00:00,2019,4,6,17,42.14
2019-04-06 18:00:00,2019,4,6,18,36.43
2019-04-06 19:00:00,2019,4,6,19,41.15
2019-04-06 20:00:00,2019,4,6,20,45.49
2019-04-07 04:00:00,2019,4,7,4,48.5
2019-04-07 05:00:00,2019,4,7,5,48.16
2019-04-07 06:00:00,2019,4,7,6,43.93
2019-04-07 07:00:00,2019,4,7,7,43.32
2019-04-07 08:00:00,2019,4,7,8,39.51
2019-04-07 09:00:00,2019,4,7,9,37.93
2019-04-07 12:00:00,2019,4,7,12,43.64
2019-04-07 13:00:00,2019,4,7,13,38.58
2019-04-07 14:00:00,2019,4,7,14,37.06
2019-04-07 15:00:00,2019,4,7,15,34.72
2019-04-07 16:00:00,2019,4,7,16,25.4
2019-04-07 17:00:00,2019,4,7,17,24.6
2019-04-07 18:00:00,2019,4,7,18,33.01
2019-04-07 23:00:00,2019,4,7,23,35.26
2019-04-08 00:00:00,2019,4,8,0,35.76
2019-04-08 01:00:00,2019,4,8,1,36.28
2019-04-08 02:00:00,2019,4,8,2,39.26
2019-04-08 03:00:00,2019,4,8,3,42.35
2019-04-08 04:00:00,2019,4,8,4,42.65
2019-04-08 05:00:00,2019,4,8,5,46.84
2019-04-08 06:00:00,2019,4,8,6,46.22
2019-04-08 07:00:00,2019,4,8,7,43.89
2019-04-08 08:00:00,2019,4,8,8,44.77
2019-04-08 09:00:00,2019,4,8,9,43.42
2019-04-08 10:00:00,2019,4,8,10,42.37
2019-04-08 11:00:00,2019,4,8,11,32.84
2019-04-08 12:00:00,2019,4,8,12,32.89
2019-04-08 13:00:00,2019,4,8,13,32.92
2019-04-08 15:00:00,2019,4,8,15,41.69
2019-04-08 16:00:00,2019,4,8,16,41.92
2019-04-08 17:00:00,2019,4,8,17,41.48
2019-04-08 18:00:00,2019,4,8,18,44.36
2019-04-08 19:00:00,2019,4,8,19,45.85
2019-04-08 20:00:00,2019,4,8,20,45.79
2019-04-08 21:00:00,2019,4,8,21,45.51
2019-04-08 22:00:00,2019,4,8,22,45.09
2019-04-08 23:00:00,2019,4,8,23,46.29
2019-04-09 00:00:00,2019,4,9,0,43.78
2019-04-09 01:00:00,2019,4,9,1,44.93
2019-04-09 02:00:00,2019,4,9,2,50.74
2019-04-09 03:00:00,2019,4,9,3,54.17
2019-04-09 04:00:00,2019,4,9,4,55.01
2019-04-09 05:00:00,2019,4,9,5,54.53
2019-04-09 06:00:00,2019,4,9,6,55.24
2019-04-09 07:00:00,2019,4,9,7,58.88
2019-04-09 14:00:00,2019,4,9,14,35.04
2019-04-09 15:00:00,2019,4,9,15,39.19
2019-04-09 16:00:00,2019,4,9,16,39.57
2019-04-09 17:00:00,2019,4,9,17,45.57
2019-04-09 18:00:00,2019,4,9,18,49.2
2019-04-09 19:00:00,2019,4,9,19,48.63
2019-04-09 20:00:00,2019,4,9,20,43.71
2019-04-09 21:00:00,2019,4,9,21,44.19
2019-04-09 22:00:00,2019,4,9,22,47.42
2019-04-09 23:00:00,2019,4,9,23,47.95
2019-04-10 00:00:00,2019,4,10,0,47.99
2019-04-10 01:00:00,2019,4,10,1,50.47
2019-04-10 02:00:00,2019,4,10,2,51.23
2019-04-10 03:00:00,2019,4,10,3,51.59
2019-04-10 04:00:00,2019,4,10,4,51.48
2019-04-10 05:00:00,2019,4,10,5,49.84
2019-04-10 06:00:00,2019,4,10,6,44.87
2019-04-10 07:00:00,2019,4,10,7,44.11
2019-04-10 08:00:00,2019,4,10,8,42.32
2019-04-10 09:00:00,2019,4,10,9,41.51
2019-04-10 10:00:00,2019,4,10,10,42.29
2019-04-10 11:00:00,2019,4,10,11,44.89
2019-04-10 12:00:00,2019,4,10,12,54.43
2019-04-10 13:00:00,2019,4,10,13,54.63
2019-04-10 14:00:00,2019,4,10,14,34.2
2019-04-10 15:00:00,2019,4,10,15,34.55
2019-04-10 16:00:00,2019,4,10,16,35.6
2019-04-10 17:00:00,2019,4,10,17,55.86
2019-04-10 18:00:00,2019,4,10,18,55.81
2019-04-10 19:00:00,2019,4,10,19,49.07
2019-04-10 20:00:00,2019,4,10,20,47.05
2019-04-10 21:00:00,2019,4,10,21,34.27
2019-04-10 22:00:00,2019,4,10,22,37.16
2019-04-10 23:00:00,2019,4,10,23,48.85
2019-04-11 00:00:00,2019,4,11,0,53.07
2019-04-11 01:00:00,2019,4,11,1,42.35
2019-04-11 02:00:00,2019,4,11,2,44.79
2019-04-11 03:00:00,2019,4,11,3,44.8
2019-04-11 04:00:00,2019,4,11,4,48.91
2019-04-11 05:00:00,2019,4,11,5,45.63
2019-04-11 06:00:00,2019,4,11,6,52.9
2019-04-11 07:00:00,2019,4,11,7,52.88
2019-04-11 08:00:00,2019,4,11,8,41.55
2019-04-11 09:00:00,2019,4,11,9,38.9
2019-04-11 10:00:00,2019,4,11,10,36.92
2019-04-11 11:00:00,2019,4,11,11,38.01
2019-04-11 12:00:00,2019,4,11,12,38.91
2019-04-11 13:00:00,2019,4,11,13,38.99
2019-04-11 14:00:00,2019,4,11,14,39.46
2019-04-11 15:00:00,2019,4,11,15,37.3
2019-04-11 16:00:00,2019,4,11,16,37.73
2019-04-11 17:00:00,2019,4,11,17,38.66
2019-04-11 18:00:00,2019,4,11,18,39.13
2019-04-11 19:00:00,2019,4,11,19,39.24
2019-04-11 20:00:00,2019,4,11,20,45.82
2019-04-11 21:00:00,2019,4,11,21,44.84
2019-04-11 22:00:00,2019,4,11,22,49.85
2019-04-11 23:00:00,2019,4,11,23,45.7
2019-04-12 00:00:00,2019,4,12,0,49.02
2019-04-12 01:00:00,2019,4,12,1,43.14
2019-04-12 02:00:00,2019,4,12,2,47.06
2019-04-12 03:00:00,2019,4,12,3,47.1
2019-04-12 04:00:00,2019,4,12,4,48.41
2019-04-12 05:00:00,2019,4,12,5,55.12
2019-04-12 06:00:00,2019,4,12,6,43.53
2019-04-12 07:00:00,2019,4,12,7,43.55
2019-04-12 08:00:00,2019,4,12,8,43.59
2019-04-12 09:00:00,2019,4,12,9,44.13
2019-04-12 10:00:00,2019,4,12,10,46.89
2019-04-12 13:00:00,2019,4,12,13,32.54
2019-04-12 14:00:00,2019,4,12,14,34.52
2019-04-12 15:00:00,2019,4,12,15,39.5
2019-04-12 16:00:00,2019,4,12,16,42.92
2019-04-12 17:00:00,2019,4,12,17,42.99
2019-04-12 18:00:00,2019,4,12,18,38.19
2019-04-12 19:00:00,2019,4,12,19,38.01
2019-04-13 01:00:00,2019,4,13,1,50.45
2019-04-13 04:00:00,2019,4,13,4,53.34
2019-04-13 05:00:00,2019,4,13,5,53.35
2019-04-13 06:00:00,2019,4,13,6,53.35
2019-04-13 08:00:00,2019,4,13,8,42.4
2019-04-13 09:00:00,2019,4,13,9,42.39
2019-04-13 10:00:00,2019,4,13,10,40.77
2019-04-13 11:00:00,2019,4,13,11,54.73
2019-04-13 12:00:00,2019,4,13,12,52.12
2019-04-13 13:00:00,2019,4,13,13,50.37
2019-04-13 14:00:00,2019,4,13,14,46.15
2019-04-13 15:00:00,2019,4,13,15,46.13
2019-04-13 16:00:00,2019,4,13,16,45.38
2019-04-13 17:00:00,2019,4,13,17,45.6
2019-04-13 18:00:00,2019,4,13,18,38.52
2019-04-13 19:00:00,2019,4,13,19,47.46
2019-04-13 20:00:00,2019,4,13,20,47.3
2019-04-13 21:00:00,2019,4,13,21,46.09
2019-04-13 22:00:00,2019,4,13,22,44.58
2019-04-13 23:00:00,2019,4,13,23,45.21
2019-04-14 00:00:00,2019,4,14,0,40.27
2019-04-14 01:00:00,2019,4,14,1,42.03
2019-04-14 02:00:00,2019,4,14,2,43.58
2019-04-14 03:00:00,2019,4,14,3,45.15
2019-04-14 04:00:00,2019,4,14,4,45.32
2019-04-14 05:00:00,2019,4,14,5,46.87
2019-04-14 06:00:00,2019,4,14,6,44.71
2019-04-14 07:00:00,2019,4,14,7,44.4
2019-04-14 08:00:00,2019,4,14,8,35.91
2019-04-14 09:00:00,2019,4,14,9,35.76
2019-04-14 10:00:00,2019,4,14,10,34.79
2019-04-14 11:00:00,2019,4,14,11,35.92
2019-04-14 12:00:00,2019,4,14,12,34.85
2019-04-14 13:00:00,2019,4,14,13,34.38
2019-04-14 14:00:00,2019,4,14,14,37.2
2019-04-14 15:00:00,2019,4,14,15,40.58
2019-04-14 16:00:00,2019,4,14,16,43.64
2019-04-14 17:00:00,2019,4,14,17,45.75
2019-04-14 18:00:00,2019,4,14,18,46.8
2019-04-14 19:00:00,2019,4,14,19,48.49
2019-04-14 20:00:00,2019,4,14,20,47.73
2019-04-14 21:00:00,2019,4,14,21,42.02
2019-04-14 22:00:00,2019,4,14,22,44.21
2019-04-14 23:00:00,2019,4,14,23,42.5
2019-04-15 00:00:00,2019,4,15,0,41.59
2019-04-15 01:00:00,2019,4,15,1,43.26
2019-04-15 02:00:00,2019,4,15,2,44.2
2019-04-15 03:00:00,2019,4,15,3,44.38
2019-04-15 04:00:00,2019,4,15,4,45.89
2019-04-15 05:00:00,2019,4,15,5,45.57
2019-04-15 06:00:00,2019,4,15,6,41.86
2019-04-15 07:00:00,2019,4,15,7,42.12
2019-04-15 08:00:00,2019,4,15,8,40.83
2019-04-15 09:00:00,2019,4,15,9,37.83
2019-04-15 10:00:00,2019,4,15,10,37.88
2019-04-15 11:00:00,2019,4,15,11,37.35
2019-04-15 12:00:00,2019,4,15,12,37.5
2019-04-15 14:00:00,2019,4,15,14,40.63
2019-04-15 15:00:00,2019,4,15,15,44.73
2019-04-15 16:00:00,2019,4,15,16,47.83
2019-04-15 17:00:00,2019,4,15,17,37.17
2019-04-15 18:00:00,2019,4,15,18,36.66
2019-04-15 19:00:00,2019,4,15,19,38.32
2019-04-15 20:00:00,2019,4,15,20,39.42
2019-04-15 21:00:00,2019,4,15,21,51.99
2019-04-15 22:00:00,2019,4,15,22,48.44
2019-04-15 23:00:00,2019,4,15,23,50.57
2019-04-16 00:00:00,2019,4,16,0,48.02
2019-04-16 01:00:00,2019,4,16,1,55.77
2019-04-16 02:00:00,2019,4,16,2,72.59
2019-04-16 03:00:00,2019,4,16,3,74.12
2019-04-16 04:00:00,2019,4,16,4,59.85
2019-04-16 05:00:00,2019,4,16,5,58.84
2019-04-16 06:00:00,2019,4,16,6,48.62
2019-04-16 07:00:00,2019,4,16,7,49.0
2019-04-16 08:00:00,2019,4,16,8,52.93
2019-04-16 09:00:00,2019,4,16,9,52.51
2019-04-16 10:00:00,2019,4,16,10,47.79
2019-04-16 11:00:00,2019,4,16,11,47.78
2019-04-16 12:00:00,2019,4,16,12,48.45
2019-04-16 13:00:00,2019,4,16,13,44.01
2019-04-16 14:00:00,2019,4,16,14,43.7
2019-04-16 15:00:00,2019,4,16,15,41.16
2019-04-16 16:00:00,2019,4,16,16,40.75
2019-04-16 17:00:00,2019,4,16,17,38.71
2019-04-16 18:00:00,2019,4,16,18,37.64
2019-04-16 19:00:00,2019,4,16,19,38.15
2019-04-16 20:00:00,2019,4,16,20,41.95
2019-04-16 21:00:00,2019,4,16,21,41.4
2019-04-16 22:00:00,2019,4,16,22,41.53
2019-04-16 23:00:00,2019,4,16,23,42.45
2019-04-17 00:00:00,2019,4,17,0,36.47
2019-04-17 01:00:00,2019,4,17,1,38.54
2019-04-17 02:00:00,2019,4,17,2,33.38
2019-04-17 03:00:00,2019,4,17,3,31.55
2019-04-17 04:00:00,2019,4,17,4,32.9
2019-04-17 05:00:00,2019,4,17,5,31.1
2019-04-17 06:00:00,2019,4,17,6,25.7
2019-04-17 07:00:00,2019,4,17,7,32.09
2019-04-17 08:00:00,2019,4,17,8,37.52
2019-04-17 09:00:00,2019,4,17,9,39.09
2019-04-17 10:00:00,2019,4,17,10,36.73
2019-04-17 11:00:00,2019,4,17,11,33.36
2019-04-17 12:00:00,2019,4,17,12,33.35
2019-04-17 13:00:00,2019,4,17,13,33.22
2019-04-17 14:00:00,2019,4,17,14,31.84
2019-04-17 15:00:00,2019,4,17,15,31.76
2019-04-17 16:00:00,2019,4,17,16,31.74
2019-04-17 17:00:00,2019,4,17,17,29.36
2019-04-17 18:00:00,2019,4,17,18,30.57
2019-04-17 19:00:00,2019,4,17,19,31.95
2019-04-17 20:00:00,2019,4,17,20,34.64
2019-04-17 21:00:00,2019,4,17,21,34.04
2019-04-17 22:00:00,2019,4,17,22,39.82
2019-04-17 23:00:00,2019,4,17,23,38.94
2019-04-18 00:00:00,2019,4,18,0,40.25
2019-04-18 01:00:00,2019,4,18,1,37.52
2019-04-18 02:00:00,2019,4,18,2,37.7
2019-04-18 03:00:00,2019,4,18,3,31.84
2019-04-18 04:00:00,2019,4,18,4,31.07
2019-04-18 05:00:00,2019,4,18,5,27.16
2019-04-18 06:00:00,2019,4,18,6,29.78
2019-04-18 07:00:00,2019,4,18,7,34.48
2019-04-18 08:00:00,2019,4,18,8,39.51
2019-04-18 09:00:00,2019,4,18,9,40.61
2019-04-18 10:00:00,2019,4,18,10,38.3
2019-04-18 11:00:00,2019,4,18,11,35.58
2019-04-18 12:00:00,2019,4,18,12,32.49
2019-04-18 13:00:00,2019,4,18,13,30.78
2019-04-18 14:00:00,2019,4,18,14,30.6
2019-04-18 15:00:00,2019,4,18,15,31.33
2019-04-18 16:00:00,2019,4,18,16,29.81
2019-04-18 17:00:00,2019,4,18,17,31.83
2019-04-18 18:00:00,2019,4,18,18,27.88
2019-04-18 19:00:00,2019,4,18,19,27.84
2019-04-18 20:00:00,2019,4,18,20,29.16
2019-04-18 21:00:00,2019,4,18,21,34.74
2019-04-18 22:00:00,2019,4,18,22,35.76
2019-04-18 23:00:00,2019,4,18,23,37.11
2019-04-19 00:00:00,2019,4,19,0,41.24
2019-04-19 01:00:00,2019,4,19,1,39.89
2019-04-19 02:00:00,2019,4,19,2,37.26
2019-04-19 03:00:00,2019,4,19,3,37.75
2019-04-19 04:00:00,2019,4,19,4,40.37
2019-04-19 05:00:00,2019,4,19,5,38.61
2019-04-19 06:00:00,2019,4,19,6,38.61
2019-04-19 07:00:00,2019,4,19,7,38.55
2019-04-19 08:00:00,2019,4,19,8,41.76
2019-04-19 09:00:00,2019,4,19,9,42.47
2019-04-19 10:00:00,2019,4,19,10,40.44
2019-04-19 11:00:00,2019,4,19,11,39.94
2019-04-19 12:00:00,2019,4,19,12,39.31
2019-04-19 13:00:00,2019,4,19,13,30.45
2019-04-19 14:00:00,2019,4,19,14,26.8
2019-04-19 15:00:00,2019,4,19,15,26.73
2019-04-19 16:00:00,2019,4,19,16,27.15
2019-04-19 17:00:00,2019,4,19,17,27.68
2019-04-19 18:00:00,2019,4,19,18,26.83
2019-04-19 19:00:00,2019,4,19,19,26.85
2019-04-19 20:00:00,2019,4,19,20,26.92
2019-04-19 21:00:00,2019,4,19,21,26.25
2019-04-19 22:00:00,2019,4,19,22,26.95
2019-04-19 23:00:00,2019,4,19,23,38.09
2019-04-20 00:00:00,2019,4,20,0,37.3
2019-04-20 01:00:00,2019,4,20,1,37.55
2019-04-20 02:00:00,2019,4,20,2,37.68
2019-04-20 03:00:00,2019,4,20,3,39.34
2019-04-20 04:00:00,2019,4,20,4,37.04
2019-04-20 05:00:00,2019,4,20,5,37.53
2019-04-20 06:00:00,2019,4,20,6,40.37
2019-04-20 07:00:00,2019,4,20,7,41.3
2019-04-20 08:00:00,2019,4,20,8,44.62
2019-04-20 09:00:00,2019,4,20,9,42.03
2019-04-20 10:00:00,2019,4,20,10,43.32
2019-04-20 11:00:00,2019,4,20,11,44.38
2019-04-20 12:00:00,2019,4,20,12,44.19
2019-04-20 13:00:00,2019,4,20,13,45.83
2019-04-20 14:00:00,2019,4,20,14,44.08
2019-04-20 15:00:00,2019,4,20,15,24.94
2019-04-20 16:00:00,2019,4,20,16,28.53
2019-04-20 17:00:00,2019,4,20,17,29.27
2019-04-20 18:00:00,2019,4,20,18,28.9
2019-04-20 19:00:00,2019,4,20,19,28.8
2019-04-20 20:00:00,2019,4,20,20,29.58
2019-04-20 21:00:00,2019,4,20,21,36.71
2019-04-20 22:00:00,2019,4,20,22,40.46
2019-04-20 23:00:00,2019,4,20,23,42.44
2019-04-21 00:00:00,2019,4,21,0,42.72
2019-04-21 01:00:00,2019,4,21,1,47.88
2019-04-21 02:00:00,2019,4,21,2,47.35
2019-04-21 03:00:00,2019,4,21,3,46.12
2019-04-21 04:00:00,2019,4,21,4,43.67
2019-04-21 05:00:00,2019,4,21,5,44.11
2019-04-21 06:00:00,2019,4,21,6,45.21
2019-04-21 07:00:00,2019,4,21,7,47.14
2019-04-21 08:00:00,2019,4,21,8,53.73
2019-04-21 09:00:00,2019,4,21,9,52.76
2019-04-21 10:00:00,2019,4,21,10,52.7
2019-04-21 11:00:00,2019,4,21,11,45.21
2019-04-21 12:00:00,2019,4,21,12,38.01
2019-04-21 13:00:00,2019,4,21,13,34.48
2019-04-21 14:00:00,2019,4,21,14,32.94
2019-04-21 15:00:00,2019,4,21,15,32.03
2019-04-21 16:00:00,2019,4,21,16,29.51
2019-04-21 17:00:00,2019,4,21,17,28.83
2019-04-21 18:00:00,2019,4,21,18,26.9
2019-04-21 19:00:00,2019,4,21,19,28.8
2019-04-21 20:00:00,2019,4,21,20,31.78
2019-04-21 21:00:00,2019,4,21,21,31.37
2019-04-21 22:00:00,2019,4,21,22,38.89
2019-04-21 23:00:00,2019,4,21,23,47.09
2019-04-22 00:00:00,2019,4,22,0,48.49
2019-04-22 01:00:00,2019,4,22,1,48.05
2019-04-22 02:00:00,2019,4,22,2,46.75
2019-04-22 03:00:00,2019,4,22,3,44.04
2019-04-22 04:00:00,2019,4,22,4,45.35
2019-04-22 05:00:00,2019,4,22,5,46.79
2019-04-22 06:00:00,2019,4,22,6,46.75
2019-04-22 07:00:00,2019,4,22,7,48.72
2019-04-22 08:00:00,2019,4,22,8,46.31
2019-04-22 09:00:00,2019,4,22,9,51.85
2019-04-22 10:00:00,2019,4,22,10,51.38
2019-04-22 11:00:00,2019,4,22,11,45.68
2019-04-22 12:00:00,2019,4,22,12,44.94
2019-04-22 13:00:00,2019,4,22,13,48.12
2019-04-22 14:00:00,2019,4,22,14,42.88
2019-04-22 15:00:00,2019,4,22,15,59.38
2019-04-22 16:00:00,2019,4,22,16,30.99
2019-04-22 17:00:00,2019,4,22,17,31.29
2019-04-22 18:00:00,2019,4,22,18,30.65
2019-04-22 19:00:00,2019,4,22,19,30.78
2019-04-22 20:00:00,2019,4,22,20,43.42
2019-04-22 21:00:00,2019,4,22,21,48.46
2019-04-22 22:00:00,2019,4,22,22,46.48
2019-04-22 23:00:00,2019,4,22,23,47.93
2019-04-23 00:00:00,2019,4,23,0,49.46
2019-04-23 01:00:00,2019,4,23,1,49.42
2019-04-23 02:00:00,2019,4,23,2,42.67
2019-04-23 03:00:00,2019,4,23,3,42.42
2019-04-23 04:00:00,2019,4,23,4,43.91
2019-04-23 05:00:00,2019,4,23,5,44.45
2019-04-23 06:00:00,2019,4,23,6,35.25
2019-04-23 07:00:00,2019,4,23,7,50.17
2019-04-23 08:00:00,2019,4,23,8,55.0
2019-04-23 09:00:00,2019,4,23,9,55.22
2019-04-23 10:00:00,2019,4,23,10,55.03
2019-04-23 11:00:00,2019,4,23,11,51.01
2019-04-23 12:00:00,2019,4,23,12,38.45
2019-04-23 13:00:00,2019,4,23,13,38.51
2019-04-23 14:00:00,2019,4,23,14,38.43
2019-04-23 15:00:00,2019,4,23,15,34.72
2019-04-23 16:00:00,2019,4,23,16,34.33
2019-04-23 17:00:00,2019,4,23,17,34.89
2019-04-23 18:00:00,2019,4,23,18,34.56
2019-04-23 19:00:00,2019,4,23,19,35.69
2019-04-23 20:00:00,2019,4,23,20,39.09
2019-04-23 21:00:00,2019,4,23,21,50.12
2019-04-23 22:00:00,2019,4,23,22,51.09
2019-04-23 23:00:00,2019,4,23,23,49.93
2019-04-24 00:00:00,2019,4,24,0,56.24
2019-04-24 01:00:00,2019,4,24,1,57.06
2019-04-24 02:00:00,2019,4,24,2,57.91
2019-04-24 03:00:00,2019,4,24,3,48.93
2019-04-24 04:00:00,2019,4,24,4,41.14
2019-04-24 05:00:00,2019,4,24,5,37.72
2019-04-24 06:00:00,2019,4,24,6,38.14
2019-04-24 07:00:00,2019,4,24,7,36.86
2019-04-24 08:00:00,2019,4,24,8,40.68
2019-04-24 09:00:00,2019,4,24,9,51.95
2019-04-24 10:00:00,2019,4,24,10,52.24
2019-04-24 11:00:00,2019,4,24,11,52.34
2019-04-24 12:00:00,2019,4,24,12,52.0
2019-04-24 13:00:00,2019,4,24,13,47.56
2019-04-24 14:00:00,2019,4,24,14,38.56
2019-04-24 15:00:00,2019,4,24,15,41.17
2019-04-24 16:00:00,2019,4,24,16,43.28
2019-04-24 17:00:00,2019,4,24,17,37.43
2019-04-24 18:00:00,2019,4,24,18,36.35
2019-04-24 19:00:00,2019,4,24,19,37.27
2019-04-24 20:00:00,2019,4,24,20,41.34
2019-04-24 21:00:00,2019,4,24,21,42.08
2019-04-24 22:00:00,2019,4,24,22,51.81
2019-04-24 23:00:00,2019,4,24,23,61.21
2019-04-25 00:00:00,2019,4,25,0,55.43
2019-04-25 01:00:00,2019,4,25,1,55.58
2019-04-25 02:00:00,2019,4,25,2,56.97
2019-04-25 03:00:00,2019,4,25,3,57.07
2019-04-25 04:00:00,2019,4,25,4,56.77
2019-04-25 05:00:00,2019,4,25,5,44.72
2019-04-25 06:00:00,2019,4,25,6,45.95
2019-04-25 07:00:00,2019,4,25,7,45.71
2019-04-25 08:00:00,2019,4,25,8,44.91
2019-04-25 09:00:00,2019,4,25,9,53.59
2019-04-25 10:00:00,2019,4,25,10,55.51
2019-04-25 11:00:00,2019,4,25,11,57.01
2019-04-25 12:00:00,2019,4,25,12,56.65
2019-04-25 13:00:00,2019,4,25,13,43.23
2019-04-25 14:00:00,2019,4,25,14,32.27
2019-04-25 15:00:00,2019,4,25,15,38.44
2019-04-25 16:00:00,2019,4,25,16,38.88
2019-04-25 17:00:00,2019,4,25,17,40.85
2019-04-25 18:00:00,2019,4,25,18,39.55
2019-04-25 19:00:00,2019,4,25,19,46.19
2019-04-25 20:00:00,2019,4,25,20,43.56
2019-04-25 21:00:00,2019,4,25,21,41.19
2019-04-25 22:00:00,2019,4,25,22,58.51
2019-04-25 23:00:00,2019,4,25,23,58.8
2019-04-26 00:00:00,2019,4,26,0,58.58
2019-04-26 01:00:00,2019,4,26,1,54.16
2019-04-26 02:00:00,2019,4,26,2,44.01
2019-04-26 03:00:00,2019,4,26,3,43.6
2019-04-26 04:00:00,2019,4,26,4,46.6
2019-04-26 05:00:00,2019,4,26,5,46.06
2019-04-26 06:00:00,2019,4,26,6,45.2
2019-04-26 07:00:00,2019,4,26,7,49.83
2019-04-26 08:00:00,2019,4,26,8,49.96
2019-04-26 09:00:00,2019,4,26,9,52.57
2019-04-26 10:00:00,2019,4,26,10,52.65
2019-04-26 11:00:00,2019,4,26,11,46.91
2019-04-26 12:00:00,2019,4,26,12,25.92
2019-04-26 13:00:00,2019,4,26,13,28.27
2019-04-26 14:00:00,2019,4,26,14,26.86
2019-04-26 15:00:00,2019,4,26,15,37.75
2019-04-26 16:00:00,2019,4,26,16,38.95
2019-04-26 17:00:00,2019,4,26,17,37.85
2019-04-26 18:00:00,2019,4,26,18,37.03
2019-04-26 19:00:00,2019,4,26,19,44.62
2019-04-26 20:00:00,2019,4,26,20,47.53
2019-04-26 21:00:00,2019,4,26,21,53.1
2019-04-26 22:00:00,2019,4,26,22,53.84
2019-04-26 23:00:00,2019,4,26,23,57.57
2019-04-27 00:00:00,2019,4,27,0,56.51
2019-04-27 01:00:00,2019,4,27,1,51.02
2019-04-27 02:00:00,2019,4,27,2,30.33
2019-04-27 03:00:00,2019,4,27,3,25.59
2019-04-27 04:00:00,2019,4,27,4,28.03
2019-04-27 05:00:00,2019,4,27,5,31.2
2019-04-27 06:00:00,2019,4,27,6,30.82
2019-04-27 07:00:00,2019,4,27,7,32.68
2019-04-27 08:00:00,2019,4,27,8,25.84
2019-04-27 09:00:00,2019,4,27,9,25.9
2019-04-27 10:00:00,2019,4,27,10,34.15
2019-04-27 11:00:00,2019,4,27,11,31.8
2019-04-27 12:00:00,2019,4,27,12,30.04
2019-04-27 13:00:00,2019,4,27,13,30.13
2019-04-27 14:00:00,2019,4,27,14,25.74
2019-04-27 15:00:00,2019,4,27,15,26.77
2019-04-27 16:00:00,2019,4,27,16,28.41
2019-04-27 17:00:00,2019,4,27,17,27.55
2019-04-27 18:00:00,2019,4,27,18,25.86
2019-04-27 19:00:00,2019,4,27,19,33.63
2019-04-27 20:00:00,2019,4,27,20,42.15
2019-04-27 21:00:00,2019,4,27,21,41.81
2019-04-27 22:00:00,2019,4,27,22,40.68
2019-04-27 23:00:00,2019,4,27,23,47.71
2019-04-28 00:00:00,2019,4,28,0,47.07
2019-04-28 01:00:00,2019,4,28,1,46.98
2019-04-28 02:00:00,2019,4,28,2,51.36
2019-04-28 03:00:00,2019,4,28,3,47.75
2019-04-28 04:00:00,2019,4,28,4,47.55
2019-04-28 05:00:00,2019,4,28,5,47.79
2019-04-28 06:00:00,2019,4,28,6,46.58
2019-04-28 07:00:00,2019,4,28,7,44.36
2019-04-28 08:00:00,2019,4,28,8,44.31
2019-04-28 09:00:00,2019,4,28,9,44.15
2019-04-28 10:00:00,2019,4,28,10,32.2
2019-04-28 11:00:00,2019,4,28,11,53.24
2019-04-28 12:00:00,2019,4,28,12,53.53
2019-04-28 13:00:00,2019,4,28,13,53.32
2019-04-28 14:00:00,2019,4,28,14,57.42
2019-04-28 15:00:00,2019,4,28,15,45.7
2019-04-28 16:00:00,2019,4,28,16,47.29
2019-04-28 17:00:00,2019,4,28,17,46.23
2019-04-28 18:00:00,2019,4,28,18,47.11
2019-04-28 19:00:00,2019,4,28,19,41.7
2019-04-28 20:00:00,2019,4,28,20,41.23
2019-04-28 21:00:00,2019,4,28,21,39.09
2019-04-28 22:00:00,2019,4,28,22,38.27
2019-04-28 23:00:00,2019,4,28,23,35.03
2019-04-29 00:00:00,2019,4,29,0,40.82
2019-04-29 01:00:00,2019,4,29,1,59.81
2019-04-29 02:00:00,2019,4,29,2,60.44
2019-04-29 03:00:00,2019,4,29,3,60.5
2019-04-29 04:00:00,2019,4,29,4,58.23
2019-04-29 05:00:00,2019,4,29,5,39.67
2019-04-29 06:00:00,2019,4,29,6,33.75
2019-04-29 07:00:00,2019,4,29,7,53.62
2019-04-29 08:00:00,2019,4,29,8,57.05
2019-04-29 09:00:00,2019,4,29,9,55.25
2019-04-29 10:00:00,2019,4,29,10,56.72
2019-04-29 11:00:00,2019,4,29,11,55.87
2019-04-29 12:00:00,2019,4,29,12,51.18
2019-04-29 13:00:00,2019,4,29,13,51.34
2019-04-29 14:00:00,2019,4,29,14,45.82
2019-04-29 15:00:00,2019,4,29,15,43.87
2019-04-29 16:00:00,2019,4,29,16,42.05
2019-04-29 17:00:00,2019,4,29,17,28.9
2019-04-29 18:00:00,2019,4,29,18,29.01
2019-04-29 19:00:00,2019,4,29,19,41.4
2019-04-29 20:00:00,2019,4,29,20,41.09
2019-04-29 21:00:00,2019,4,29,21,40.27
2019-04-29 22:00:00,2019,4,29,22,41.35
2019-04-29 23:00:00,2019,4,29,23,51.05
2019-04-30 00:00:00,2019,4,30,0,53.07
2019-04-30 01:00:00,2019,4,30,1,53.82
2019-04-30 02:00:00,2019,4,30,2,53.34
2019-04-30 03:00:00,2019,4,30,3,53.54
2019-04-30 04:00:00,2019,4,30,4,49.5
2019-04-30 05:00:00,2019,4,30,5,43.32
2019-04-30 06:00:00,2019,4,30,6,42.17
2019-04-30 07:00:00,2019,4,30,7,46.14
2019-04-30 08:00:00,2019,4,30,8,45.94
2019-04-30 09:00:00,2019,4,30,9,54.69
2019-04-30 10:00:00,2019,4,30,10,53.88
2019-04-30 11:00:00,2019,4,30,11,52.49
2019-04-30 12:00:00,2019,4,30,12,49.78
2019-04-30 13:00:00,2019,4,30,13,45.51
2019-04-30 14:00:00,2019,4,30,14,44.24
2019-04-30 15:00:00,2019,4,30,15,41.96
2019-04-30 16:00:00,2019,4,30,16,40.6
2019-04-30 17:00:00,2019,4,30,17,39.45
2019-04-30 18:00:00,2019,4,30,18,42.39
2019-04-30 19:00:00,2019,4,30,19,42.65
2019-04-30 20:00:00,2019,4,30,20,46.46
2019-04-30 21:00:00,2019,4,30,21,45.77
2019-04-30 22:00:00,2019,4,30,22,60.15
2019-04-30 23:00:00,2019,4,30,23,25.66
2019-05-01 00:00:00,2019,5,1,0,40.82
2019-05-01 01:00:00,2019,5,1,1,36.03
2019-05-01 02:00:00,2019,5,1,2,42.06
2019-05-01 03:00:00,2019,5,1,3,41.84
2019-05-01 04:00:00,2019,5,1,4,43.76
2019-05-01 05:00:00,2019,5,1,5,43.63
2019-05-01 06:00:00,2019,5,1,6,41.92
2019-05-01 07:00:00,2019,5,1,7,45.87
2019-05-01 08:00:00,2019,5,1,8,46.5
2019-05-01 09:00:00,2019,5,1,9,49.6
2019-05-01 10:00:00,2019,5,1,10,50.78
2019-05-01 11:00:00,2019,5,1,11,52.29
2019-05-01 12:00:00,2019,5,1,12,52.69
2019-05-01 13:00:00,2019,5,1,13,51.09
2019-05-01 14:00:00,2019,5,1,14,50.6
2019-05-01 15:00:00,2019,5,1,15,51.34
2019-05-01 16:00:00,2019,5,1,16,49.73
2019-05-01 17:00:00,2019,5,1,17,50.24
2019-05-01 18:00:00,2019,5,1,18,60.36
2019-05-01 19:00:00,2019,5,1,19,26.41
2019-05-01 20:00:00,2019,5,1,20,28.54
2019-05-01 21:00:00,2019,5,1,21,28.8
2019-05-01 22:00:00,2019,5,1,22,30.11
2019-05-01 23:00:00,2019,5,1,23,48.4
2019-05-02 00:00:00,2019,5,2,0,50.97
2019-05-02 01:00:00,2019,5,2,1,46.81
2019-05-02 02:00:00,2019,5,2,2,46.38
2019-05-02 03:00:00,2019,5,2,3,46.72
2019-05-02 04:00:00,2019,5,2,4,48.92
2019-05-02 05:00:00,2019,5,2,5,47.83
2019-05-02 06:00:00,2019,5,2,6,48.0
2019-05-02 07:00:00,2019,5,2,7,40.64
2019-05-02 08:00:00,2019,5,2,8,48.66
2019-05-02 09:00:00,2019,5,2,9,48.6
2019-05-02 10:00:00,2019,5,2,10,47.17
2019-05-02 11:00:00,2019,5,2,11,47.24
2019-05-02 12:00:00,2019,5,2,12,39.43
2019-05-02 13:00:00,2019,5,2,13,42.64
2019-05-02 14:00:00,2019,5,2,14,40.72
2019-05-02 15:00:00,2019,5,2,15,40.46
2019-05-02 16:00:00,2019,5,2,16,40.82
2019-05-02 17:00:00,2019,5,2,17,40.3
2019-05-02 18:00:00,2019,5,2,18,42.16
2019-05-02 19:00:00,2019,5,2,19,43.52
2019-05-02 20:00:00,2019,5,2,20,43.86
2019-05-02 21:00:00,2019,5,2,21,45.62
2019-05-02 22:00:00,2019,5,2,22,40.6
2019-05-02 23:00:00,2019,5,2,23,38.99
2019-05-03 00:00:00,2019,5,3,0,38.43
2019-05-03 01:00:00,2019,5,3,1,37.67
2019-05-03 02:00:00,2019,5,3,2,36.36
2019-05-03 03:00:00,2019,5,3,3,38.59
2019-05-03 04:00:00,2019,5,3,4,42.07
2019-05-03 05:00:00,2019,5,3,5,42.25
2019-05-03 06:00:00,2019,5,3,6,44.14
2019-05-03 07:00:00,2019,5,3,7,41.61
2019-05-03 08:00:00,2019,5,3,8,42.93
2019-05-03 09:00:00,2019,5,3,9,39.24
2019-05-03 10:00:00,2019,5,3,10,37.44
2019-05-03 11:00:00,2019,5,3,11,37.47
2019-05-03 12:00:00,2019,5,3,12,35.73
2019-05-03 13:00:00,2019,5,3,13,35.45
2019-05-03 14:00:00,2019,5,3,14,35.35
2019-05-03 15:00:00,2019,5,3,15,38.56
2019-05-03 16:00:00,2019,5,3,16,44.91
2019-05-03 17:00:00,2019,5,3,17,44.45
2019-05-03 18:00:00,2019,5,3,18,44.54
2019-05-03 19:00:00,2019,5,3,19,40.79
2019-05-03 20:00:00,2019,5,3,20,39.23
2019-05-03 21:00:00,2019,5,3,21,39.69
2019-05-03 22:00:00,2019,5,3,22,39.12
2019-05-03 23:00:00,2019,5,3,23,40.86
2019-05-04 00:00:00,2019,5,4,0,41.66
2019-05-04 01:00:00,2019,5,4,1,42.64
2019-05-04 02:00:00,2019,5,4,2,42.81
2019-05-04 03:00:00,2019,5,4,3,41.61
2019-05-04 04:00:00,2019,5,4,4,44.86
2019-05-04 05:00:00,2019,5,4,5,42.76
2019-05-04 06:00:00,2019,5,4,6,42.63
2019-05-04 07:00:00,2019,5,4,7,41.19
2019-05-04 08:00:00,2019,5,4,8,41.66
2019-05-04 09:00:00,2019,5,4,9,40.32
2019-05-04 10:00:00,2019,5,4,10,39.61
2019-05-04 11:00:00,2019,5,4,11,41.89
2019-05-04 12:00:00,2019,5,4,12,37.95
2019-05-04 13:00:00,2019,5,4,13,44.11
2019-05-04 14:00:00,2019,5,4,14,36.93
2019-05-04 15:00:00,2019,5,4,15,36.9
2019-05-04 16:00:00,2019,5,4,16,36.91
2019-05-04 17:00:00,2019,5,4,17,38.32
2019-05-04 18:00:00,2019,5,4,18,41.26
2019-05-04 19:00:00,2019,5,4,19,41.37
2019-05-04 20:00:00,2019,5,4,20,43.14
2019-05-04 21:00:00,2019,5,4,21,45.75
2019-05-04 22:00:00,2019,5,4,22,46.95
2019-05-04 23:00:00,2019,5,4,23,44.16
2019-05-05 00:00:00,2019,5,5,0,40.02
2019-05-05 01:00:00,2019,5,5,1,41.53
2019-05-05 02:00:00,2019,5,5,2,41.62
2019-05-05 03:00:00,2019,5,5,3,45.92
2019-05-05 04:00:00,2019,5,5,4,47.86
2019-05-05 05:00:00,2019,5,5,5,50.48
2019-05-05 06:00:00,2019,5,5,6,39.09
2019-05-05 07:00:00,2019,5,5,7,38.57
2019-05-05 08:00:00,2019,5,5,8,38.13
2019-05-05 09:00:00,2019,5,5,9,38.18
2019-05-05 10:00:00,2019,5,5,10,44.4
2019-05-05 11:00:00,2019,5,5,11,43.39
2019-05-05 12:00:00,2019,5,5,12,45.65
2019-05-05 13:00:00,2019,5,5,13,46.19
2019-05-05 14:00:00,2019,5,5,14,35.82
2019-05-05 15:00:00,2019,5,5,15,36.41
2019-05-05 16:00:00,2019,5,5,16,36.55
2019-05-05 17:00:00,2019,5,5,17,41.3
2019-05-05 18:00:00,2019,5,5,18,46.28
2019-05-05 19:00:00,2019,5,5,19,46.45
2019-05-05 20:00:00,2019,5,5,20,46.89
2019-05-05 21:00:00,2019,5,5,21,47.72
2019-05-05 22:00:00,2019,5,5,22,50.74
2019-05-05 23:00:00,2019,5,5,23,50.9
2019-05-06 00:00:00,2019,5,6,0,43.17
2019-05-06 01:00:00,2019,5,6,1,43.22
2019-05-06 02:00:00,2019,5,6,2,46.07
2019-05-06 03:00:00,2019,5,6,3,46.23
2019-05-06 04:00:00,2019,5,6,4,44.75
2019-05-06 05:00:00,2019,5,6,5,47.84
2019-05-06 06:00:00,2019,5,6,6,53.44
2019-05-06 07:00:00,2019,5,6,7,45.4
2019-05-06 08:00:00,2019,5,6,8,40.61
2019-05-06 09:00:00,2019,5,6,9,37.93
2019-05-06 10:00:00,2019,5,6,10,37.84
2019-05-06 11:00:00,2019,5,6,11,37.03
2019-05-06 12:00:00,2019,5,6,12,41.33
2019-05-06 13:00:00,2019,5,6,13,37.3
2019-05-06 14:00:00,2019,5,6,14,37.07
2019-05-06 15:00:00,2019,5,6,15,37.4
2019-05-06 16:00:00,2019,5,6,16,47.12
2019-05-06 17:00:00,2019,5,6,17,57.21
2019-05-06 18:00:00,2019,5,6,18,60.68
2019-05-06 19:00:00,2019,5,6,19,60.4
2019-05-06 20:00:00,2019,5,6,20,58.71
2019-05-06 21:00:00,2019,5,6,21,56.98
2019-05-06 22:00:00,2019,5,6,22,56.97
2019-05-06 23:00:00,2019,5,6,23,57.92
2019-05-07 00:00:00,2019,5,7,0,58.28
2019-05-07 01:00:00,2019,5,7,1,53.46
2019-05-07 02:00:00,2019,5,7,2,53.76
2019-05-07 03:00:00,2019,5,7,3,63.28
2019-05-07 04:00:00,2019,5,7,4,56.32
2019-05-07 05:00:00,2019,5,7,5,63.17
2019-05-07 06:00:00,2019,5,7,6,62.58
2019-05-07 07:00:00,2019,5,7,7,44.8
2019-05-07 08:00:00,2019,5,7,8,44.89
2019-05-07 09:00:00,2019,5,7,9,45.72
2019-05-07 10:00:00,2019,5,7,10,41.58
2019-05-07 11:00:00,2019,5,7,11,59.65
2019-05-07 12:00:00,2019,5,7,12,59.27
2019-05-07 13:00:00,2019,5,7,13,36.08
2019-05-07 14:00:00,2019,5,7,14,35.78
2019-05-07 15:00:00,2019,5,7,15,35.91
2019-05-07 16:00:00,2019,5,7,16,41.9
2019-05-07 17:00:00,2019,5,7,17,58.53
2019-05-07 18:00:00,2019,5,7,18,51.93
2019-05-07 19:00:00,2019,5,7,19,52.57
2019-05-07 20:00:00,2019,5,7,20,54.57
2019-05-08 01:00:00,2019,5,8,1,45.77
2019-05-08 02:00:00,2019,5,8,2,56.31
2019-05-08 03:00:00,2019,5,8,3,60.32
2019-05-08 04:00:00,2019,5,8,4,60.39
2019-05-08 05:00:00,2019,5,8,5,55.21
2019-05-08 06:00:00,2019,5,8,6,56.09
2019-05-08 07:00:00,2019,5,8,7,51.99
2019-05-08 08:00:00,2019,5,8,8,48.59
2019-05-08 09:00:00,2019,5,8,9,45.43
2019-05-08 10:00:00,2019,5,8,10,43.09
2019-05-08 11:00:00,2019,5,8,11,43.96
2019-05-08 12:00:00,2019,5,8,12,42.04
2019-05-08 13:00:00,2019,5,8,13,41.17
2019-05-08 14:00:00,2019,5,8,14,45.65
2019-05-08 15:00:00,2019,5,8,15,44.19
2019-05-08 16:00:00,2019,5,8,16,52.75
2019-05-08 17:00:00,2019,5,8,17,52.34
2019-05-08 18:00:00,2019,5,8,18,53.83
2019-05-08 19:00:00,2019,5,8,19,53.18
2019-05-08 20:00:00,2019,5,8,20,58.45
2019-05-08 21:00:00,2019,5,8,21,58.21
2019-05-08 22:00:00,2019,5,8,22,63.63
2019-05-08 23:00:00,2019,5,8,23,52.63
2019-05-09 00:00:00,2019,5,9,0,53.15
2019-05-09 01:00:00,2019,5,9,1,52.43
2019-05-09 02:00:00,2019,5,9,2,52.63
2019-05-09 03:00:00,2019,5,9,3,50.09
2019-05-09 04:00:00,2019,5,9,4,50.09
2019-05-09 05:00:00,2019,5,9,5,50.58
2019-05-09 06:00:00,2019,5,9,6,50.2
2019-05-09 07:00:00,2019,5,9,7,48.27
2019-05-09 08:00:00,2019,5,9,8,48.3
2019-05-09 09:00:00,2019,5,9,9,45.28
2019-05-09 10:00:00,2019,5,9,10,44.54
2019-05-09 11:00:00,2019,5,9,11,60.89
2019-05-09 12:00:00,2019,5,9,12,60.73
2019-05-09 13:00:00,2019,5,9,13,45.44
2019-05-09 14:00:00,2019,5,9,14,45.78
2019-05-09 15:00:00,2019,5,9,15,46.11
2019-05-09 16:00:00,2019,5,9,16,46.06
2019-05-09 17:00:00,2019,5,9,17,46.37
2019-05-09 18:00:00,2019,5,9,18,62.33
2019-05-09 22:00:00,2019,5,9,22,48.66
2019-05-09 23:00:00,2019,5,9,23,48.88
2019-05-10 00:00:00,2019,5,10,0,49.17
2019-05-10 01:00:00,2019,5,10,1,45.38
2019-05-10 02:00:00,2019,5,10,2,37.21
2019-05-10 03:00:00,2019,5,10,3,41.63
2019-05-10 04:00:00,2019,5,10,4,43.12
2019-05-10 05:00:00,2019,5,10,5,46.43
2019-05-10 06:00:00,2019,5,10,6,44.71
2019-05-10 07:00:00,2019,5,10,7,45.05
2019-05-10 08:00:00,2019,5,10,8,38.8
2019-05-10 09:00:00,2019,5,10,9,38.25
2019-05-10 10:00:00,2019,5,10,10,37.44
2019-05-10 11:00:00,2019,5,10,11,37.65
2019-05-10 12:00:00,2019,5,10,12,37.53
2019-05-10 13:00:00,2019,5,10,13,37.71
2019-05-10 14:00:00,2019,5,10,14,55.06
2019-05-10 15:00:00,2019,5,10,15,54.16
2019-05-10 18:00:00,2019,5,10,18,45.86
2019-05-10 19:00:00,2019,5,10,19,45.84
2019-05-10 20:00:00,2019,5,10,20,42.41
2019-05-10 21:00:00,2019,5,10,21,41.83
2019-05-10 22:00:00,2019,5,10,22,46.41
2019-05-10 23:00:00,2019,5,10,23,42.23
2019-05-11 00:00:00,2019,5,11,0,42.41
2019-05-11 01:00:00,2019,5,11,1,42.3
2019-05-11 02:00:00,2019,5,11,2,43.61
2019-05-11 03:00:00,2019,5,11,3,41.13
2019-05-11 04:00:00,2019,5,11,4,48.06
2019-05-11 05:00:00,2019,5,11,5,47.83
2019-05-11 06:00:00,2019,5,11,6,53.39
2019-05-11 07:00:00,2019,5,11,7,41.82
2019-05-11 08:00:00,2019,5,11,8,41.58
2019-05-11 09:00:00,2019,5,11,9,38.43
2019-05-11 10:00:00,2019,5,11,10,38.6
2019-05-11 11:00:00,2019,5,11,11,41.62
2019-05-11 12:00:00,2019,5,11,12,33.59
2019-05-11 13:00:00,2019,5,11,13,41.83
2019-05-11 14:00:00,2019,5,11,14,41.69
2019-05-11 15:00:00,2019,5,11,15,36.56
2019-05-11 16:00:00,2019,5,11,16,52.25
2019-05-11 17:00:00,2019,5,11,17,51.29
2019-05-11 19:00:00,2019,5,11,19,44.8
2019-05-11 20:00:00,2019,5,11,20,44.79
2019-05-11 21:00:00,2019,5,11,21,45.52
2019-05-11 22:00:00,2019,5,11,22,45.28
2019-05-11 23:00:00,2019,5,11,23,45.94
2019-05-12 01:00:00,2019,5,12,1,59.68
2019-05-12 02:00:00,2019,5,12,2,53.29
2019-05-12 03:00:00,2019,5,12,3,53.84
2019-05-12 04:00:00,2019,5,12,4,53.98
2019-05-12 05:00:00,2019,5,12,5,58.73
2019-05-12 06:00:00,2019,5,12,6,55.72
2019-05-12 07:00:00,2019,5,12,7,55.6
2019-05-12 08:00:00,2019,5,12,8,53.62
2019-05-12 09:00:00,2019,5,12,9,50.11
2019-05-12 10:00:00,2019,5,12,10,47.22
2019-05-12 11:00:00,2019,5,12,11,48.85
2019-05-12 12:00:00,2019,5,12,12,44.57
2019-05-12 13:00:00,2019,5,12,13,42.62
2019-05-12 14:00:00,2019,5,12,14,42.97
2019-05-12 15:00:00,2019,5,12,15,40.16
2019-05-12 16:00:00,2019,5,12,16,43.6
2019-05-12 17:00:00,2019,5,12,17,58.0
2019-05-12 18:00:00,2019,5,12,18,57.85
2019-05-12 19:00:00,2019,5,12,19,53.71
2019-05-12 20:00:00,2019,5,12,20,54.32
2019-05-12 21:00:00,2019,5,12,21,71.82
2019-05-12 22:00:00,2019,5,12,22,55.08
2019-05-12 23:00:00,2019,5,12,23,59.92
2019-05-13 00:00:00,2019,5,13,0,59.85
2019-05-13 05:00:00,2019,5,13,5,49.85
2019-05-13 06:00:00,2019,5,13,6,50.89
2019-05-13 07:00:00,2019,5,13,7,50.63
2019-05-13 08:00:00,2019,5,13,8,51.1
2019-05-13 09:00:00,2019,5,13,9,52.46
2019-05-13 15:00:00,2019,5,13,15,46.66
2019-05-13 16:00:00,2019,5,13,16,48.72
2019-05-13 17:00:00,2019,5,13,17,48.58
2019-05-13 18:00:00,2019,5,13,18,49.39
2019-05-13 19:00:00,2019,5,13,19,42.92
2019-05-13 20:00:00,2019,5,13,20,40.5
2019-05-13 21:00:00,2019,5,13,21,37.76
2019-05-13 22:00:00,2019,5,13,22,36.12
2019-05-13 23:00:00,2019,5,13,23,35.69
2019-05-14 00:00:00,2019,5,14,0,34.58
2019-05-14 01:00:00,2019,5,14,1,35.25
2019-05-14 02:00:00,2019,5,14,2,34.82
2019-05-14 03:00:00,2019,5,14,3,36.63
2019-05-14 04:00:00,2019,5,14,4,41.78
2019-05-14 05:00:00,2019,5,14,5,38.13
2019-05-14 06:00:00,2019,5,14,6,37.99
2019-05-14 07:00:00,2019,5,14,7,37.79
2019-05-14 08:00:00,2019,5,14,8,34.94
2019-05-14 09:00:00,2019,5,14,9,21.72
2019-05-14 10:00:00,2019,5,14,10,20.98
2019-05-14 14:00:00,2019,5,14,14,30.2
2019-05-14 15:00:00,2019,5,14,15,30.97
2019-05-14 16:00:00,2019,5,14,16,41.81
2019-05-14 17:00:00,2019,5,14,17,45.3
2019-05-14 18:00:00,2019,5,14,18,46.83
2019-05-14 19:00:00,2019,5,14,19,48.49
2019-05-14 20:00:00,2019,5,14,20,46.92
2019-05-14 21:00:00,2019,5,14,21,48.72
2019-05-14 22:00:00,2019,5,14,22,44.5
2019-05-14 23:00:00,2019,5,14,23,44.64
2019-05-15 00:00:00,2019,5,15,0,46.14
2019-05-15 01:00:00,2019,5,15,1,47.13
2019-05-15 02:00:00,2019,5,15,2,58.06
2019-05-15 03:00:00,2019,5,15,3,56.85
2019-05-15 05:00:00,2019,5,15,5,45.1
2019-05-15 06:00:00,2019,5,15,6,45.07
2019-05-15 07:00:00,2019,5,15,7,44.37
2019-05-15 08:00:00,2019,5,15,8,45.77
2019-05-15 09:00:00,2019,5,15,9,42.73
2019-05-15 10:00:00,2019,5,15,10,41.31
2019-05-15 11:00:00,2019,5,15,11,43.43
2019-05-15 12:00:00,2019,5,15,12,48.79
2019-05-15 13:00:00,2019,5,15,13,37.68
2019-05-15 14:00:00,2019,5,15,14,38.0
2019-05-15 15:00:00,2019,5,15,15,38.14
2019-05-15 16:00:00,2019,5,15,16,38.5
2019-05-15 17:00:00,2019,5,15,17,40.19
2019-05-15 20:00:00,2019,5,15,20,43.71
2019-05-15 21:00:00,2019,5,15,21,43.33
2019-05-15 22:00:00,2019,5,15,22,42.21
2019-05-15 23:00:00,2019,5,15,23,43.01
2019-05-16 00:00:00,2019,5,16,0,40.26
2019-05-16 01:00:00,2019,5,16,1,40.06
2019-05-16 02:00:00,2019,5,16,2,41.06
2019-05-16 03:00:00,2019,5,16,3,40.05
2019-05-16 04:00:00,2019,5,16,4,44.38
2019-05-16 05:00:00,2019,5,16,5,40.12
2019-05-16 06:00:00,2019,5,16,6,38.93
2019-05-16 07:00:00,2019,5,16,7,36.6
2019-05-16 08:00:00,2019,5,16,8,37.67
2019-05-16 09:00:00,2019,5,16,9,37.72
2019-05-16 13:00:00,2019,5,16,13,37.27
2019-05-16 14:00:00,2019,5,16,14,37.49
2019-05-16 15:00:00,2019,5,16,15,38.92
2019-05-16 16:00:00,2019,5,16,16,40.38
2019-05-16 17:00:00,2019,5,16,17,38.2
2019-05-16 18:00:00,2019,5,16,18,37.79
2019-05-16 19:00:00,2019,5,16,19,42.24
2019-05-16 20:00:00,2019,5,16,20,45.06
2019-05-16 21:00:00,2019,5,16,21,44.43
2019-05-16 22:00:00,2019,5,16,22,43.84
2019-05-16 23:00:00,2019,5,16,23,42.88
2019-05-17 00:00:00,2019,5,17,0,39.83
2019-05-17 01:00:00,2019,5,17,1,36.88
2019-05-17 02:00:00,2019,5,17,2,37.36
2019-05-17 03:00:00,2019,5,17,3,38.55
2019-05-17 04:00:00,2019,5,17,4,38.47
2019-05-17 05:00:00,2019,5,17,5,44.53
2019-05-17 06:00:00,2019,5,17,6,41.46
2019-05-17 07:00:00,2019,5,17,7,43.52
2019-05-17 08:00:00,2019,5,17,8,43.32
2019-05-17 09:00:00,2019,5,17,9,42.78
2019-05-17 10:00:00,2019,5,17,10,42.83
2019-05-17 11:00:00,2019,5,17,11,56.91
2019-05-17 12:00:00,2019,5,17,12,36.34
2019-05-17 13:00:00,2019,5,17,13,37.52
2019-05-17 14:00:00,2019,5,17,14,39.89
2019-05-17 15:00:00,2019,5,17,15,38.99
2019-05-17 16:00:00,2019,5,17,16,40.76
2019-05-17 17:00:00,2019,5,17,17,41.11
2019-05-17 18:00:00,2019,5,17,18,43.37
2019-05-17 19:00:00,2019,5,17,19,44.43
2019-05-17 20:00:00,2019,5,17,20,47.95
2019-05-17 21:00:00,2019,5,17,21,47.59
2019-05-17 22:00:00,2019,5,17,22,36.64
2019-05-17 23:00:00,2019,5,17,23,34.81
2019-05-18 00:00:00,2019,5,18,0,35.63
2019-05-18 01:00:00,2019,5,18,1,36.08
2019-05-18 02:00:00,2019,5,18,2,36.32
2019-05-18 03:00:00,2019,5,18,3,37.64
2019-05-18 04:00:00,2019,5,18,4,37.56
2019-05-18 05:00:00,2019,5,18,5,38.35
2019-05-18 06:00:00,2019,5,18,6,38.61
2019-05-18 07:00:00,2019,5,18,7,38.17
2019-05-18 08:00:00,2019,5,18,8,36.83
2019-05-18 09:00:00,2019,5,18,9,34.09
2019-05-18 10:00:00,2019,5,18,10,34.59
2019-05-18 11:00:00,2019,5,18,11,34.04
2019-05-18 12:00:00,2019,5,18,12,34.42
2019-05-18 13:00:00,2019,5,18,13,35.16
2019-05-18 14:00:00,2019,5,18,14,36.66
2019-05-18 15:00:00,2019,5,18,15,38.01
2019-05-18 16:00:00,2019,5,18,16,38.85
2019-05-18 17:00:00,2019,5,18,17,37.92
2019-05-18 18:00:00,2019,5,18,18,42.82
2019-05-18 19:00:00,2019,5,18,19,42.89
2019-05-18 20:00:00,2019,5,18,20,40.77
2019-05-18 21:00:00,2019,5,18,21,39.52
2019-05-18 22:00:00,2019,5,18,22,40.75
2019-05-18 23:00:00,2019,5,18,23,40.79
2019-05-19 00:00:00,2019,5,19,0,39.15
2019-05-19 01:00:00,2019,5,19,1,38.98
2019-05-19 02:00:00,2019,5,19,2,40.33
2019-05-19 03:00:00,2019,5,19,3,41.92
2019-05-19 04:00:00,2019,5,19,4,42.7
2019-05-19 05:00:00,2019,5,19,5,40.21
2019-05-19 06:00:00,2019,5,19,6,37.33
2019-05-19 07:00:00,2019,5,19,7,36.62
2019-05-19 08:00:00,2019,5,19,8,36.64
2019-05-19 09:00:00,2019,5,19,9,33.18
2019-05-19 10:00:00,2019,5,19,10,33.65
2019-05-19 11:00:00,2019,5,19,11,33.11
2019-05-19 12:00:00,2019,5,19,12,30.62
2019-05-19 13:00:00,2019,5,19,13,32.24
2019-05-19 14:00:00,2019,5,19,14,32.61
2019-05-19 15:00:00,2019,5,19,15,34.99
2019-05-19 16:00:00,2019,5,19,16,42.09
2019-05-19 17:00:00,2019,5,19,17,44.84
2019-05-19 18:00:00,2019,5,19,18,46.21
2019-05-19 19:00:00,2019,5,19,19,43.02
2019-05-19 20:00:00,2019,5,19,20,44.47
2019-05-19 21:00:00,2019,5,19,21,49.18
2019-05-19 22:00:00,2019,5,19,22,48.67
2019-05-19 23:00:00,2019,5,19,23,48.22
2019-05-20 00:00:00,2019,5,20,0,46.35
2019-05-20 01:00:00,2019,5,20,1,45.96
2019-05-20 02:00:00,2019,5,20,2,45.63
2019-05-20 03:00:00,2019,5,20,3,49.16
2019-05-20 04:00:00,2019,5,20,4,60.04
2019-05-20 05:00:00,2019,5,20,5,59.08
2019-05-20 06:00:00,2019,5,20,6,56.77
2019-05-20 07:00:00,2019,5,20,7,53.1
2019-05-20 08:00:00,2019,5,20,8,54.75
2019-05-20 09:00:00,2019,5,20,9,52.6
2019-05-20 10:00:00,2019,5,20,10,37.92
2019-05-20 11:00:00,2019,5,20,11,41.82
2019-05-20 12:00:00,2019,5,20,12,39.19
2019-05-20 13:00:00,2019,5,20,13,37.4
2019-05-20 14:00:00,2019,5,20,14,47.84
2019-05-20 15:00:00,2019,5,20,15,49.03
2019-05-20 17:00:00,2019,5,20,17,50.31
2019-05-20 18:00:00,2019,5,20,18,50.46
2019-05-20 19:00:00,2019,5,20,19,50.6
2019-05-20 20:00:00,2019,5,20,20,50.47
2019-05-20 21:00:00,2019,5,20,21,45.52
2019-05-20 22:00:00,2019,5,20,22,46.64
2019-05-21 05:00:00,2019,5,21,5,43.58
2019-05-21 07:00:00,2019,5,21,7,42.67
2019-05-21 08:00:00,2019,5,21,8,36.9
2019-05-21 09:00:00,2019,5,21,9,35.73
2019-05-21 11:00:00,2019,5,21,11,41.28
2019-05-21 12:00:00,2019,5,21,12,40.88
2019-05-21 13:00:00,2019,5,21,13,36.26
2019-05-21 15:00:00,2019,5,21,15,36.65
2019-05-21 16:00:00,2019,5,21,16,36.83
2019-05-21 17:00:00,2019,5,21,17,41.82
2019-05-21 18:00:00,2019,5,21,18,42.14
2019-05-21 19:00:00,2019,5,21,19,45.06
2019-05-21 20:00:00,2019,5,21,20,43.44
2019-05-21 21:00:00,2019,5,21,21,38.57
2019-05-21 22:00:00,2019,5,21,22,35.36
2019-05-21 23:00:00,2019,5,21,23,38.54
2019-05-22 00:00:00,2019,5,22,0,36.29
2019-05-22 01:00:00,2019,5,22,1,36.14
2019-05-22 02:00:00,2019,5,22,2,37.01
2019-05-22 03:00:00,2019,5,22,3,42.63
2019-05-22 04:00:00,2019,5,22,4,42.31
2019-05-22 05:00:00,2019,5,22,5,41.96
2019-05-22 06:00:00,2019,5,22,6,42.16
2019-05-22 07:00:00,2019,5,22,7,41.09
2019-05-22 08:00:00,2019,5,22,8,41.01
2019-05-22 09:00:00,2019,5,22,9,39.54
2019-05-22 10:00:00,2019,5,22,10,39.12
2019-05-22 11:00:00,2019,5,22,11,39.56
2019-05-22 12:00:00,2019,5,22,12,35.63
2019-05-22 13:00:00,2019,5,22,13,39.31
2019-05-22 14:00:00,2019,5,22,14,39.95
2019-05-22 15:00:00,2019,5,22,15,38.54
2019-05-22 16:00:00,2019,5,22,16,39.73
2019-05-22 17:00:00,2019,5,22,17,52.51
2019-05-22 18:00:00,2019,5,22,18,50.47
2019-05-22 19:00:00,2019,5,22,19,43.22
2019-05-22 20:00:00,2019,5,22,20,43.0
2019-05-22 21:00:00,2019,5,22,21,40.78
2019-05-22 22:00:00,2019,5,22,22,40.39
2019-05-22 23:00:00,2019,5,22,23,40.39
2019-05-23 00:00:00,2019,5,23,0,41.62
2019-05-23 01:00:00,2019,5,23,1,38.25
2019-05-23 02:00:00,2019,5,23,2,37.93
2019-05-23 03:00:00,2019,5,23,3,38.44
2019-05-23 04:00:00,2019,5,23,4,38.78
2019-05-23 05:00:00,2019,5,23,5,42.28
2019-05-23 06:00:00,2019,5,23,6,53.76
2019-05-23 07:00:00,2019,5,23,7,35.78
2019-05-23 08:00:00,2019,5,23,8,36.29
2019-05-23 09:00:00,2019,5,23,9,34.67
2019-05-23 10:00:00,2019,5,23,10,35.34
2019-05-23 11:00:00,2019,5,23,11,36.76
2019-05-23 12:00:00,2019,5,23,12,36.93
2019-05-23 13:00:00,2019,5,23,13,35.3
2019-05-23 14:00:00,2019,5,23,14,35.62
2019-05-23 15:00:00,2019,5,23,15,35.1
2019-05-23 16:00:00,2019,5,23,16,38.94
2019-05-23 17:00:00,2019,5,23,17,41.36
2019-05-23 18:00:00,2019,5,23,18,40.42
2019-05-23 19:00:00,2019,5,23,19,44.98
2019-05-23 20:00:00,2019,5,23,20,48.77
2019-05-23 21:00:00,2019,5,23,21,43.56
2019-05-24 00:00:00,2019,5,24,0,36.52
2019-05-24 01:00:00,2019,5,24,1,36.82
2019-05-24 02:00:00,2019,5,24,2,38.49
2019-05-24 03:00:00,2019,5,24,3,36.44
2019-05-24 04:00:00,2019,5,24,4,38.09
2019-05-24 05:00:00,2019,5,24,5,37.57
2019-05-24 06:00:00,2019,5,24,6,36.99
2019-05-24 07:00:00,2019,5,24,7,36.32
2019-05-24 08:00:00,2019,5,24,8,35.18
2019-05-24 09:00:00,2019,5,24,9,35.08
2019-05-24 10:00:00,2019,5,24,10,34.78
2019-05-24 11:00:00,2019,5,24,11,31.07
2019-05-24 12:00:00,2019,5,24,12,32.1
2019-05-24 13:00:00,2019,5,24,13,32.51
2019-05-24 14:00:00,2019,5,24,14,32.14
2019-05-24 15:00:00,2019,5,24,15,31.95
2019-05-24 16:00:00,2019,5,24,16,31.86
2019-05-24 17:00:00,2019,5,24,17,40.66
2019-05-24 18:00:00,2019,5,24,18,41.36
2019-05-24 19:00:00,2019,5,24,19,40.04
2019-05-24 20:00:00,2019,5,24,20,39.17
2019-05-24 21:00:00,2019,5,24,21,40.2
2019-05-24 22:00:00,2019,5,24,22,39.68
2019-05-24 23:00:00,2019,5,24,23,36.5
2019-05-25 00:00:00,2019,5,25,0,33.85
2019-05-25 01:00:00,2019,5,25,1,34.42
2019-05-25 02:00:00,2019,5,25,2,35.71
2019-05-25 03:00:00,2019,5,25,3,39.12
2019-05-25 04:00:00,2019,5,25,4,37.43
2019-05-25 05:00:00,2019,5,25,5,36.35
2019-05-25 06:00:00,2019,5,25,6,37.1
2019-05-25 07:00:00,2019,5,25,7,35.15
2019-05-25 08:00:00,2019,5,25,8,35.16
2019-05-25 09:00:00,2019,5,25,9,35.2
2019-05-25 10:00:00,2019,5,25,10,33.74
2019-05-25 11:00:00,2019,5,25,11,32.16
2019-05-25 12:00:00,2019,5,25,12,32.03
2019-05-25 13:00:00,2019,5,25,13,30.15
2019-05-25 14:00:00,2019,5,25,14,29.38
2019-05-25 15:00:00,2019,5,25,15,38.0
2019-05-25 16:00:00,2019,5,25,16,37.29
2019-05-25 18:00:00,2019,5,25,18,39.5
2019-05-25 19:00:00,2019,5,25,19,39.43
2019-05-25 20:00:00,2019,5,25,20,39.16
2019-05-25 21:00:00,2019,5,25,21,41.76
2019-05-25 22:00:00,2019,5,25,22,38.99
2019-05-25 23:00:00,2019,5,25,23,40.09
2019-05-26 00:00:00,2019,5,26,0,39.67
2019-05-26 01:00:00,2019,5,26,1,35.94
2019-05-26 02:00:00,2019,5,26,2,36.18
2019-05-26 03:00:00,2019,5,26,3,36.38
2019-05-26 04:00:00,2019,5,26,4,39.87
2019-05-26 05:00:00,2019,5,26,5,39.23
2019-05-26 06:00:00,2019,5,26,6,39.56
2019-05-26 07:00:00,2019,5,26,7,35.31
2019-05-26 08:00:00,2019,5,26,8,36.52
2019-05-26 09:00:00,2019,5,26,9,36.66
2019-05-26 10:00:00,2019,5,26,10,32.35
2019-05-26 11:00:00,2019,5,26,11,34.24
2019-05-26 12:00:00,2019,5,26,12,31.92
2019-05-26 13:00:00,2019,5,26,13,31.87
2019-05-26 14:00:00,2019,5,26,14,32.5
2019-05-26 15:00:00,2019,5,26,15,32.51
2019-05-26 16:00:00,2019,5,26,16,33.95
2019-05-26 17:00:00,2019,5,26,17,33.28
2019-05-26 18:00:00,2019,5,26,18,43.72
2019-05-26 19:00:00,2019,5,26,19,44.14
2019-05-26 20:00:00,2019,5,26,20,43.8
2019-05-26 21:00:00,2019,5,26,21,41.95
2019-05-26 22:00:00,2019,5,26,22,40.86
2019-05-26 23:00:00,2019,5,26,23,40.66
2019-05-27 00:00:00,2019,5,27,0,40.01
2019-05-27 01:00:00,2019,5,27,1,39.14
2019-05-27 02:00:00,2019,5,27,2,40.46
2019-05-27 03:00:00,2019,5,27,3,40.57
2019-05-27 04:00:00,2019,5,27,4,44.39
2019-05-27 05:00:00,2019,5,27,5,42.84
2019-05-27 07:00:00,2019,5,27,7,35.09
2019-05-27 08:00:00,2019,5,27,8,36.83
2019-05-27 09:00:00,2019,5,27,9,37.1
2019-05-27 10:00:00,2019,5,27,10,31.57
2019-05-27 11:00:00,2019,5,27,11,33.45
2019-05-27 12:00:00,2019,5,27,12,30.19
2019-05-27 13:00:00,2019,5,27,13,31.49
2019-05-27 14:00:00,2019,5,27,14,31.45
2019-05-27 15:00:00,2019,5,27,15,29.63
2019-05-27 16:00:00,2019,5,27,16,31.36
2019-05-27 17:00:00,2019,5,27,17,34.82
2019-05-27 23:00:00,2019,5,27,23,36.59
2019-05-28 00:00:00,2019,5,28,0,35.66
2019-05-28 01:00:00,2019,5,28,1,37.5
2019-05-28 02:00:00,2019,5,28,2,38.42
2019-05-28 03:00:00,2019,5,28,3,38.67
2019-05-28 04:00:00,2019,5,28,4,38.31
2019-05-28 05:00:00,2019,5,28,5,41.27
2019-05-28 06:00:00,2019,5,28,6,42.46
2019-05-28 07:00:00,2019,5,28,7,38.92
2019-05-28 08:00:00,2019,5,28,8,39.81
2019-05-28 09:00:00,2019,5,28,9,34.27
2019-05-28 10:00:00,2019,5,28,10,34.83
2019-05-28 12:00:00,2019,5,28,12,25.97
2019-05-28 13:00:00,2019,5,28,13,26.24
2019-05-28 14:00:00,2019,5,28,14,27.1
2019-05-28 15:00:00,2019,5,28,15,26.84
2019-05-28 21:00:00,2019,5,28,21,34.87
2019-05-28 22:00:00,2019,5,28,22,34.82
2019-05-28 23:00:00,2019,5,28,23,34.87
2019-05-29 00:00:00,2019,5,29,0,35.44
2019-05-29 01:00:00,2019,5,29,1,38.48
2019-05-29 02:00:00,2019,5,29,2,39.89
2019-05-29 03:00:00,2019,5,29,3,39.16
2019-05-29 04:00:00,2019,5,29,4,44.35
2019-05-29 05:00:00,2019,5,29,5,45.34
2019-05-29 06:00:00,2019,5,29,6,45.23
2019-05-29 07:00:00,2019,5,29,7,44.86
2019-05-29 08:00:00,2019,5,29,8,37.27
2019-05-29 09:00:00,2019,5,29,9,36.77
2019-05-29 10:00:00,2019,5,29,10,36.5
2019-05-29 11:00:00,2019,5,29,11,36.59
2019-05-29 13:00:00,2019,5,29,13,28.55
2019-05-29 14:00:00,2019,5,29,14,32.25
2019-05-29 15:00:00,2019,5,29,15,32.54
2019-05-29 16:00:00,2019,5,29,16,32.87
2019-05-29 17:00:00,2019,5,29,17,33.8
2019-05-29 19:00:00,2019,5,29,19,49.28
2019-05-29 20:00:00,2019,5,29,20,46.4
2019-05-29 21:00:00,2019,5,29,21,45.13
2019-05-29 22:00:00,2019,5,29,22,44.44
2019-05-29 23:00:00,2019,5,29,23,46.03
2019-05-30 00:00:00,2019,5,30,0,43.46
2019-05-30 01:00:00,2019,5,30,1,43.12
2019-05-30 02:00:00,2019,5,30,2,41.84
2019-05-30 03:00:00,2019,5,30,3,42.8
2019-05-30 04:00:00,2019,5,30,4,44.86
2019-05-30 05:00:00,2019,5,30,5,43.4
2019-05-30 06:00:00,2019,5,30,6,54.86
2019-05-30 07:00:00,2019,5,30,7,50.78
2019-05-30 09:00:00,2019,5,30,9,34.37
2019-05-30 10:00:00,2019,5,30,10,33.2
2019-05-30 11:00:00,2019,5,30,11,33.36
2019-05-30 12:00:00,2019,5,30,12,33.38
2019-05-30 13:00:00,2019,5,30,13,36.06
2019-05-30 14:00:00,2019,5,30,14,41.05
2019-05-30 15:00:00,2019,5,30,15,37.88
2019-05-30 16:00:00,2019,5,30,16,41.84
2019-05-30 17:00:00,2019,5,30,17,43.81
2019-05-30 18:00:00,2019,5,30,18,44.76
2019-05-30 19:00:00,2019,5,30,19,45.71
2019-05-30 20:00:00,2019,5,30,20,46.07
2019-05-30 21:00:00,2019,5,30,21,46.23
2019-05-30 22:00:00,2019,5,30,22,43.37
2019-05-30 23:00:00,2019,5,30,23,42.48
2019-05-31 00:00:00,2019,5,31,0,42.69
2019-05-31 03:00:00,2019,5,31,3,43.01
2019-05-31 04:00:00,2019,5,31,4,41.72
2019-05-31 05:00:00,2019,5,31,5,41.54
2019-05-31 06:00:00,2019,5,31,6,41.47
2019-05-31 07:00:00,2019,5,31,7,38.4
2019-05-31 08:00:00,2019,5,31,8,39.2
2019-05-31 09:00:00,2019,5,31,9,37.41
2019-05-31 10:00:00,2019,5,31,10,37.33
2019-05-31 11:00:00,2019,5,31,11,37.45
2019-05-31 12:00:00,2019,5,31,12,38.28
2019-05-31 13:00:00,2019,5,31,13,49.89
2019-05-31 14:00:00,2019,5,31,14,35.64
2019-05-31 15:00:00,2019,5,31,15,35.4
2019-05-31 16:00:00,2019,5,31,16,35.75
2019-05-31 17:00:00,2019,5,31,17,35.85
2019-05-31 18:00:00,2019,5,31,18,42.69
2019-05-31 19:00:00,2019,5,31,19,42.31
2019-05-31 20:00:00,2019,5,31,20,43.33
2019-05-31 21:00:00,2019,5,31,21,43.07
2019-05-31 22:00:00,2019,5,31,22,42.15
2019-05-31 23:00:00,2019,5,31,23,42.09
2020-03-01 00:00:00,2020,3,1,0,47.89
2020-03-01 01:00:00,2020,3,1,1,43.95
2020-03-01 02:00:00,2020,3,1,2,46.42
2020-03-01 03:00:00,2020,3,1,3,52.59
2020-03-01 04:00:00,2020,3,1,4,57.22
2020-03-01 05:00:00,2020,3,1,5,56.32
2020-03-01 06:00:00,2020,3,1,6,50.79
2020-03-01 07:00:00,2020,3,1,7,46.9
2020-03-01 08:00:00,2020,3,1,8,44.07
2020-03-01 09:00:00,2020,3,1,9,38.98
2020-03-01 10:00:00,2020,3,1,10,38.48
2020-03-01 11:00:00,2020,3,1,11,36.25
2020-03-01 12:00:00,2020,3,1,12,36.04
2020-03-01 13:00:00,2020,3,1,13,36.5
2020-03-01 14:00:00,2020,3,1,14,41.71
2020-03-01 15:00:00,2020,3,1,15,47.61
2020-03-01 16:00:00,2020,3,1,16,53.19
2020-03-01 17:00:00,2020,3,1,17,54.73
2020-03-01 18:00:00,2020,3,1,18,59.0
2020-03-01 19:00:00,2020,3,1,19,59.07
2020-03-01 20:00:00,2020,3,1,20,57.46
2020-03-01 21:00:00,2020,3,1,21,55.98
2020-03-01 22:00:00,2020,3,1,22,52.4
2020-03-01 23:00:00,2020,3,1,23,53.77
2020-03-02 00:00:00,2020,3,2,0,53.26
2020-03-02 01:00:00,2020,3,2,1,50.05
2020-03-02 02:00:00,2020,3,2,2,51.14
2020-03-02 03:00:00,2020,3,2,3,55.87
2020-03-02 04:00:00,2020,3,2,4,64.91
2020-03-02 05:00:00,2020,3,2,5,64.46
2020-03-02 06:00:00,2020,3,2,6,59.58
2020-03-02 07:00:00,2020,3,2,7,53.83
2020-03-02 08:00:00,2020,3,2,8,51.92
2020-03-02 09:00:00,2020,3,2,9,47.15
2020-03-02 10:00:00,2020,3,2,10,43.22
2020-03-02 11:00:00,2020,3,2,11,40.02
2020-03-02 12:00:00,2020,3,2,12,38.95
2020-03-02 13:00:00,2020,3,2,13,42.09
2020-03-02 14:00:00,2020,3,2,14,47.22
2020-03-02 15:00:00,2020,3,2,15,53.64
2020-03-02 16:00:00,2020,3,2,16,59.6
2020-03-02 17:00:00,2020,3,2,17,62.33
2020-03-02 18:00:00,2020,3,2,18,61.85
2020-03-02 19:00:00,2020,3,2,19,64.92
2020-03-02 20:00:00,2020,3,2,20,61.35
2020-03-02 21:00:00,2020,3,2,21,56.3
2020-03-02 22:00:00,2020,3,2,22,53.39
2020-03-02 23:00:00,2020,3,2,23,53.04
2020-03-03 00:00:00,2020,3,3,0,50.66
2020-03-03 01:00:00,2020,3,3,1,52.64
2020-03-03 02:00:00,2020,3,3,2,52.87
2020-03-03 03:00:00,2020,3,3,3,56.08
2020-03-03 04:00:00,2020,3,3,4,61.65
2020-03-03 05:00:00,2020,3,3,5,62.11
2020-03-03 06:00:00,2020,3,3,6,60.94
2020-03-03 07:00:00,2020,3,3,7,54.2
2020-03-03 08:00:00,2020,3,3,8,48.76
2020-03-03 09:00:00,2020,3,3,9,43.36
2020-03-03 10:00:00,2020,3,3,10,40.74
2020-03-03 11:00:00,2020,3,3,11,39.7
2020-03-03 12:00:00,2020,3,3,12,39.02
2020-03-03 13:00:00,2020,3,3,13,40.83
2020-03-03 14:00:00,2020,3,3,14,44.23
2020-03-03 15:00:00,2020,3,3,15,47.27
2020-03-03 16:00:00,2020,3,3,16,50.96
2020-03-03 17:00:00,2020,3,3,17,52.32
2020-03-03 18:00:00,2020,3,3,18,52.6
2020-03-03 19:00:00,2020,3,3,19,50.49
2020-03-03 20:00:00,2020,3,3,20,49.51
2020-03-03 21:00:00,2020,3,3,21,48.28
2020-03-03 22:00:00,2020,3,3,22,48.54
2020-03-03 23:00:00,2020,3,3,23,47.32
2020-03-04 00:00:00,2020,3,4,0,49.01
2020-03-04 01:00:00,2020,3,4,1,48.1
2020-03-04 02:00:00,2020,3,4,2,50.19
2020-03-04 03:00:00,2020,3,4,3,54.4
2020-03-04 04:00:00,2020,3,4,4,60.37
2020-03-04 05:00:00,2020,3,4,5,59.33
2020-03-04 06:00:00,2020,3,4,6,54.33
2020-03-04 07:00:00,2020,3,4,7,43.5
2020-03-04 08:00:00,2020,3,4,8,42.42
2020-03-04 09:00:00,2020,3,4,9,39.34
2020-03-04 10:00:00,2020,3,4,10,35.42
2020-03-04 11:00:00,2020,3,4,11,34.5
2020-03-04 12:00:00,2020,3,4,12,32.92
2020-03-04 13:00:00,2020,3,4,13,33.74
2020-03-04 14:00:00,2020,3,4,14,36.97
2020-03-04 15:00:00,2020,3,4,15,40.02
2020-03-04 16:00:00,2020,3,4,16,44.73
2020-03-04 17:00:00,2020,3,4,17,48.17
2020-03-04 18:00:00,2020,3,4,18,47.86
2020-03-04 19:00:00,2020,3,4,19,43.93
2020-03-04 20:00:00,2020,3,4,20,42.36
2020-03-04 21:00:00,2020,3,4,21,38.63
2020-03-04 22:00:00,2020,3,4,22,37.64
2020-03-04 23:00:00,2020,3,4,23,36.14
2020-03-05 00:00:00,2020,3,5,0,35.34
2020-03-05 01:00:00,2020,3,5,1,35.4
2020-03-05 02:00:00,2020,3,5,2,37.25
2020-03-05 03:00:00,2020,3,5,3,41.53
2020-03-05 04:00:00,2020,3,5,4,43.57
2020-03-05 05:00:00,2020,3,5,5,43.26
2020-03-05 06:00:00,2020,3,5,6,42.33
2020-03-05 07:00:00,2020,3,5,7,38.65
2020-03-05 08:00:00,2020,3,5,8,36.87
2020-03-05 09:00:00,2020,3,5,9,33.58
2020-03-05 10:00:00,2020,3,5,10,35.31
2020-03-05 11:00:00,2020,3,5,11,32.59
2020-03-05 12:00:00,2020,3,5,12,31.81
2020-03-05 13:00:00,2020,3,5,13,32.22
2020-03-05 14:00:00,2020,3,5,14,36.35
2020-03-05 15:00:00,2020,3,5,15,40.32
2020-03-05 16:00:00,2020,3,5,16,43.14
2020-03-05 17:00:00,2020,3,5,17,44.43
2020-03-05 18:00:00,2020,3,5,18,41.14
2020-03-05 19:00:00,2020,3,5,19,39.72
2020-03-05 20:00:00,2020,3,5,20,36.61
2020-03-05 21:00:00,2020,3,5,21,34.35
2020-03-05 22:00:00,2020,3,5,22,32.91
2020-03-05 23:00:00,2020,3,5,23,31.84
2020-03-06 00:00:00,2020,3,6,0,31.04
2020-03-06 01:00:00,2020,3,6,1,29.69
2020-03-06 02:00:00,2020,3,6,2,30.42
2020-03-06 03:00:00,2020,3,6,3,33.85
2020-03-06 04:00:00,2020,3,6,4,38.0
2020-03-06 05:00:00,2020,3,6,5,35.12
2020-03-06 06:00:00,2020,3,6,6,34.27
2020-03-06 07:00:00,2020,3,6,7,31.98
2020-03-06 08:00:00,2020,3,6,8,31.55
2020-03-06 09:00:00,2020,3,6,9,30.6
2020-03-06 10:00:00,2020,3,6,10,30.05
2020-03-06 11:00:00,2020,3,6,11,34.53
2020-03-06 12:00:00,2020,3,6,12,29.63
2020-03-06 13:00:00,2020,3,6,13,29.25
2020-03-06 14:00:00,2020,3,6,14,29.74
2020-03-06 15:00:00,2020,3,6,15,30.63
2020-03-06 16:00:00,2020,3,6,16,32.13
2020-03-06 17:00:00,2020,3,6,17,35.14
2020-03-06 18:00:00,2020,3,6,18,34.73
2020-03-06 19:00:00,2020,3,6,19,32.78
2020-03-06 20:00:00,2020,3,6,20,32.16
2020-03-06 21:00:00,2020,3,6,21,29.06
2020-03-06 22:00:00,2020,3,6,22,27.46
2020-03-06 23:00:00,2020,3,6,23,26.08
2020-03-07 00:00:00,2020,3,7,0,25.41
2020-03-07 01:00:00,2020,3,7,1,27.61
2020-03-07 02:00:00,2020,3,7,2,29.93
2020-03-07 03:00:00,2020,3,7,3,32.51
2020-03-07 04:00:00,2020,3,7,4,35.4
2020-03-07 05:00:00,2020,3,7,5,36.65
2020-03-07 06:00:00,2020,3,7,6,37.01
2020-03-07 07:00:00,2020,3,7,7,33.25
2020-03-07 08:00:00,2020,3,7,8,30.31
2020-03-07 09:00:00,2020,3,7,9,29.05
2020-03-07 10:00:00,2020,3,7,10,27.63
2020-03-07 11:00:00,2020,3,7,11,26.04
2020-03-07 12:00:00,2020,3,7,12,26.74
2020-03-07 13:00:00,2020,3,7,13,27.46
2020-03-07 14:00:00,2020,3,7,14,30.76
2020-03-07 15:00:00,2020,3,7,15,33.78
2020-03-07 16:00:00,2020,3,7,16,37.47
2020-03-07 17:00:00,2020,3,7,17,41.6
2020-03-07 18:00:00,2020,3,7,18,40.81
2020-03-07 19:00:00,2020,3,7,19,39.3
2020-03-07 20:00:00,2020,3,7,20,37.78
2020-03-07 21:00:00,2020,3,7,21,36.92
2020-03-07 22:00:00,2020,3,7,22,37.6
2020-03-07 23:00:00,2020,3,7,23,34.93
2020-03-08 00:00:00,2020,3,8,0,34.0
2020-03-08 01:00:00,2020,3,8,1,34.18
2020-03-08 02:00:00,2020,3,8,2,34.92
2020-03-08 03:00:00,2020,3,8,3,37.14
2020-03-08 04:00:00,2020,3,8,4,41.42
2020-03-08 05:00:00,2020,3,8,5,43.11
2020-03-08 06:00:00,2020,3,8,6,39.59
2020-03-08 07:00:00,2020,3,8,7,34.13
2020-03-08 08:00:00,2020,3,8,8,31.69
2020-03-08 09:00:00,2020,3,8,9,30.44
2020-03-08 10:00:00,2020,3,8,10,26.52
2020-03-08 11:00:00,2020,3,8,11,26.16
2020-03-08 12:00:00,2020,3,8,12,27.11
2020-03-08 13:00:00,2020,3,8,13,26.17
2020-03-08 14:00:00,2020,3,8,14,28.85
2020-03-08 15:00:00,2020,3,8,15,31.66
2020-03-08 16:00:00,2020,3,8,16,35.66
2020-03-08 17:00:00,2020,3,8,17,40.2
2020-03-08 18:00:00,2020,3,8,18,40.06
2020-03-08 19:00:00,2020,3,8,19,39.6
2020-03-08 20:00:00,2020,3,8,20,39.23
2020-03-08 21:00:00,2020,3,8,21,36.28
2020-03-08 22:00:00,2020,3,8,22,34.53
2020-03-08 23:00:00,2020,3,8,23,33.6
2020-03-09 00:00:00,2020,3,9,0,32.89
2020-03-09 01:00:00,2020,3,9,1,32.8
2020-03-09 02:00:00,2020,3,9,2,34.08
2020-03-09 03:00:00,2020,3,9,3,36.86
2020-03-09 04:00:00,2020,3,9,4,40.5
2020-03-09 05:00:00,2020,3,9,5,38.73
2020-03-09 06:00:00,2020,3,9,6,34.48
2020-03-09 07:00:00,2020,3,9,7,30.71
2020-03-09 08:00:00,2020,3,9,8,29.92
2020-03-09 09:00:00,2020,3,9,9,29.23
2020-03-09 10:00:00,2020,3,9,10,26.71
2020-03-09 11:00:00,2020,3,9,11,24.79
2020-03-09 12:00:00,2020,3,9,12,26.93
2020-03-09 13:00:00,2020,3,9,13,28.19
2020-03-09 14:00:00,2020,3,9,14,29.4
2020-03-09 15:00:00,2020,3,9,15,34.84
2020-03-09 16:00:00,2020,3,9,16,43.73
2020-03-09 17:00:00,2020,3,9,17,49.77
2020-03-09 18:00:00,2020,3,9,18,54.44
2020-03-09 19:00:00,2020,3,9,19,58.97
2020-03-09 20:00:00,2020,3,9,20,61.0
2020-03-09 21:00:00,2020,3,9,21,60.29
2020-03-09 22:00:00,2020,3,9,22,55.04
2020-03-09 23:00:00,2020,3,9,23,54.21
2020-03-10 00:00:00,2020,3,10,0,49.2
2020-03-10 01:00:00,2020,3,10,1,48.14
2020-03-10 02:00:00,2020,3,10,2,47.75
2020-03-10 03:00:00,2020,3,10,3,49.08
2020-03-10 04:00:00,2020,3,10,4,54.21
2020-03-10 05:00:00,2020,3,10,5,54.6
2020-03-10 06:00:00,2020,3,10,6,44.33
2020-03-10 07:00:00,2020,3,10,7,39.82
2020-03-10 08:00:00,2020,3,10,8,35.37
2020-03-10 09:00:00,2020,3,10,9,30.97
2020-03-10 10:00:00,2020,3,10,10,29.31
2020-03-10 11:00:00,2020,3,10,11,28.85
2020-03-10 12:00:00,2020,3,10,12,29.47
2020-03-10 13:00:00,2020,3,10,13,29.02
2020-03-10 14:00:00,2020,3,10,14,30.29
2020-03-10 15:00:00,2020,3,10,15,34.02
2020-03-10 16:00:00,2020,3,10,16,36.65
2020-03-10 17:00:00,2020,3,10,17,35.98
2020-03-10 18:00:00,2020,3,10,18,37.45
2020-03-10 19:00:00,2020,3,10,19,37.24
2020-03-10 20:00:00,2020,3,10,20,35.05
2020-03-10 21:00:00,2020,3,10,21,33.84
2020-03-10 22:00:00,2020,3,10,22,31.45
2020-03-10 23:00:00,2020,3,10,23,32.25
2020-03-11 00:00:00,2020,3,11,0,32.74
2020-03-11 01:00:00,2020,3,11,1,34.03
2020-03-11 02:00:00,2020,3,11,2,31.69
2020-03-11 03:00:00,2020,3,11,3,34.59
2020-03-11 04:00:00,2020,3,11,4,37.98
2020-03-11 05:00:00,2020,3,11,5,38.03
2020-03-11 06:00:00,2020,3,11,6,36.47
2020-03-11 07:00:00,2020,3,11,7,34.93
2020-03-11 08:00:00,2020,3,11,8,32.93
2020-03-11 09:00:00,2020,3,11,9,30.8
2020-03-11 10:00:00,2020,3,11,10,31.94
2020-03-11 11:00:00,2020,3,11,11,31.3
2020-03-11 12:00:00,2020,3,11,12,31.66
2020-03-11 13:00:00,2020,3,11,13,31.12
2020-03-11 14:00:00,2020,3,11,14,32.79
2020-03-11 15:00:00,2020,3,11,15,32.93
2020-03-11 16:00:00,2020,3,11,16,35.06
2020-03-11 17:00:00,2020,3,11,17,35.46
2020-03-11 18:00:00,2020,3,11,18,36.71
2020-03-11 19:00:00,2020,3,11,19,37.38
2020-03-11 20:00:00,2020,3,11,20,36.11
2020-03-11 21:00:00,2020,3,11,21,33.93
2020-03-11 22:00:00,2020,3,11,22,33.27
2020-03-11 23:00:00,2020,3,11,23,34.96
2020-03-12 00:00:00,2020,3,12,0,33.48
2020-03-12 01:00:00,2020,3,12,1,33.38
2020-03-12 02:00:00,2020,3,12,2,33.22
2020-03-12 03:00:00,2020,3,12,3,38.5
2020-03-12 04:00:00,2020,3,12,4,42.41
2020-03-12 05:00:00,2020,3,12,5,41.72
2020-03-12 06:00:00,2020,3,12,6,36.93
2020-03-12 07:00:00,2020,3,12,7,34.92
2020-03-12 08:00:00,2020,3,12,8,30.78
2020-03-12 09:00:00,2020,3,12,9,28.95
2020-03-12 10:00:00,2020,3,12,10,28.19
2020-03-12 11:00:00,2020,3,12,11,28.6
2020-03-12 12:00:00,2020,3,12,12,28.19
2020-03-12 13:00:00,2020,3,12,13,28.24
2020-03-12 14:00:00,2020,3,12,14,30.79
2020-03-12 15:00:00,2020,3,12,15,34.28
2020-03-12 16:00:00,2020,3,12,16,37.29
2020-03-12 17:00:00,2020,3,12,17,41.3
2020-03-12 18:00:00,2020,3,12,18,40.6
2020-03-12 19:00:00,2020,3,12,19,41.02
2020-03-12 20:00:00,2020,3,12,20,39.52
2020-03-12 21:00:00,2020,3,12,21,38.71
2020-03-12 22:00:00,2020,3,12,22,37.12
2020-03-12 23:00:00,2020,3,12,23,38.38
2020-03-13 00:00:00,2020,3,13,0,35.86
2020-03-13 01:00:00,2020,3,13,1,34.8
2020-03-13 02:00:00,2020,3,13,2,35.26
2020-03-13 03:00:00,2020,3,13,3,40.85
2020-03-13 04:00:00,2020,3,13,4,44.56
2020-03-13 05:00:00,2020,3,13,5,41.34
2020-03-13 06:00:00,2020,3,13,6,38.54
2020-03-13 07:00:00,2020,3,13,7,34.69
2020-03-13 08:00:00,2020,3,13,8,35.12
2020-03-13 09:00:00,2020,3,13,9,33.29
2020-03-13 10:00:00,2020,3,13,10,31.0
2020-03-13 11:00:00,2020,3,13,11,30.48
2020-03-13 12:00:00,2020,3,13,12,29.94
2020-03-13 13:00:00,2020,3,13,13,30.57
2020-03-13 14:00:00,2020,3,13,14,33.37
2020-03-13 15:00:00,2020,3,13,15,34.92
2020-03-13 16:00:00,2020,3,13,16,38.46
2020-03-13 17:00:00,2020,3,13,17,40.99
2020-03-13 18:00:00,2020,3,13,18,42.19
2020-03-13 19:00:00,2020,3,13,19,41.76
2020-03-13 20:00:00,2020,3,13,20,39.7
2020-03-13 21:00:00,2020,3,13,21,37.72
2020-03-13 22:00:00,2020,3,13,22,37.16
2020-03-13 23:00:00,2020,3,13,23,34.1
2020-03-14 00:00:00,2020,3,14,0,35.24
2020-03-14 01:00:00,2020,3,14,1,36.41
2020-03-14 02:00:00,2020,3,14,2,37.23
2020-03-14 03:00:00,2020,3,14,3,39.7
2020-03-14 04:00:00,2020,3,14,4,40.08
2020-03-14 05:00:00,2020,3,14,5,42.12
2020-03-14 06:00:00,2020,3,14,6,40.85
2020-03-14 07:00:00,2020,3,14,7,37.68
2020-03-14 08:00:00,2020,3,14,8,34.53
2020-03-14 09:00:00,2020,3,14,9,33.33
2020-03-14 10:00:00,2020,3,14,10,32.26
2020-03-14 11:00:00,2020,3,14,11,31.71
2020-03-14 12:00:00,2020,3,14,12,30.45
2020-03-14 13:00:00,2020,3,14,13,31.51
2020-03-14 14:00:00,2020,3,14,14,32.2
2020-03-14 15:00:00,2020,3,14,15,33.82
2020-03-14 16:00:00,2020,3,14,16,37.71
2020-03-14 17:00:00,2020,3,14,17,39.75
2020-03-14 18:00:00,2020,3,14,18,39.45
2020-03-14 19:00:00,2020,3,14,19,40.46
2020-03-14 20:00:00,2020,3,14,20,39.35
2020-03-14 21:00:00,2020,3,14,21,36.27
2020-03-14 22:00:00,2020,3,14,22,35.22
2020-03-14 23:00:00,2020,3,14,23,34.5
2020-03-15 00:00:00,2020,3,15,0,33.7
2020-03-15 01:00:00,2020,3,15,1,33.69
2020-03-15 02:00:00,2020,3,15,2,33.66
2020-03-15 03:00:00,2020,3,15,3,38.34
2020-03-15 04:00:00,2020,3,15,4,44.48
2020-03-15 05:00:00,2020,3,15,5,46.48
2020-03-15 06:00:00,2020,3,15,6,43.8
2020-03-15 07:00:00,2020,3,15,7,41.77
2020-03-15 08:00:00,2020,3,15,8,36.02
2020-03-15 09:00:00,2020,3,15,9,34.04
2020-03-15 10:00:00,2020,3,15,10,30.33
2020-03-15 11:00:00,2020,3,15,11,29.59
2020-03-15 12:00:00,2020,3,15,12,29.22
2020-03-15 13:00:00,2020,3,15,13,28.84
2020-03-15 14:00:00,2020,3,15,14,30.93
2020-03-15 15:00:00,2020,3,15,15,36.29
2020-03-15 16:00:00,2020,3,15,16,40.23
2020-03-15 17:00:00,2020,3,15,17,44.04
2020-03-15 18:00:00,2020,3,15,18,44.36
2020-03-15 19:00:00,2020,3,15,19,43.74
2020-03-15 20:00:00,2020,3,15,20,44.01
2020-03-15 21:00:00,2020,3,15,21,42.36
2020-03-15 22:00:00,2020,3,15,22,42.51
2020-03-15 23:00:00,2020,3,15,23,41.43
2020-03-16 00:00:00,2020,3,16,0,40.57
2020-03-16 01:00:00,2020,3,16,1,42.53
2020-03-16 02:00:00,2020,3,16,2,42.22
2020-03-16 03:00:00,2020,3,16,3,43.86
2020-03-16 04:00:00,2020,3,16,4,49.8
2020-03-16 05:00:00,2020,3,16,5,49.68
2020-03-16 06:00:00,2020,3,16,6,43.48
2020-03-16 07:00:00,2020,3,16,7,39.28
2020-03-16 08:00:00,2020,3,16,8,37.6
2020-03-16 09:00:00,2020,3,16,9,35.0
2020-03-16 10:00:00,2020,3,16,10,34.01
2020-03-16 11:00:00,2020,3,16,11,33.42
2020-03-16 12:00:00,2020,3,16,12,31.18
2020-03-16 13:00:00,2020,3,16,13,30.17
2020-03-16 14:00:00,2020,3,16,14,31.09
2020-03-16 15:00:00,2020,3,16,15,34.89
2020-03-16 16:00:00,2020,3,16,16,42.65
2020-03-16 17:00:00,2020,3,16,17,47.8
2020-03-16 18:00:00,2020,3,16,18,47.22
2020-03-16 19:00:00,2020,3,16,19,47.87
2020-03-16 20:00:00,2020,3,16,20,47.6
2020-03-16 21:00:00,2020,3,16,21,46.66
2020-03-16 22:00:00,2020,3,16,22,48.4
2020-03-16 23:00:00,2020,3,16,23,45.78
2020-03-17 00:00:00,2020,3,17,0,42.23
2020-03-17 01:00:00,2020,3,17,1,43.16
2020-03-17 02:00:00,2020,3,17,2,47.21
2020-03-17 03:00:00,2020,3,17,3,48.45
2020-03-17 04:00:00,2020,3,17,4,53.62
2020-03-17 05:00:00,2020,3,17,5,51.63
2020-03-17 06:00:00,2020,3,17,6,48.78
2020-03-17 07:00:00,2020,3,17,7,42.69
2020-03-17 08:00:00,2020,3,17,8,48.52
2020-03-17 09:00:00,2020,3,17,9,36.75
2020-03-17 10:00:00,2020,3,17,10,33.18
2020-03-17 11:00:00,2020,3,17,11,30.31
2020-03-17 12:00:00,2020,3,17,12,28.55
2020-03-17 13:00:00,2020,3,17,13,29.15
2020-03-17 14:00:00,2020,3,17,14,34.65
2020-03-17 15:00:00,2020,3,17,15,41.55
2020-03-17 16:00:00,2020,3,17,16,47.17
2020-03-17 17:00:00,2020,3,17,17,48.69
2020-03-17 18:00:00,2020,3,17,18,51.09
2020-03-17 19:00:00,2020,3,17,19,53.15
2020-03-17 20:00:00,2020,3,17,20,52.04
2020-03-17 21:00:00,2020,3,17,21,50.63
2020-03-17 22:00:00,2020,3,17,22,49.33
2020-03-17 23:00:00,2020,3,17,23,46.78
2020-03-18 00:00:00,2020,3,18,0,45.99
2020-03-18 01:00:00,2020,3,18,1,45.37
2020-03-18 02:00:00,2020,3,18,2,46.81
2020-03-18 03:00:00,2020,3,18,3,48.91
2020-03-18 04:00:00,2020,3,18,4,52.26
2020-03-18 05:00:00,2020,3,18,5,52.97
2020-03-18 06:00:00,2020,3,18,6,46.09
2020-03-18 07:00:00,2020,3,18,7,40.24
2020-03-18 08:00:00,2020,3,18,8,37.97
2020-03-18 09:00:00,2020,3,18,9,34.14
2020-03-18 10:00:00,2020,3,18,10,33.34
2020-03-18 11:00:00,2020,3,18,11,31.33
2020-03-18 12:00:00,2020,3,18,12,29.77
2020-03-18 13:00:00,2020,3,18,13,29.04
2020-03-18 14:00:00,2020,3,18,14,32.38
2020-03-18 15:00:00,2020,3,18,15,40.34
2020-03-18 16:00:00,2020,3,18,16,47.35
2020-03-18 17:00:00,2020,3,18,17,51.12
2020-03-18 18:00:00,2020,3,18,18,53.34
2020-03-18 19:00:00,2020,3,18,19,53.07
2020-03-18 20:00:00,2020,3,18,20,52.9
2020-03-18 21:00:00,2020,3,18,21,49.88
2020-03-18 22:00:00,2020,3,18,22,51.22
2020-03-18 23:00:00,2020,3,18,23,50.82
2020-03-19 00:00:00,2020,3,19,0,49.12
2020-03-19 01:00:00,2020,3,19,1,49.86
2020-03-19 02:00:00,2020,3,19,2,49.15
2020-03-19 03:00:00,2020,3,19,3,54.0
2020-03-19 04:00:00,2020,3,19,4,59.08
2020-03-19 05:00:00,2020,3,19,5,57.79
2020-03-19 06:00:00,2020,3,19,6,54.42
2020-03-19 07:00:00,2020,3,19,7,45.93
2020-03-19 08:00:00,2020,3,19,8,41.37
2020-03-19 09:00:00,2020,3,19,9,38.15
2020-03-19 10:00:00,2020,3,19,10,35.46
2020-03-19 11:00:00,2020,3,19,11,33.32
2020-03-19 12:00:00,2020,3,19,12,32.99
2020-03-19 13:00:00,2020,3,19,13,30.43
2020-03-19 14:00:00,2020,3,19,14,34.91
2020-03-19 15:00:00,2020,3,19,15,37.77
2020-03-19 16:00:00,2020,3,19,16,46.11
2020-03-19 17:00:00,2020,3,19,17,52.41
2020-03-19 18:00:00,2020,3,19,18,52.92
2020-03-19 19:00:00,2020,3,19,19,50.43
2020-03-19 20:00:00,2020,3,19,20,49.44
2020-03-19 21:00:00,2020,3,19,21,46.72
2020-03-19 22:00:00,2020,3,19,22,45.83
2020-03-19 23:00:00,2020,3,19,23,42.67
2020-03-20 00:00:00,2020,3,20,0,42.8
2020-03-20 01:00:00,2020,3,20,1,40.3
2020-03-20 02:00:00,2020,3,20,2,41.7
2020-03-20 03:00:00,2020,3,20,3,46.61
2020-03-20 04:00:00,2020,3,20,4,49.82
2020-03-20 05:00:00,2020,3,20,5,47.65
2020-03-20 06:00:00,2020,3,20,6,44.18
2020-03-20 07:00:00,2020,3,20,7,39.79
2020-03-20 08:00:00,2020,3,20,8,37.81
2020-03-20 09:00:00,2020,3,20,9,35.64
2020-03-20 10:00:00,2020,3,20,10,34.6
2020-03-20 11:00:00,2020,3,20,11,34.26
2020-03-20 12:00:00,2020,3,20,12,33.55
2020-03-20 13:00:00,2020,3,20,13,33.2
2020-03-20 14:00:00,2020,3,20,14,32.87
2020-03-20 15:00:00,2020,3,20,15,39.4
2020-03-20 16:00:00,2020,3,20,16,48.02
2020-03-20 17:00:00,2020,3,20,17,48.43
2020-03-20 18:00:00,2020,3,20,18,48.71
2020-03-20 19:00:00,2020,3,20,19,47.24
2020-03-20 20:00:00,2020,3,20,20,47.79
2020-03-20 21:00:00,2020,3,20,21,47.96
2020-03-20 22:00:00,2020,3,20,22,47.81
2020-03-20 23:00:00,2020,3,20,23,45.09
2020-03-21 00:00:00,2020,3,21,0,46.11
2020-03-21 01:00:00,2020,3,21,1,39.15
2020-03-21 02:00:00,2020,3,21,2,39.73
2020-03-21 03:00:00,2020,3,21,3,41.65
2020-03-21 04:00:00,2020,3,21,4,45.16
2020-03-21 05:00:00,2020,3,21,5,49.11
2020-03-21 06:00:00,2020,3,21,6,45.35
2020-03-21 07:00:00,2020,3,21,7,40.92
2020-03-21 08:00:00,2020,3,21,8,35.86
2020-03-21 09:00:00,2020,3,21,9,34.06
2020-03-21 10:00:00,2020,3,21,10,30.59
2020-03-21 11:00:00,2020,3,21,11,28.91
2020-03-21 12:00:00,2020,3,21,12,30.25
2020-03-21 13:00:00,2020,3,21,13,32.05
2020-03-21 14:00:00,2020,3,21,14,33.4
2020-03-21 15:00:00,2020,3,21,15,36.55
2020-03-21 16:00:00,2020,3,21,16,42.26
2020-03-21 17:00:00,2020,3,21,17,45.58
2020-03-21 18:00:00,2020,3,21,18,45.27
2020-03-21 19:00:00,2020,3,21,19,47.83
2020-03-21 20:00:00,2020,3,21,20,48.25
2020-03-21 21:00:00,2020,3,21,21,43.01
2020-03-21 22:00:00,2020,3,21,22,41.04
2020-03-21 23:00:00,2020,3,21,23,39.58
2020-03-22 00:00:00,2020,3,22,0,36.49
2020-03-22 01:00:00,2020,3,22,1,38.04
2020-03-22 02:00:00,2020,3,22,2,36.72
2020-03-22 03:00:00,2020,3,22,3,39.51
2020-03-22 04:00:00,2020,3,22,4,41.96
2020-03-22 05:00:00,2020,3,22,5,39.0
2020-03-22 06:00:00,2020,3,22,6,36.6
2020-03-22 07:00:00,2020,3,22,7,36.5
2020-03-22 08:00:00,2020,3,22,8,28.58
2020-03-22 09:00:00,2020,3,22,9,27.53
2020-03-22 10:00:00,2020,3,22,10,25.92
2020-03-22 11:00:00,2020,3,22,11,24.84
2020-03-22 12:00:00,2020,3,22,12,24.43
2020-03-22 13:00:00,2020,3,22,13,27.57
2020-03-22 14:00:00,2020,3,22,14,28.57
2020-03-22 15:00:00,2020,3,22,15,33.42
2020-03-22 16:00:00,2020,3,22,16,37.29
2020-03-22 17:00:00,2020,3,22,17,40.51
2020-03-22 18:00:00,2020,3,22,18,41.41
2020-03-22 19:00:00,2020,3,22,19,39.76
2020-03-22 20:00:00,2020,3,22,20,37.31
2020-03-22 21:00:00,2020,3,22,21,38.78
2020-03-22 22:00:00,2020,3,22,22,38.08
2020-03-22 23:00:00,2020,3,22,23,37.3
2020-03-23 00:00:00,2020,3,23,0,33.92
2020-03-23 01:00:00,2020,3,23,1,34.11
2020-03-23 02:00:00,2020,3,23,2,34.11
2020-03-23 03:00:00,2020,3,23,3,39.73
2020-03-23 04:00:00,2020,3,23,4,42.7
2020-03-23 05:00:00,2020,3,23,5,43.61
2020-03-23 06:00:00,2020,3,23,6,40.88
2020-03-23 07:00:00,2020,3,23,7,40.72
2020-03-23 08:00:00,2020,3,23,8,36.06
2020-03-23 09:00:00,2020,3,23,9,32.2
2020-03-23 10:00:00,2020,3,23,10,29.33
2020-03-23 11:00:00,2020,3,23,11,30.04
2020-03-23 12:00:00,2020,3,23,12,28.11
2020-03-23 13:00:00,2020,3,23,13,29.47
2020-03-23 14:00:00,2020,3,23,14,32.18
2020-03-23 15:00:00,2020,3,23,15,34.12
2020-03-23 16:00:00,2020,3,23,16,37.76
2020-03-23 17:00:00,2020,3,23,17,38.23
2020-03-23 18:00:00,2020,3,23,18,41.94
2020-03-23 19:00:00,2020,3,23,19,43.4
2020-03-23 20:00:00,2020,3,23,20,41.0
2020-03-23 21:00:00,2020,3,23,21,40.73
2020-03-23 22:00:00,2020,3,23,22,39.46
2020-03-23 23:00:00,2020,3,23,23,38.55
2020-03-24 00:00:00,2020,3,24,0,37.59
2020-03-24 01:00:00,2020,3,24,1,36.39
2020-03-24 02:00:00,2020,3,24,2,39.25
2020-03-24 03:00:00,2020,3,24,3,40.46
2020-03-24 04:00:00,2020,3,24,4,46.44
2020-03-24 05:00:00,2020,3,24,5,45.98
2020-03-24 06:00:00,2020,3,24,6,43.23
2020-03-24 07:00:00,2020,3,24,7,39.63
2020-03-24 08:00:00,2020,3,24,8,33.65
2020-03-24 09:00:00,2020,3,24,9,33.6
2020-03-24 10:00:00,2020,3,24,10,31.18
2020-03-24 11:00:00,2020,3,24,11,29.27
2020-03-24 12:00:00,2020,3,24,12,28.74
2020-03-24 13:00:00,2020,3,24,13,29.33
2020-03-24 14:00:00,2020,3,24,14,33.09
2020-03-24 15:00:00,2020,3,24,15,37.14
2020-03-24 16:00:00,2020,3,24,16,41.58
2020-03-24 17:00:00,2020,3,24,17,41.64
2020-03-24 18:00:00,2020,3,24,18,42.44
2020-03-24 19:00:00,2020,3,24,19,43.02
2020-03-24 20:00:00,2020,3,24,20,41.76
2020-03-24 21:00:00,2020,3,24,21,39.06
2020-03-24 22:00:00,2020,3,24,22,37.25
2020-03-24 23:00:00,2020,3,24,23,33.96
2020-03-25 00:00:00,2020,3,25,0,35.2
2020-03-25 01:00:00,2020,3,25,1,34.51
2020-03-25 02:00:00,2020,3,25,2,34.87
2020-03-25 03:00:00,2020,3,25,3,38.86
2020-03-25 04:00:00,2020,3,25,4,40.66
2020-03-25 05:00:00,2020,3,25,5,41.97
2020-03-25 06:00:00,2020,3,25,6,41.56
2020-03-25 07:00:00,2020,3,25,7,35.36
2020-03-25 08:00:00,2020,3,25,8,32.33
2020-03-25 09:00:00,2020,3,25,9,31.55
2020-03-25 10:00:00,2020,3,25,10,29.45
2020-03-25 11:00:00,2020,3,25,11,27.35
2020-03-25 12:00:00,2020,3,25,12,27.43
2020-03-25 13:00:00,2020,3,25,13,28.34
2020-03-25 14:00:00,2020,3,25,14,32.6
2020-03-25 15:00:00,2020,3,25,15,33.49
2020-03-25 16:00:00,2020,3,25,16,35.68
2020-03-25 17:00:00,2020,3,25,17,35.63
2020-03-25 18:00:00,2020,3,25,18,40.4
2020-03-25 19:00:00,2020,3,25,19,36.17
2020-03-25 20:00:00,2020,3,25,20,35.98
2020-03-25 21:00:00,2020,3,25,21,34.07
2020-03-25 22:00:00,2020,3,25,22,32.35
2020-03-25 23:00:00,2020,3,25,23,34.97
2020-03-26 00:00:00,2020,3,26,0,31.49
2020-03-26 01:00:00,2020,3,26,1,29.24
2020-03-26 02:00:00,2020,3,26,2,29.65
2020-03-26 03:00:00,2020,3,26,3,31.77
2020-03-26 04:00:00,2020,3,26,4,34.32
2020-03-26 05:00:00,2020,3,26,5,36.03
2020-03-26 06:00:00,2020,3,26,6,36.55
2020-03-26 07:00:00,2020,3,26,7,32.99
2020-03-26 08:00:00,2020,3,26,8,27.4
2020-03-26 09:00:00,2020,3,26,9,24.95
2020-03-26 10:00:00,2020,3,26,10,22.45
2020-03-26 11:00:00,2020,3,26,11,22.67
2020-03-26 12:00:00,2020,3,26,12,22.95
2020-03-26 13:00:00,2020,3,26,13,24.08
2020-03-26 14:00:00,2020,3,26,14,28.28
2020-03-26 15:00:00,2020,3,26,15,32.49
2020-03-26 16:00:00,2020,3,26,16,37.33
2020-03-26 17:00:00,2020,3,26,17,37.64
2020-03-26 18:00:00,2020,3,26,18,40.54
2020-03-26 19:00:00,2020,3,26,19,37.85
2020-03-26 20:00:00,2020,3,26,20,36.78
2020-03-26 21:00:00,2020,3,26,21,32.66
2020-03-26 22:00:00,2020,3,26,22,33.99
2020-03-26 23:00:00,2020,3,26,23,33.34
2020-03-27 00:00:00,2020,3,27,0,31.81
2020-03-27 01:00:00,2020,3,27,1,31.71
2020-03-27 02:00:00,2020,3,27,2,33.36
2020-03-27 03:00:00,2020,3,27,3,34.62
2020-03-27 04:00:00,2020,3,27,4,34.76
2020-03-27 05:00:00,2020,3,27,5,35.26
2020-03-27 06:00:00,2020,3,27,6,33.24
2020-03-27 07:00:00,2020,3,27,7,30.88
2020-03-27 08:00:00,2020,3,27,8,27.04
2020-03-27 09:00:00,2020,3,27,9,24.92
2020-03-27 10:00:00,2020,3,27,10,25.5
2020-03-27 11:00:00,2020,3,27,11,25.59
2020-03-27 12:00:00,2020,3,27,12,25.41
2020-03-27 13:00:00,2020,3,27,13,24.43
2020-03-27 14:00:00,2020,3,27,14,26.61
2020-03-27 15:00:00,2020,3,27,15,30.87
2020-03-27 16:00:00,2020,3,27,16,32.06
2020-03-27 17:00:00,2020,3,27,17,32.05
2020-03-27 18:00:00,2020,3,27,18,33.32
2020-03-27 19:00:00,2020,3,27,19,29.41
2020-03-27 20:00:00,2020,3,27,20,29.47
2020-03-27 21:00:00,2020,3,27,21,29.01
2020-03-27 22:00:00,2020,3,27,22,28.95
2020-03-27 23:00:00,2020,3,27,23,30.42
2020-03-28 00:00:00,2020,3,28,0,27.99
2020-03-28 01:00:00,2020,3,28,1,28.99
2020-03-28 02:00:00,2020,3,28,2,28.19
2020-03-28 03:00:00,2020,3,28,3,30.86
2020-03-28 04:00:00,2020,3,28,4,32.98
2020-03-28 05:00:00,2020,3,28,5,32.34
2020-03-28 06:00:00,2020,3,28,6,30.95
2020-03-28 07:00:00,2020,3,28,7,26.68
2020-03-28 08:00:00,2020,3,28,8,29.86
2020-03-28 09:00:00,2020,3,28,9,23.56
2020-03-28 10:00:00,2020,3,28,10,24.1
2020-03-28 11:00:00,2020,3,28,11,21.9
2020-03-28 12:00:00,2020,3,28,12,21.41
2020-03-28 13:00:00,2020,3,28,13,21.4
2020-03-28 14:00:00,2020,3,28,14,23.47
2020-03-28 15:00:00,2020,3,28,15,30.5
2020-03-28 16:00:00,2020,3,28,16,32.51
2020-03-28 17:00:00,2020,3,28,17,31.53
2020-03-28 18:00:00,2020,3,28,18,30.77
2020-03-28 19:00:00,2020,3,28,19,31.37
2020-03-28 20:00:00,2020,3,28,20,31.66
2020-03-28 21:00:00,2020,3,28,21,30.97
2020-03-28 22:00:00,2020,3,28,22,29.45
2020-03-28 23:00:00,2020,3,28,23,30.18
2020-03-29 00:00:00,2020,3,29,0,30.03
2020-03-29 01:00:00,2020,3,29,1,28.03
2020-03-29 02:00:00,2020,3,29,2,27.35
2020-03-29 03:00:00,2020,3,29,3,30.36
2020-03-29 04:00:00,2020,3,29,4,31.84
2020-03-29 05:00:00,2020,3,29,5,28.8
2020-03-29 06:00:00,2020,3,29,6,28.9
2020-03-29 07:00:00,2020,3,29,7,28.31
2020-03-29 08:00:00,2020,3,29,8,23.37
2020-03-29 09:00:00,2020,3,29,9,22.06
2020-03-29 10:00:00,2020,3,29,10,21.62
2020-03-29 11:00:00,2020,3,29,11,21.89
2020-03-29 12:00:00,2020,3,29,12,21.17
2020-03-29 13:00:00,2020,3,29,13,23.05
2020-03-29 14:00:00,2020,3,29,14,25.29
2020-03-29 15:00:00,2020,3,29,15,25.54
2020-03-29 16:00:00,2020,3,29,16,28.27
2020-03-29 17:00:00,2020,3,29,17,30.49
2020-03-29 18:00:00,2020,3,29,18,29.42
2020-03-29 19:00:00,2020,3,29,19,28.33
2020-03-29 20:00:00,2020,3,29,20,29.45
2020-03-29 21:00:00,2020,3,29,21,29.82
2020-03-29 22:00:00,2020,3,29,22,27.57
2020-03-29 23:00:00,2020,3,29,23,28.39
2020-03-30 00:00:00,2020,3,30,0,27.42
2020-03-30 01:00:00,2020,3,30,1,27.68
2020-03-30 02:00:00,2020,3,30,2,28.03
2020-03-30 03:00:00,2020,3,30,3,28.83
2020-03-30 04:00:00,2020,3,30,4,29.73
2020-03-30 05:00:00,2020,3,30,5,32.35
2020-03-30 06:00:00,2020,3,30,6,31.73
2020-03-30 07:00:00,2020,3,30,7,28.79
2020-03-30 08:00:00,2020,3,30,8,26.6
2020-03-30 09:00:00,2020,3,30,9,26.2
2020-03-30 10:00:00,2020,3,30,10,23.08
2020-03-30 11:00:00,2020,3,30,11,21.57
2020-03-30 12:00:00,2020,3,30,12,20.79
2020-03-30 13:00:00,2020,3,30,13,21.48
2020-03-30 14:00:00,2020,3,30,14,24.81
2020-03-30 15:00:00,2020,3,30,15,28.54
2020-03-30 16:00:00,2020,3,30,16,33.62
2020-03-30 17:00:00,2020,3,30,17,37.74
2020-03-30 18:00:00,2020,3,30,18,38.26
2020-03-30 19:00:00,2020,3,30,19,37.52
2020-03-30 20:00:00,2020,3,30,20,37.14
2020-03-30 21:00:00,2020,3,30,21,35.18
2020-03-30 22:00:00,2020,3,30,22,32.7
2020-03-30 23:00:00,2020,3,30,23,33.93
2020-03-31 00:00:00,2020,3,31,0,31.58
2020-03-31 01:00:00,2020,3,31,1,32.33
2020-03-31 02:00:00,2020,3,31,2,34.52
2020-03-31 03:00:00,2020,3,31,3,33.42
2020-03-31 04:00:00,2020,3,31,4,37.16
2020-03-31 05:00:00,2020,3,31,5,35.27
2020-03-31 06:00:00,2020,3,31,6,36.43
2020-03-31 07:00:00,2020,3,31,7,33.69
2020-03-31 08:00:00,2020,3,31,8,29.06
2020-03-31 09:00:00,2020,3,31,9,29.03
2020-03-31 10:00:00,2020,3,31,10,27.35
2020-03-31 11:00:00,2020,3,31,11,27.19
2020-03-31 12:00:00,2020,3,31,12,26.24
2020-03-31 13:00:00,2020,3,31,13,23.65
2020-03-31 14:00:00,2020,3,31,14,27.04
2020-03-31 15:00:00,2020,3,31,15,30.75
2020-03-31 16:00:00,2020,3,31,16,36.54
2020-03-31 17:00:00,2020,3,31,17,36.95
2020-03-31 18:00:00,2020,3,31,18,42.11
2020-03-31 19:00:00,2020,3,31,19,41.7
2020-03-31 20:00:00,2020,3,31,20,41.25
2020-03-31 21:00:00,2020,3,31,21,41.26
2020-03-31 22:00:00,2020,3,31,22,39.14
2020-03-31 23:00:00,2020,3,31,23,36.51
2020-04-01 00:00:00,2020,4,1,0,38.2
2020-04-01 01:00:00,2020,4,1,1,36.93
2020-04-01 02:00:00,2020,4,1,2,35.05
2020-04-01 03:00:00,2020,4,1,3,40.03
2020-04-01 04:00:00,2020,4,1,4,42.44
2020-04-01 05:00:00,2020,4,1,5,44.13
2020-04-01 06:00:00,2020,4,1,6,40.19
2020-04-01 07:00:00,2020,4,1,7,35.81
2020-04-01 08:00:00,2020,4,1,8,32.17
2020-04-01 09:00:00,2020,4,1,9,28.28
2020-04-01 10:00:00,2020,4,1,10,25.73
2020-04-01 11:00:00,2020,4,1,11,23.86
2020-04-01 12:00:00,2020,4,1,12,24.18
2020-04-01 13:00:00,2020,4,1,13,24.25
2020-04-01 14:00:00,2020,4,1,14,26.16
2020-04-01 15:00:00,2020,4,1,15,31.11
2020-04-01 16:00:00,2020,4,1,16,34.47
2020-04-01 17:00:00,2020,4,1,17,31.52
2020-04-01 18:00:00,2020,4,1,18,42.53
2020-04-01 19:00:00,2020,4,1,19,38.83
2020-04-01 20:00:00,2020,4,1,20,36.74
2020-04-01 21:00:00,2020,4,1,21,37.49
2020-04-01 22:00:00,2020,4,1,22,35.66
2020-04-01 23:00:00,2020,4,1,23,37.65
2020-04-02 00:00:00,2020,4,2,0,37.39
2020-04-02 01:00:00,2020,4,2,1,37.12
2020-04-02 02:00:00,2020,4,2,2,35.98
2020-04-02 03:00:00,2020,4,2,3,39.69
2020-04-02 04:00:00,2020,4,2,4,38.99
2020-04-02 05:00:00,2020,4,2,5,39.23
2020-04-02 06:00:00,2020,4,2,6,36.08
2020-04-02 07:00:00,2020,4,2,7,34.41
2020-04-02 08:00:00,2020,4,2,8,30.71
2020-04-02 09:00:00,2020,4,2,9,38.09
2020-04-02 10:00:00,2020,4,2,10,26.06
2020-04-02 11:00:00,2020,4,2,11,24.45
2020-04-02 12:00:00,2020,4,2,12,23.66
2020-04-02 13:00:00,2020,4,2,13,24.53
2020-04-02 14:00:00,2020,4,2,14,25.4
2020-04-02 15:00:00,2020,4,2,15,31.22
2020-04-02 16:00:00,2020,4,2,16,33.69
2020-04-02 17:00:00,2020,4,2,17,38.75
2020-04-02 18:00:00,2020,4,2,18,38.82
2020-04-02 19:00:00,2020,4,2,19,38.99
2020-04-02 20:00:00,2020,4,2,20,34.17
2020-04-02 21:00:00,2020,4,2,21,33.18
2020-04-02 22:00:00,2020,4,2,22,31.28
2020-04-02 23:00:00,2020,4,2,23,30.64
2020-04-03 00:00:00,2020,4,3,0,29.64
2020-04-03 01:00:00,2020,4,3,1,32.02
2020-04-03 02:00:00,2020,4,3,2,31.49
2020-04-03 03:00:00,2020,4,3,3,35.07
2020-04-03 04:00:00,2020,4,3,4,37.57
2020-04-03 05:00:00,2020,4,3,5,34.47
2020-04-03 06:00:00,2020,4,3,6,31.85
2020-04-03 07:00:00,2020,4,3,7,28.5
2020-04-03 08:00:00,2020,4,3,8,27.63
2020-04-03 09:00:00,2020,4,3,9,25.29
2020-04-03 10:00:00,2020,4,3,10,24.45
2020-04-03 11:00:00,2020,4,3,11,26.88
2020-04-03 12:00:00,2020,4,3,12,23.33
2020-04-03 13:00:00,2020,4,3,13,23.06
2020-04-03 14:00:00,2020,4,3,14,26.06
2020-04-03 15:00:00,2020,4,3,15,27.94
2020-04-03 16:00:00,2020,4,3,16,35.26
2020-04-03 17:00:00,2020,4,3,17,36.5
2020-04-03 18:00:00,2020,4,3,18,37.7
2020-04-03 19:00:00,2020,4,3,19,36.98
2020-04-03 20:00:00,2020,4,3,20,35.52
2020-04-03 21:00:00,2020,4,3,21,35.98
2020-04-03 22:00:00,2020,4,3,22,35.01
2020-04-03 23:00:00,2020,4,3,23,33.49
2020-04-04 00:00:00,2020,4,4,0,32.22
2020-04-04 01:00:00,2020,4,4,1,33.01
2020-04-04 02:00:00,2020,4,4,2,34.65
2020-04-04 03:00:00,2020,4,4,3,38.52
2020-04-04 04:00:00,2020,4,4,4,41.74
2020-04-04 05:00:00,2020,4,4,5,32.58
2020-04-04 06:00:00,2020,4,4,6,36.83
2020-04-04 07:00:00,2020,4,4,7,34.4
2020-04-04 08:00:00,2020,4,4,8,31.88
2020-04-04 09:00:00,2020,4,4,9,29.19
2020-04-04 10:00:00,2020,4,4,10,26.25
2020-04-04 11:00:00,2020,4,4,11,25.46
2020-04-04 12:00:00,2020,4,4,12,23.29
2020-04-04 13:00:00,2020,4,4,13,23.61
2020-04-04 14:00:00,2020,4,4,14,23.74
2020-04-04 15:00:00,2020,4,4,15,27.93
2020-04-04 16:00:00,2020,4,4,16,33.6
2020-04-04 17:00:00,2020,4,4,17,37.74
2020-04-04 18:00:00,2020,4,4,18,23.92
2020-04-04 19:00:00,2020,4,4,19,38.89
2020-04-04 20:00:00,2020,4,4,20,40.29
2020-04-04 21:00:00,2020,4,4,21,37.97
2020-04-04 22:00:00,2020,4,4,22,37.82
2020-04-04 23:00:00,2020,4,4,23,37.82
2020-04-05 00:00:00,2020,4,5,0,37.08
2020-04-05 01:00:00,2020,4,5,1,37.66
2020-04-05 02:00:00,2020,4,5,2,38.38
2020-04-05 03:00:00,2020,4,5,3,39.87
2020-04-05 04:00:00,2020,4,5,4,41.96
2020-04-05 06:00:00,2020,4,5,6,38.22
2020-04-05 07:00:00,2020,4,5,7,35.4
2020-04-05 08:00:00,2020,4,5,8,31.9
2020-04-05 09:00:00,2020,4,5,9,28.0
2020-04-05 10:00:00,2020,4,5,10,27.66
2020-04-05 11:00:00,2020,4,5,11,26.6
2020-04-05 12:00:00,2020,4,5,12,24.46
2020-04-05 13:00:00,2020,4,5,13,25.21
2020-04-05 14:00:00,2020,4,5,14,26.76
2020-04-05 15:00:00,2020,4,5,15,32.01
2020-04-05 16:00:00,2020,4,5,16,40.17
2020-04-05 17:00:00,2020,4,5,17,43.3
2020-04-05 18:00:00,2020,4,5,18,47.97
2020-04-05 19:00:00,2020,4,5,19,48.41
2020-04-05 20:00:00,2020,4,5,20,45.92
2020-04-05 21:00:00,2020,4,5,21,44.61
2020-04-05 22:00:00,2020,4,5,22,41.47
2020-04-05 23:00:00,2020,4,5,23,41.19
2020-04-06 00:00:00,2020,4,6,0,42.28
2020-04-06 01:00:00,2020,4,6,1,38.74
2020-04-06 02:00:00,2020,4,6,2,39.16
2020-04-06 03:00:00,2020,4,6,3,43.3
2020-04-06 04:00:00,2020,4,6,4,44.22
2020-04-06 05:00:00,2020,4,6,5,43.34
2020-04-06 06:00:00,2020,4,6,6,39.77
2020-04-06 07:00:00,2020,4,6,7,32.78
2020-04-06 08:00:00,2020,4,6,8,29.55
2020-04-06 09:00:00,2020,4,6,9,27.41
2020-04-06 10:00:00,2020,4,6,10,24.64
2020-04-06 11:00:00,2020,4,6,11,25.33
2020-04-06 12:00:00,2020,4,6,12,24.85
2020-04-06 13:00:00,2020,4,6,13,24.68
2020-04-06 14:00:00,2020,4,6,14,26.06
2020-04-06 15:00:00,2020,4,6,15,30.95
2020-04-06 16:00:00,2020,4,6,16,38.42
2020-04-06 17:00:00,2020,4,6,17,41.12
2020-04-06 18:00:00,2020,4,6,18,39.75
2020-04-06 19:00:00,2020,4,6,19,39.91
2020-04-06 20:00:00,2020,4,6,20,40.1
2020-04-06 21:00:00,2020,4,6,21,35.97
2020-04-06 22:00:00,2020,4,6,22,34.51
2020-04-06 23:00:00,2020,4,6,23,33.61
2020-04-07 00:00:00,2020,4,7,0,33.47
2020-04-07 01:00:00,2020,4,7,1,31.92
2020-04-07 02:00:00,2020,4,7,2,31.95
2020-04-07 03:00:00,2020,4,7,3,36.63
2020-04-07 04:00:00,2020,4,7,4,38.96
2020-04-07 05:00:00,2020,4,7,5,36.93
2020-04-07 06:00:00,2020,4,7,6,35.72
2020-04-07 07:00:00,2020,4,7,7,30.58
2020-04-07 08:00:00,2020,4,7,8,30.43
2020-04-07 09:00:00,2020,4,7,9,27.98
2020-04-07 10:00:00,2020,4,7,10,24.52
2020-04-07 11:00:00,2020,4,7,11,23.73
2020-04-07 12:00:00,2020,4,7,12,23.23
2020-04-07 13:00:00,2020,4,7,13,24.6
2020-04-07 14:00:00,2020,4,7,14,27.29
2020-04-07 15:00:00,2020,4,7,15,29.71
2020-04-07 16:00:00,2020,4,7,16,36.52
2020-04-07 17:00:00,2020,4,7,17,34.88
2020-04-07 18:00:00,2020,4,7,18,40.02
2020-04-07 19:00:00,2020,4,7,19,38.57
2020-04-07 20:00:00,2020,4,7,20,36.61
2020-04-07 21:00:00,2020,4,7,21,31.96
2020-04-07 22:00:00,2020,4,7,22,30.24
2020-04-07 23:00:00,2020,4,7,23,28.18
2020-04-08 00:00:00,2020,4,8,0,27.69
2020-04-08 01:00:00,2020,4,8,1,28.23
2020-04-08 02:00:00,2020,4,8,2,27.44
2020-04-08 03:00:00,2020,4,8,3,29.26
2020-04-08 04:00:00,2020,4,8,4,30.94
2020-04-08 05:00:00,2020,4,8,5,31.71
2020-04-08 06:00:00,2020,4,8,6,32.69
2020-04-08 07:00:00,2020,4,8,7,32.14
2020-04-08 08:00:00,2020,4,8,8,28.43
2020-04-08 09:00:00,2020,4,8,9,26.65
2020-04-08 10:00:00,2020,4,8,10,26.98
2020-04-08 11:00:00,2020,4,8,11,26.43
2020-04-08 12:00:00,2020,4,8,12,26.16
2020-04-08 13:00:00,2020,4,8,13,24.53
2020-04-08 14:00:00,2020,4,8,14,26.35
2020-04-08 15:00:00,2020,4,8,15,28.05
2020-04-08 16:00:00,2020,4,8,16,32.57
2020-04-08 17:00:00,2020,4,8,17,36.64
2020-04-08 18:00:00,2020,4,8,18,35.33
2020-04-08 19:00:00,2020,4,8,19,36.03
2020-04-08 20:00:00,2020,4,8,20,35.6
2020-04-08 21:00:00,2020,4,8,21,33.44
2020-04-08 22:00:00,2020,4,8,22,32.82
2020-04-08 23:00:00,2020,4,8,23,30.15
2020-04-09 00:00:00,2020,4,9,0,29.59
2020-04-09 01:00:00,2020,4,9,1,29.44
2020-04-09 02:00:00,2020,4,9,2,30.5
2020-04-09 03:00:00,2020,4,9,3,34.73
2020-04-09 04:00:00,2020,4,9,4,37.64
2020-04-09 05:00:00,2020,4,9,5,36.78
2020-04-09 06:00:00,2020,4,9,6,35.27
2020-04-09 07:00:00,2020,4,9,7,33.34
2020-04-09 08:00:00,2020,4,9,8,30.53
2020-04-09 09:00:00,2020,4,9,9,27.24
2020-04-09 10:00:00,2020,4,9,10,37.76
2020-04-09 11:00:00,2020,4,9,11,35.38
2020-04-09 12:00:00,2020,4,9,12,23.81
2020-04-09 13:00:00,2020,4,9,13,24.97
2020-04-09 14:00:00,2020,4,9,14,27.16
2020-04-09 15:00:00,2020,4,9,15,32.93
2020-04-09 16:00:00,2020,4,9,16,38.89
2020-04-09 17:00:00,2020,4,9,17,43.14
2020-04-09 18:00:00,2020,4,9,18,43.5
2020-04-09 19:00:00,2020,4,9,19,44.84
2020-04-09 20:00:00,2020,4,9,20,41.14
2020-04-09 21:00:00,2020,4,9,21,35.8
2020-04-09 22:00:00,2020,4,9,22,35.79
2020-04-09 23:00:00,2020,4,9,23,33.9
2020-04-10 00:00:00,2020,4,10,0,33.39
2020-04-10 01:00:00,2020,4,10,1,34.14
2020-04-10 02:00:00,2020,4,10,2,33.82
2020-04-10 03:00:00,2020,4,10,3,34.68
2020-04-10 04:00:00,2020,4,10,4,41.24
2020-04-10 05:00:00,2020,4,10,5,41.17
2020-04-10 06:00:00,2020,4,10,6,37.3
2020-04-10 07:00:00,2020,4,10,7,34.34
2020-04-10 08:00:00,2020,4,10,8,30.26
2020-04-10 09:00:00,2020,4,10,9,28.52
2020-04-10 10:00:00,2020,4,10,10,25.27
2020-04-10 11:00:00,2020,4,10,11,23.64
2020-04-10 12:00:00,2020,4,10,12,24.62
2020-04-10 13:00:00,2020,4,10,13,23.13
2020-04-10 14:00:00,2020,4,10,14,26.64
2020-04-10 15:00:00,2020,4,10,15,29.44
2020-04-10 16:00:00,2020,4,10,16,38.07
2020-04-10 17:00:00,2020,4,10,17,42.47
2020-04-10 18:00:00,2020,4,10,18,41.38
2020-04-10 19:00:00,2020,4,10,19,40.4
2020-04-10 20:00:00,2020,4,10,20,40.35
2020-04-10 21:00:00,2020,4,10,21,37.79
2020-04-10 22:00:00,2020,4,10,22,37.82
2020-04-10 23:00:00,2020,4,10,23,39.61
2020-04-11 00:00:00,2020,4,11,0,39.14
2020-04-11 01:00:00,2020,4,11,1,36.51
2020-04-11 02:00:00,2020,4,11,2,38.93
2020-04-11 03:00:00,2020,4,11,3,42.08
2020-04-11 04:00:00,2020,4,11,4,42.6
2020-04-11 05:00:00,2020,4,11,5,45.77
2020-04-11 06:00:00,2020,4,11,6,39.7
2020-04-11 07:00:00,2020,4,11,7,34.86
2020-04-11 08:00:00,2020,4,11,8,30.6
2020-04-11 09:00:00,2020,4,11,9,28.57
2020-04-11 10:00:00,2020,4,11,10,46.52
2020-04-11 11:00:00,2020,4,11,11,26.7
2020-04-11 12:00:00,2020,4,11,12,26.3
2020-04-11 13:00:00,2020,4,11,13,27.32
2020-04-11 14:00:00,2020,4,11,14,28.97
2020-04-11 15:00:00,2020,4,11,15,34.75
2020-04-11 16:00:00,2020,4,11,16,42.77
2020-04-11 17:00:00,2020,4,11,17,48.48
2020-04-11 18:00:00,2020,4,11,18,50.71
2020-04-11 19:00:00,2020,4,11,19,49.01
2020-04-11 20:00:00,2020,4,11,20,49.27
2020-04-11 21:00:00,2020,4,11,21,45.13
2020-04-11 22:00:00,2020,4,11,22,43.43
2020-04-11 23:00:00,2020,4,11,23,41.27
2020-04-12 00:00:00,2020,4,12,0,38.02
2020-04-12 01:00:00,2020,4,12,1,36.58
2020-04-12 02:00:00,2020,4,12,2,39.98
2020-04-12 03:00:00,2020,4,12,3,44.82
2020-04-12 04:00:00,2020,4,12,4,46.46
2020-04-12 05:00:00,2020,4,12,5,38.13
2020-04-12 06:00:00,2020,4,12,6,40.59
2020-04-12 07:00:00,2020,4,12,7,31.99
2020-04-12 08:00:00,2020,4,12,8,29.22
2020-04-12 09:00:00,2020,4,12,9,30.03
2020-04-12 10:00:00,2020,4,12,10,25.8
2020-04-12 11:00:00,2020,4,12,11,25.2
2020-04-12 12:00:00,2020,4,12,12,26.4
2020-04-12 13:00:00,2020,4,12,13,26.29
2020-04-12 14:00:00,2020,4,12,14,29.73
2020-04-12 15:00:00,2020,4,12,15,37.04
2020-04-12 16:00:00,2020,4,12,16,47.14
2020-04-12 17:00:00,2020,4,12,17,25.32
2020-04-12 18:00:00,2020,4,12,18,45.88
2020-04-12 19:00:00,2020,4,12,19,46.17
2020-04-12 20:00:00,2020,4,12,20,44.73
2020-04-12 21:00:00,2020,4,12,21,42.91
2020-04-12 22:00:00,2020,4,12,22,42.61
2020-04-12 23:00:00,2020,4,12,23,38.79
2020-04-13 00:00:00,2020,4,13,0,38.54
2020-04-13 01:00:00,2020,4,13,1,39.32
2020-04-13 02:00:00,2020,4,13,2,41.59
2020-04-13 03:00:00,2020,4,13,3,48.08
2020-04-13 04:00:00,2020,4,13,4,45.08
2020-04-13 05:00:00,2020,4,13,5,46.96
2020-04-13 06:00:00,2020,4,13,6,40.46
2020-04-13 07:00:00,2020,4,13,7,34.51
2020-04-13 08:00:00,2020,4,13,8,32.29
2020-04-13 09:00:00,2020,4,13,9,30.21
2020-04-13 10:00:00,2020,4,13,10,29.28
2020-04-13 11:00:00,2020,4,13,11,29.43
2020-04-13 12:00:00,2020,4,13,12,27.67
2020-04-13 13:00:00,2020,4,13,13,28.0
2020-04-13 14:00:00,2020,4,13,14,31.56
2020-04-13 15:00:00,2020,4,13,15,40.86
2020-04-13 16:00:00,2020,4,13,16,45.27
2020-04-13 17:00:00,2020,4,13,17,51.96
2020-04-13 18:00:00,2020,4,13,18,49.76
2020-04-13 19:00:00,2020,4,13,19,49.51
2020-04-13 20:00:00,2020,4,13,20,48.02
2020-04-13 21:00:00,2020,4,13,21,45.62
2020-04-13 22:00:00,2020,4,13,22,45.4
2020-04-13 23:00:00,2020,4,13,23,42.41
2020-04-14 00:00:00,2020,4,14,0,39.61
2020-04-14 01:00:00,2020,4,14,1,40.71
2020-04-14 02:00:00,2020,4,14,2,44.12
2020-04-14 03:00:00,2020,4,14,3,48.04
2020-04-14 04:00:00,2020,4,14,4,52.6
2020-04-14 05:00:00,2020,4,14,5,49.61
2020-04-14 06:00:00,2020,4,14,6,42.6
2020-04-14 07:00:00,2020,4,14,7,41.96
2020-04-14 08:00:00,2020,4,14,8,34.11
2020-04-14 09:00:00,2020,4,14,9,33.68
2020-04-14 10:00:00,2020,4,14,10,31.33
2020-04-14 11:00:00,2020,4,14,11,30.86
2020-04-14 12:00:00,2020,4,14,12,30.99
2020-04-14 13:00:00,2020,4,14,13,31.74
2020-04-14 14:00:00,2020,4,14,14,34.53
2020-04-14 15:00:00,2020,4,14,15,42.87
2020-04-14 16:00:00,2020,4,14,16,48.19
2020-04-14 17:00:00,2020,4,14,17,47.74
2020-04-14 18:00:00,2020,4,14,18,31.02
2020-04-14 19:00:00,2020,4,14,19,46.54
2020-04-14 20:00:00,2020,4,14,20,44.9
2020-04-14 21:00:00,2020,4,14,21,44.45
2020-04-14 22:00:00,2020,4,14,22,42.43
2020-04-14 23:00:00,2020,4,14,23,39.3
2020-04-15 00:00:00,2020,4,15,0,38.68
2020-04-15 01:00:00,2020,4,15,1,38.08
2020-04-15 02:00:00,2020,4,15,2,38.65
2020-04-15 03:00:00,2020,4,15,3,43.8
2020-04-15 04:00:00,2020,4,15,4,45.62
2020-04-15 05:00:00,2020,4,15,5,45.78
2020-04-15 06:00:00,2020,4,15,6,40.03
2020-04-15 07:00:00,2020,4,15,7,35.3
2020-04-15 08:00:00,2020,4,15,8,33.95
2020-04-15 09:00:00,2020,4,15,9,31.14
2020-04-15 10:00:00,2020,4,15,10,45.87
2020-04-15 11:00:00,2020,4,15,11,28.21
2020-04-15 12:00:00,2020,4,15,12,27.77
2020-04-15 13:00:00,2020,4,15,13,28.17
2020-04-15 14:00:00,2020,4,15,14,29.43
2020-04-15 15:00:00,2020,4,15,15,34.28
2020-04-15 16:00:00,2020,4,15,16,38.59
2020-04-15 17:00:00,2020,4,15,17,43.53
2020-04-15 18:00:00,2020,4,15,18,44.04
2020-04-15 19:00:00,2020,4,15,19,42.98
2020-04-15 20:00:00,2020,4,15,20,41.94
2020-04-15 21:00:00,2020,4,15,21,38.8
2020-04-15 22:00:00,2020,4,15,22,36.86
2020-04-15 23:00:00,2020,4,15,23,33.47
2020-04-16 00:00:00,2020,4,16,0,32.37
2020-04-16 01:00:00,2020,4,16,1,32.43
2020-04-16 02:00:00,2020,4,16,2,35.82
2020-04-16 03:00:00,2020,4,16,3,37.1
2020-04-16 04:00:00,2020,4,16,4,40.27
2020-04-16 05:00:00,2020,4,16,5,39.98
2020-04-16 06:00:00,2020,4,16,6,39.09
2020-04-16 07:00:00,2020,4,16,7,34.57
2020-04-16 08:00:00,2020,4,16,8,31.92
2020-04-16 09:00:00,2020,4,16,9,28.38
2020-04-16 10:00:00,2020,4,16,10,28.1
2020-04-16 11:00:00,2020,4,16,11,26.25
2020-04-16 12:00:00,2020,4,16,12,25.42
2020-04-16 13:00:00,2020,4,16,13,28.06
2020-04-16 14:00:00,2020,4,16,14,31.18
2020-04-16 15:00:00,2020,4,16,15,36.82
2020-04-16 16:00:00,2020,4,16,16,41.36
2020-04-16 17:00:00,2020,4,16,17,44.25
2020-04-16 19:00:00,2020,4,16,19,30.12
2020-04-16 20:00:00,2020,4,16,20,35.78
2020-04-16 21:00:00,2020,4,16,21,40.03
2020-04-16 22:00:00,2020,4,16,22,43.03
2020-04-16 23:00:00,2020,4,16,23,36.28
2020-04-17 00:00:00,2020,4,17,0,42.31
2020-04-17 01:00:00,2020,4,17,1,38.67
2020-04-17 02:00:00,2020,4,17,2,37.82
2020-04-17 03:00:00,2020,4,17,3,37.61
2020-04-17 04:00:00,2020,4,17,4,35.82
2020-04-17 05:00:00,2020,4,17,5,43.73
2020-04-17 06:00:00,2020,4,17,6,35.82
2020-04-17 07:00:00,2020,4,17,7,31.29
2020-04-17 08:00:00,2020,4,17,8,35.01
2020-04-17 09:00:00,2020,4,17,9,43.85
2020-04-17 10:00:00,2020,4,17,10,42.95
2020-04-17 11:00:00,2020,4,17,11,42.63
2020-04-17 12:00:00,2020,4,17,12,39.51
2020-04-17 13:00:00,2020,4,17,13,31.97
2020-04-17 14:00:00,2020,4,17,14,29.55
2020-04-17 15:00:00,2020,4,17,15,32.24
2020-04-17 16:00:00,2020,4,17,16,28.55
2020-04-17 17:00:00,2020,4,17,17,37.81
2020-04-17 18:00:00,2020,4,17,18,26.82
2020-04-17 19:00:00,2020,4,17,19,34.32
2020-04-17 20:00:00,2020,4,17,20,32.52
2020-04-17 21:00:00,2020,4,17,21,36.67
2020-04-17 22:00:00,2020,4,17,22,38.34
2020-04-17 23:00:00,2020,4,17,23,39.02
2020-04-18 00:00:00,2020,4,18,0,37.57
2020-04-18 01:00:00,2020,4,18,1,29.71
2020-04-18 02:00:00,2020,4,18,2,36.44
2020-04-18 03:00:00,2020,4,18,3,30.17
2020-04-18 04:00:00,2020,4,18,4,32.58
2020-04-18 05:00:00,2020,4,18,5,29.23
2020-04-18 06:00:00,2020,4,18,6,29.97
2020-04-18 07:00:00,2020,4,18,7,28.89
2020-04-18 08:00:00,2020,4,18,8,27.89
2020-04-18 09:00:00,2020,4,18,9,26.56
2020-04-18 10:00:00,2020,4,18,10,29.02
2020-04-18 11:00:00,2020,4,18,11,29.79
2020-04-18 12:00:00,2020,4,18,12,29.63
2020-04-18 13:00:00,2020,4,18,13,28.29
2020-04-18 14:00:00,2020,4,18,14,27.89
2020-04-18 15:00:00,2020,4,18,15,25.49
2020-04-18 16:00:00,2020,4,18,16,26.57
2020-04-18 17:00:00,2020,4,18,17,35.25
2020-04-18 18:00:00,2020,4,18,18,26.24
2020-04-18 19:00:00,2020,4,18,19,34.71
2020-04-18 20:00:00,2020,4,18,20,30.26
2020-04-18 21:00:00,2020,4,18,21,28.72
2020-04-18 22:00:00,2020,4,18,22,35.01
2020-04-18 23:00:00,2020,4,18,23,27.09
2020-04-19 00:00:00,2020,4,19,0,34.46
2020-04-19 01:00:00,2020,4,19,1,25.17
2020-04-19 02:00:00,2020,4,19,2,30.02
2020-04-19 03:00:00,2020,4,19,3,26.97
2020-04-19 04:00:00,2020,4,19,4,27.02
2020-04-19 05:00:00,2020,4,19,5,27.45
2020-04-19 06:00:00,2020,4,19,6,24.92
2020-04-19 07:00:00,2020,4,19,7,26.13
2020-04-19 08:00:00,2020,4,19,8,25.79
2020-04-19 09:00:00,2020,4,19,9,25.47
2020-04-19 10:00:00,2020,4,19,10,27.32
2020-04-19 11:00:00,2020,4,19,11,27.14
2020-04-19 12:00:00,2020,4,19,12,26.19
2020-04-19 13:00:00,2020,4,19,13,25.81
2020-04-19 14:00:00,2020,4,19,14,23.0
2020-04-19 15:00:00,2020,4,19,15,23.54
2020-04-19 16:00:00,2020,4,19,16,21.98
2020-04-19 17:00:00,2020,4,19,17,34.19
2020-04-19 18:00:00,2020,4,19,18,21.57
2020-04-19 19:00:00,2020,4,19,19,23.54
2020-04-19 20:00:00,2020,4,19,20,25.78
2020-04-19 21:00:00,2020,4,19,21,30.87
2020-04-19 22:00:00,2020,4,19,22,35.34
2020-04-19 23:00:00,2020,4,19,23,28.72
2020-04-20 00:00:00,2020,4,20,0,32.21
2020-04-20 01:00:00,2020,4,20,1,27.3
2020-04-20 02:00:00,2020,4,20,2,30.48
2020-04-20 03:00:00,2020,4,20,3,31.97
2020-04-20 04:00:00,2020,4,20,4,30.03
2020-04-20 05:00:00,2020,4,20,5,32.16
2020-04-20 06:00:00,2020,4,20,6,28.33
2020-04-20 07:00:00,2020,4,20,7,27.81
2020-04-20 08:00:00,2020,4,20,8,32.06
2020-04-20 09:00:00,2020,4,20,9,23.8
2020-04-20 10:00:00,2020,4,20,10,31.78
2020-04-20 11:00:00,2020,4,20,11,22.48
2020-04-20 12:00:00,2020,4,20,12,27.01
2020-04-20 13:00:00,2020,4,20,13,25.79
2020-04-20 14:00:00,2020,4,20,14,24.96
2020-04-20 15:00:00,2020,4,20,15,23.73
2020-04-20 16:00:00,2020,4,20,16,22.34
2020-04-20 17:00:00,2020,4,20,17,29.17
2020-04-20 18:00:00,2020,4,20,18,22.19
2020-04-20 19:00:00,2020,4,20,19,23.48
2020-04-20 20:00:00,2020,4,20,20,22.7
2020-04-20 21:00:00,2020,4,20,21,25.94
2020-04-20 22:00:00,2020,4,20,22,28.7
2020-04-20 23:00:00,2020,4,20,23,27.38
2020-04-21 00:00:00,2020,4,21,0,25.93
2020-04-21 01:00:00,2020,4,21,1,23.53
2020-04-21 02:00:00,2020,4,21,2,23.51
2020-04-21 03:00:00,2020,4,21,3,23.03
2020-04-21 04:00:00,2020,4,21,4,21.91
2020-04-21 05:00:00,2020,4,21,5,23.01
2020-04-21 06:00:00,2020,4,21,6,22.72
2020-04-21 07:00:00,2020,4,21,7,23.89
2020-04-21 08:00:00,2020,4,21,8,25.89
2020-04-21 09:00:00,2020,4,21,9,26.45
2020-04-21 10:00:00,2020,4,21,10,25.02
2020-04-21 11:00:00,2020,4,21,11,23.72
2020-04-21 12:00:00,2020,4,21,12,21.65
2020-04-21 13:00:00,2020,4,21,13,22.36
2020-04-21 14:00:00,2020,4,21,14,20.51
2020-04-21 15:00:00,2020,4,21,15,20.37
2020-04-21 16:00:00,2020,4,21,16,20.69
2020-04-21 17:00:00,2020,4,21,17,19.07
2020-04-21 18:00:00,2020,4,21,18,19.29
2020-04-21 19:00:00,2020,4,21,19,20.05
2020-04-21 20:00:00,2020,4,21,20,21.55
2020-04-21 21:00:00,2020,4,21,21,26.36
2020-04-21 22:00:00,2020,4,21,22,26.55
2020-04-21 23:00:00,2020,4,21,23,27.67
2020-04-22 00:00:00,2020,4,22,0,26.24
2020-04-22 01:00:00,2020,4,22,1,25.27
2020-04-22 02:00:00,2020,4,22,2,24.8
2020-04-22 03:00:00,2020,4,22,3,26.08
2020-04-22 04:00:00,2020,4,22,4,24.59
2020-04-22 05:00:00,2020,4,22,5,25.68
2020-04-22 06:00:00,2020,4,22,6,25.32
2020-04-22 07:00:00,2020,4,22,7,27.71
2020-04-22 08:00:00,2020,4,22,8,27.86
2020-04-22 09:00:00,2020,4,22,9,29.8
2020-04-22 10:00:00,2020,4,22,10,27.88
2020-04-22 11:00:00,2020,4,22,11,26.77
2020-04-22 12:00:00,2020,4,22,12,23.98
2020-04-22 13:00:00,2020,4,22,13,21.72
2020-04-22 14:00:00,2020,4,22,14,21.04
2020-04-22 15:00:00,2020,4,22,15,21.26
2020-04-22 16:00:00,2020,4,22,16,20.95
2020-04-22 17:00:00,2020,4,22,17,20.54
2020-04-22 18:00:00,2020,4,22,18,20.19
2020-04-22 19:00:00,2020,4,22,19,20.79
2020-04-22 20:00:00,2020,4,22,20,22.94
2020-04-22 21:00:00,2020,4,22,21,25.43
2020-04-22 22:00:00,2020,4,22,22,31.74
2020-04-22 23:00:00,2020,4,22,23,30.72
2020-04-23 00:00:00,2020,4,23,0,31.48
2020-04-23 01:00:00,2020,4,23,1,30.59
2020-04-23 02:00:00,2020,4,23,2,29.06
2020-04-23 03:00:00,2020,4,23,3,28.59
2020-04-23 04:00:00,2020,4,23,4,28.74
2020-04-23 05:00:00,2020,4,23,5,28.84
2020-04-23 06:00:00,2020,4,23,6,26.98
2020-04-23 07:00:00,2020,4,23,7,26.62
2020-04-23 08:00:00,2020,4,23,8,28.04
2020-04-23 09:00:00,2020,4,23,9,30.38
2020-04-23 10:00:00,2020,4,23,10,28.5
2020-04-23 11:00:00,2020,4,23,11,27.65
2020-04-23 12:00:00,2020,4,23,12,27.33
2020-04-23 13:00:00,2020,4,23,13,25.03
2020-04-23 14:00:00,2020,4,23,14,23.96
2020-04-23 15:00:00,2020,4,23,15,23.53
2020-04-23 16:00:00,2020,4,23,16,22.0
2020-04-23 17:00:00,2020,4,23,17,21.2
2020-04-23 18:00:00,2020,4,23,18,29.57
2020-04-23 19:00:00,2020,4,23,19,28.8
2020-04-23 20:00:00,2020,4,23,20,27.58
2020-04-23 21:00:00,2020,4,23,21,26.8
2020-04-23 22:00:00,2020,4,23,22,27.22
2020-04-23 23:00:00,2020,4,23,23,27.09
2020-04-24 00:00:00,2020,4,24,0,26.66
2020-04-24 01:00:00,2020,4,24,1,26.73
2020-04-24 02:00:00,2020,4,24,2,28.62
2020-04-24 03:00:00,2020,4,24,3,29.69
2020-04-24 04:00:00,2020,4,24,4,32.49
2020-04-24 05:00:00,2020,4,24,5,30.75
2020-04-24 06:00:00,2020,4,24,6,30.51
2020-04-24 07:00:00,2020,4,24,7,28.07
2020-04-24 08:00:00,2020,4,24,8,24.69
2020-04-24 09:00:00,2020,4,24,9,22.99
2020-04-24 10:00:00,2020,4,24,10,22.6
2020-04-24 11:00:00,2020,4,24,11,22.71
2020-04-24 12:00:00,2020,4,24,12,22.06
2020-04-24 13:00:00,2020,4,24,13,21.65
2020-04-24 14:00:00,2020,4,24,14,22.5
2020-04-24 15:00:00,2020,4,24,15,23.37
2020-04-24 16:00:00,2020,4,24,16,26.98
2020-04-24 17:00:00,2020,4,24,17,27.58
2020-04-24 18:00:00,2020,4,24,18,20.84
2020-04-24 19:00:00,2020,4,24,19,29.74
2020-04-24 20:00:00,2020,4,24,20,29.82
2020-04-24 21:00:00,2020,4,24,21,28.56
2020-04-24 22:00:00,2020,4,24,22,28.59
2020-04-24 23:00:00,2020,4,24,23,26.39
2020-04-25 00:00:00,2020,4,25,0,26.33
2020-04-25 01:00:00,2020,4,25,1,24.58
2020-04-25 02:00:00,2020,4,25,2,23.71
2020-04-25 03:00:00,2020,4,25,3,24.86
2020-04-25 04:00:00,2020,4,25,4,25.86
2020-04-25 05:00:00,2020,4,25,5,25.37
2020-04-25 06:00:00,2020,4,25,6,24.27
2020-04-25 07:00:00,2020,4,25,7,25.09
2020-04-25 08:00:00,2020,4,25,8,23.49
2020-04-25 09:00:00,2020,4,25,9,23.6
2020-04-25 10:00:00,2020,4,25,10,22.45
2020-04-25 11:00:00,2020,4,25,11,22.22
2020-04-25 12:00:00,2020,4,25,12,22.02
2020-04-25 13:00:00,2020,4,25,13,22.1
2020-04-25 14:00:00,2020,4,25,14,24.29
2020-04-25 15:00:00,2020,4,25,15,25.59
2020-04-25 16:00:00,2020,4,25,16,27.24
2020-04-25 17:00:00,2020,4,25,17,29.99
2020-04-25 18:00:00,2020,4,25,18,28.33
2020-04-25 19:00:00,2020,4,25,19,27.88
2020-04-25 20:00:00,2020,4,25,20,28.08
2020-04-25 21:00:00,2020,4,25,21,25.93
2020-04-25 22:00:00,2020,4,25,22,25.76
2020-04-25 23:00:00,2020,4,25,23,25.04
2020-04-26 00:00:00,2020,4,26,0,25.1
2020-04-26 01:00:00,2020,4,26,1,27.83
2020-04-26 02:00:00,2020,4,26,2,25.47
2020-04-26 03:00:00,2020,4,26,3,27.0
2020-04-26 04:00:00,2020,4,26,4,27.37
2020-04-26 05:00:00,2020,4,26,5,27.55
2020-04-26 06:00:00,2020,4,26,6,27.05
2020-04-26 07:00:00,2020,4,26,7,24.71
2020-04-26 08:00:00,2020,4,26,8,22.47
2020-04-26 09:00:00,2020,4,26,9,22.33
2020-04-26 10:00:00,2020,4,26,10,20.89
2020-04-26 11:00:00,2020,4,26,11,20.1
2020-04-26 12:00:00,2020,4,26,12,19.83
2020-04-26 13:00:00,2020,4,26,13,19.8
2020-04-26 14:00:00,2020,4,26,14,21.24
2020-04-26 15:00:00,2020,4,26,15,22.05
2020-04-26 16:00:00,2020,4,26,16,21.22
2020-04-26 17:00:00,2020,4,26,17,22.87
2020-04-26 18:00:00,2020,4,26,18,24.2
2020-04-26 19:00:00,2020,4,26,19,24.03
2020-04-26 20:00:00,2020,4,26,20,23.33
2020-04-26 21:00:00,2020,4,26,21,21.75
2020-04-26 22:00:00,2020,4,26,22,20.04
2020-04-26 23:00:00,2020,4,26,23,19.79
2020-04-27 00:00:00,2020,4,27,0,19.06
2020-04-27 01:00:00,2020,4,27,1,18.92
2020-04-27 02:00:00,2020,4,27,2,19.35
2020-04-27 03:00:00,2020,4,27,3,20.12
2020-04-27 04:00:00,2020,4,27,4,19.79
2020-04-27 05:00:00,2020,4,27,5,21.16
2020-04-27 06:00:00,2020,4,27,6,20.15
2020-04-27 07:00:00,2020,4,27,7,20.48
2020-04-27 08:00:00,2020,4,27,8,19.74
2020-04-27 09:00:00,2020,4,27,9,19.9
2020-04-27 10:00:00,2020,4,27,10,18.85
2020-04-27 11:00:00,2020,4,27,11,18.84
2020-04-27 12:00:00,2020,4,27,12,19.0
2020-04-27 13:00:00,2020,4,27,13,18.35
2020-04-27 14:00:00,2020,4,27,14,20.2
2020-04-27 15:00:00,2020,4,27,15,24.22
2020-04-27 16:00:00,2020,4,27,16,25.18
2020-04-27 17:00:00,2020,4,27,17,25.65
2020-04-27 18:00:00,2020,4,27,18,24.86
2020-04-27 19:00:00,2020,4,27,19,24.67
2020-04-27 20:00:00,2020,4,27,20,24.14
2020-04-27 21:00:00,2020,4,27,21,23.07
2020-04-27 22:00:00,2020,4,27,22,21.09
2020-04-27 23:00:00,2020,4,27,23,20.9
2020-04-28 00:00:00,2020,4,28,0,21.84
2020-04-28 01:00:00,2020,4,28,1,22.61
2020-04-28 02:00:00,2020,4,28,2,21.77
2020-04-28 03:00:00,2020,4,28,3,23.54
2020-04-28 04:00:00,2020,4,28,4,25.67
2020-04-28 05:00:00,2020,4,28,5,25.98
2020-04-28 06:00:00,2020,4,28,6,24.51
2020-04-28 07:00:00,2020,4,28,7,23.3
2020-04-28 08:00:00,2020,4,28,8,23.2
2020-04-28 09:00:00,2020,4,28,9,22.09
2020-04-28 10:00:00,2020,4,28,10,20.76
2020-04-28 11:00:00,2020,4,28,11,18.92
2020-04-28 12:00:00,2020,4,28,12,20.06
2020-04-28 13:00:00,2020,4,28,13,19.8
2020-04-28 14:00:00,2020,4,28,14,20.37
2020-04-28 15:00:00,2020,4,28,15,25.5
2020-04-28 16:00:00,2020,4,28,16,25.54
2020-04-28 17:00:00,2020,4,28,17,26.52
2020-04-28 18:00:00,2020,4,28,18,27.01
2020-04-28 19:00:00,2020,4,28,19,29.19
2020-04-28 20:00:00,2020,4,28,20,29.51
2020-04-28 21:00:00,2020,4,28,21,28.63
2020-04-28 22:00:00,2020,4,28,22,27.44
2020-04-28 23:00:00,2020,4,28,23,27.79
2020-04-29 00:00:00,2020,4,29,0,28.19
2020-04-29 01:00:00,2020,4,29,1,27.84
2020-04-29 02:00:00,2020,4,29,2,28.91
2020-04-29 03:00:00,2020,4,29,3,31.29
2020-04-29 04:00:00,2020,4,29,4,30.5
2020-04-29 05:00:00,2020,4,29,5,29.45
2020-04-29 06:00:00,2020,4,29,6,26.11
2020-04-29 07:00:00,2020,4,29,7,23.79
2020-04-29 08:00:00,2020,4,29,8,23.47
2020-04-29 09:00:00,2020,4,29,9,21.57
2020-04-29 10:00:00,2020,4,29,10,21.57
2020-04-29 11:00:00,2020,4,29,11,25.61
2020-04-29 12:00:00,2020,4,29,12,21.94
2020-04-29 13:00:00,2020,4,29,13,23.1
2020-04-29 14:00:00,2020,4,29,14,23.56
2020-04-29 15:00:00,2020,4,29,15,25.01
2020-04-29 16:00:00,2020,4,29,16,30.57
2020-04-29 17:00:00,2020,4,29,17,31.18
2020-04-29 18:00:00,2020,4,29,18,33.05
2020-04-29 19:00:00,2020,4,29,19,31.56
2020-04-29 20:00:00,2020,4,29,20,31.78
2020-04-29 21:00:00,2020,4,29,21,33.29
2020-04-29 22:00:00,2020,4,29,22,32.33
2020-04-29 23:00:00,2020,4,29,23,30.6
2020-04-30 00:00:00,2020,4,30,0,32.96
2020-04-30 01:00:00,2020,4,30,1,30.24
2020-04-30 02:00:00,2020,4,30,2,31.98
2020-04-30 03:00:00,2020,4,30,3,32.79
2020-04-30 04:00:00,2020,4,30,4,32.95
2020-04-30 05:00:00,2020,4,30,5,32.16
2020-04-30 06:00:00,2020,4,30,6,29.85
2020-04-30 07:00:00,2020,4,30,7,27.52
2020-04-30 08:00:00,2020,4,30,8,27.69
2020-04-30 09:00:00,2020,4,30,9,25.87
2020-04-30 10:00:00,2020,4,30,10,25.91
2020-04-30 11:00:00,2020,4,30,11,26.72
2020-04-30 12:00:00,2020,4,30,12,27.57
2020-04-30 13:00:00,2020,4,30,13,24.92
2020-04-30 14:00:00,2020,4,30,14,26.91
2020-04-30 15:00:00,2020,4,30,15,28.82
2020-04-30 16:00:00,2020,4,30,16,33.08
2020-04-30 17:00:00,2020,4,30,17,35.26
2020-04-30 18:00:00,2020,4,30,18,33.3
2020-04-30 19:00:00,2020,4,30,19,32.4
2020-04-30 20:00:00,2020,4,30,20,33.11
2020-04-30 21:00:00,2020,4,30,21,31.89
2020-04-30 22:00:00,2020,4,30,22,31.21
2020-04-30 23:00:00,2020,4,30,23,30.86
2020-05-01 00:00:00,2020,5,1,0,31.19
2020-05-01 01:00:00,2020,5,1,1,32.58
2020-05-01 02:00:00,2020,5,1,2,30.89
2020-05-01 03:00:00,2020,5,1,3,32.41
2020-05-01 04:00:00,2020,5,1,4,29.65
2020-05-01 05:00:00,2020,5,1,5,30.05
2020-05-01 06:00:00,2020,5,1,6,30.32
2020-05-01 07:00:00,2020,5,1,7,29.16
2020-05-01 08:00:00,2020,5,1,8,26.24
2020-05-01 09:00:00,2020,5,1,9,25.59
2020-05-01 10:00:00,2020,5,1,10,22.22
2020-05-01 11:00:00,2020,5,1,11,23.19
2020-05-01 12:00:00,2020,5,1,12,20.99
2020-05-01 13:00:00,2020,5,1,13,24.2
2020-05-01 14:00:00,2020,5,1,14,25.21
2020-05-01 15:00:00,2020,5,1,15,24.21
2020-05-01 16:00:00,2020,5,1,16,24.99
2020-05-01 17:00:00,2020,5,1,17,28.09
2020-05-01 18:00:00,2020,5,1,18,28.89
2020-05-01 19:00:00,2020,5,1,19,24.93
2020-05-01 20:00:00,2020,5,1,20,27.81
2020-05-01 21:00:00,2020,5,1,21,26.65
2020-05-01 22:00:00,2020,5,1,22,26.75
2020-05-01 23:00:00,2020,5,1,23,27.18
2020-05-02 00:00:00,2020,5,2,0,25.53
2020-05-02 01:00:00,2020,5,2,1,25.83
2020-05-02 02:00:00,2020,5,2,2,27.35
2020-05-02 03:00:00,2020,5,2,3,28.24
2020-05-02 04:00:00,2020,5,2,4,27.42
2020-05-02 05:00:00,2020,5,2,5,28.65
2020-05-02 06:00:00,2020,5,2,6,25.35
2020-05-02 07:00:00,2020,5,2,7,24.75
2020-05-02 08:00:00,2020,5,2,8,24.0
2020-05-02 09:00:00,2020,5,2,9,23.6
2020-05-02 10:00:00,2020,5,2,10,24.39
2020-05-02 11:00:00,2020,5,2,11,23.9
2020-05-02 12:00:00,2020,5,2,12,23.41
2020-05-02 13:00:00,2020,5,2,13,23.6
2020-05-02 14:00:00,2020,5,2,14,24.27
2020-05-02 15:00:00,2020,5,2,15,25.34
2020-05-02 16:00:00,2020,5,2,16,30.16
2020-05-02 17:00:00,2020,5,2,17,30.33
2020-05-02 18:00:00,2020,5,2,18,29.49
2020-05-02 19:00:00,2020,5,2,19,28.29
2020-05-02 20:00:00,2020,5,2,20,27.57
2020-05-02 21:00:00,2020,5,2,21,27.01
2020-05-02 22:00:00,2020,5,2,22,26.46
2020-05-02 23:00:00,2020,5,2,23,25.39
2020-05-03 00:00:00,2020,5,3,0,27.14
2020-05-03 01:00:00,2020,5,3,1,29.51
2020-05-03 02:00:00,2020,5,3,2,28.62
2020-05-03 03:00:00,2020,5,3,3,30.43
2020-05-03 04:00:00,2020,5,3,4,31.07
2020-05-03 05:00:00,2020,5,3,5,31.11
2020-05-03 06:00:00,2020,5,3,6,28.09
2020-05-03 07:00:00,2020,5,3,7,25.57
2020-05-03 08:00:00,2020,5,3,8,24.41
2020-05-03 09:00:00,2020,5,3,9,23.71
2020-05-03 10:00:00,2020,5,3,10,23.55
2020-05-03 11:00:00,2020,5,3,11,23.07
2020-05-03 12:00:00,2020,5,3,12,22.68
2020-05-03 13:00:00,2020,5,3,13,22.04
2020-05-03 14:00:00,2020,5,3,14,25.72
2020-05-03 15:00:00,2020,5,3,15,29.09
2020-05-03 16:00:00,2020,5,3,16,34.75
2020-05-03 17:00:00,2020,5,3,17,33.42
2020-05-03 18:00:00,2020,5,3,18,31.49
2020-05-03 19:00:00,2020,5,3,19,29.08
2020-05-03 20:00:00,2020,5,3,20,26.67
2020-05-03 21:00:00,2020,5,3,21,25.68
2020-05-03 22:00:00,2020,5,3,22,25.83
2020-05-03 23:00:00,2020,5,3,23,22.83
2020-05-04 00:00:00,2020,5,4,0,22.84
2020-05-04 01:00:00,2020,5,4,1,21.82
2020-05-04 02:00:00,2020,5,4,2,22.83
2020-05-04 03:00:00,2020,5,4,3,24.65
2020-05-04 04:00:00,2020,5,4,4,26.72
2020-05-04 05:00:00,2020,5,4,5,25.58
2020-05-04 06:00:00,2020,5,4,6,24.26
2020-05-04 07:00:00,2020,5,4,7,23.17
2020-05-04 08:00:00,2020,5,4,8,22.81
2020-05-04 09:00:00,2020,5,4,9,22.39
2020-05-04 10:00:00,2020,5,4,10,20.97
2020-05-04 11:00:00,2020,5,4,11,21.26
2020-05-04 12:00:00,2020,5,4,12,21.53
2020-05-04 13:00:00,2020,5,4,13,21.54
2020-05-04 14:00:00,2020,5,4,14,24.4
2020-05-04 15:00:00,2020,5,4,15,24.57
2020-05-04 16:00:00,2020,5,4,16,26.33
2020-05-04 17:00:00,2020,5,4,17,26.3
2020-05-04 18:00:00,2020,5,4,18,28.39
2020-05-04 19:00:00,2020,5,4,19,28.27
2020-05-04 20:00:00,2020,5,4,20,27.26
2020-05-04 21:00:00,2020,5,4,21,26.23
2020-05-04 22:00:00,2020,5,4,22,25.4
2020-05-04 23:00:00,2020,5,4,23,24.42
2020-05-05 00:00:00,2020,5,5,0,22.59
2020-05-05 01:00:00,2020,5,5,1,22.86
2020-05-05 02:00:00,2020,5,5,2,22.55
2020-05-05 03:00:00,2020,5,5,3,26.63
2020-05-05 04:00:00,2020,5,5,4,25.67
2020-05-05 05:00:00,2020,5,5,5,24.09
2020-05-05 06:00:00,2020,5,5,6,23.33
2020-05-05 07:00:00,2020,5,5,7,22.68
2020-05-05 08:00:00,2020,5,5,8,21.41
2020-05-05 09:00:00,2020,5,5,9,20.89
2020-05-05 10:00:00,2020,5,5,10,22.44
2020-05-05 11:00:00,2020,5,5,11,20.39
2020-05-05 12:00:00,2020,5,5,12,19.54
2020-05-05 13:00:00,2020,5,5,13,20.67
2020-05-05 14:00:00,2020,5,5,14,19.56
2020-05-05 15:00:00,2020,5,5,15,22.88
2020-05-05 16:00:00,2020,5,5,16,23.81
2020-05-05 17:00:00,2020,5,5,17,27.13
2020-05-05 18:00:00,2020,5,5,18,27.77
2020-05-05 19:00:00,2020,5,5,19,27.07
2020-05-05 20:00:00,2020,5,5,20,26.87
2020-05-05 21:00:00,2020,5,5,21,24.6
2020-05-05 22:00:00,2020,5,5,22,23.83
2020-05-05 23:00:00,2020,5,5,23,23.21
2020-05-06 00:00:00,2020,5,6,0,22.14
2020-05-06 01:00:00,2020,5,6,1,22.46
2020-05-06 02:00:00,2020,5,6,2,22.26
2020-05-06 03:00:00,2020,5,6,3,23.62
2020-05-06 04:00:00,2020,5,6,4,23.82
2020-05-06 05:00:00,2020,5,6,5,24.07
2020-05-06 06:00:00,2020,5,6,6,22.72
2020-05-06 07:00:00,2020,5,6,7,22.13
2020-05-06 08:00:00,2020,5,6,8,21.49
2020-05-06 09:00:00,2020,5,6,9,21.9
2020-05-06 10:00:00,2020,5,6,10,24.69
2020-05-06 11:00:00,2020,5,6,11,24.43
2020-05-06 12:00:00,2020,5,6,12,22.01
2020-05-06 13:00:00,2020,5,6,13,22.64
2020-05-06 14:00:00,2020,5,6,14,23.08
2020-05-06 15:00:00,2020,5,6,15,24.74
2020-05-06 16:00:00,2020,5,6,16,27.76
2020-05-06 17:00:00,2020,5,6,17,29.44
2020-05-06 18:00:00,2020,5,6,18,28.62
2020-05-06 19:00:00,2020,5,6,19,29.77
2020-05-06 20:00:00,2020,5,6,20,26.81
2020-05-06 21:00:00,2020,5,6,21,23.85
2020-05-06 22:00:00,2020,5,6,22,28.86
2020-05-06 23:00:00,2020,5,6,23,22.55
2020-05-07 00:00:00,2020,5,7,0,21.22
2020-05-07 01:00:00,2020,5,7,1,20.92
2020-05-07 02:00:00,2020,5,7,2,22.32
2020-05-07 03:00:00,2020,5,7,3,23.45
2020-05-07 04:00:00,2020,5,7,4,24.46
2020-05-07 05:00:00,2020,5,7,5,22.46
2020-05-07 06:00:00,2020,5,7,6,20.36
2020-05-07 07:00:00,2020,5,7,7,20.6
2020-05-07 08:00:00,2020,5,7,8,20.07
2020-05-07 09:00:00,2020,5,7,9,19.61
2020-05-07 10:00:00,2020,5,7,10,18.1
2020-05-07 11:00:00,2020,5,7,11,17.45
2020-05-07 12:00:00,2020,5,7,12,17.92
2020-05-07 13:00:00,2020,5,7,13,18.94
2020-05-07 14:00:00,2020,5,7,14,20.55
2020-05-07 15:00:00,2020,5,7,15,24.45
2020-05-07 16:00:00,2020,5,7,16,29.02
2020-05-07 17:00:00,2020,5,7,17,31.07
2020-05-07 18:00:00,2020,5,7,18,30.73
2020-05-07 19:00:00,2020,5,7,19,28.89
2020-05-07 20:00:00,2020,5,7,20,27.79
2020-05-07 21:00:00,2020,5,7,21,27.32
2020-05-07 22:00:00,2020,5,7,22,25.8
2020-05-07 23:00:00,2020,5,7,23,25.63
2020-05-08 00:00:00,2020,5,8,0,25.9
2020-05-08 01:00:00,2020,5,8,1,27.86
2020-05-08 02:00:00,2020,5,8,2,28.83
2020-05-08 03:00:00,2020,5,8,3,30.36
2020-05-08 04:00:00,2020,5,8,4,30.25
2020-05-08 05:00:00,2020,5,8,5,28.77
2020-05-08 06:00:00,2020,5,8,6,27.99
2020-05-08 07:00:00,2020,5,8,7,26.82
2020-05-08 08:00:00,2020,5,8,8,26.2
2020-05-08 09:00:00,2020,5,8,9,22.7
2020-05-08 10:00:00,2020,5,8,10,21.6
2020-05-08 11:00:00,2020,5,8,11,20.86
2020-05-08 12:00:00,2020,5,8,12,19.77
2020-05-08 13:00:00,2020,5,8,13,21.25
2020-05-08 14:00:00,2020,5,8,14,23.31
2020-05-08 15:00:00,2020,5,8,15,27.87
2020-05-08 16:00:00,2020,5,8,16,31.86
2020-05-08 17:00:00,2020,5,8,17,35.79
2020-05-08 18:00:00,2020,5,8,18,35.92
2020-05-08 19:00:00,2020,5,8,19,34.34
2020-05-08 20:00:00,2020,5,8,20,33.02
2020-05-08 21:00:00,2020,5,8,21,28.76
2020-05-08 22:00:00,2020,5,8,22,28.62
2020-05-08 23:00:00,2020,5,8,23,28.59
2020-05-09 00:00:00,2020,5,9,0,29.58
2020-05-09 01:00:00,2020,5,9,1,28.28
2020-05-09 02:00:00,2020,5,9,2,30.57
2020-05-09 03:00:00,2020,5,9,3,33.07
2020-05-09 04:00:00,2020,5,9,4,33.36
2020-05-09 05:00:00,2020,5,9,5,31.9
2020-05-09 06:00:00,2020,5,9,6,31.57
2020-05-09 07:00:00,2020,5,9,7,29.65
2020-05-09 08:00:00,2020,5,9,8,30.52
2020-05-09 09:00:00,2020,5,9,9,27.99
2020-05-09 10:00:00,2020,5,9,10,26.0
2020-05-09 11:00:00,2020,5,9,11,26.45
2020-05-09 12:00:00,2020,5,9,12,25.7
2020-05-09 13:00:00,2020,5,9,13,26.79
2020-05-09 14:00:00,2020,5,9,14,27.31
2020-05-09 15:00:00,2020,5,9,15,31.88
2020-05-09 16:00:00,2020,5,9,16,32.27
2020-05-09 17:00:00,2020,5,9,17,35.05
2020-05-09 18:00:00,2020,5,9,18,34.79
2020-05-09 19:00:00,2020,5,9,19,32.03
2020-05-09 20:00:00,2020,5,9,20,31.14
2020-05-09 21:00:00,2020,5,9,21,30.82
2020-05-09 22:00:00,2020,5,9,22,29.78
2020-05-09 23:00:00,2020,5,9,23,29.16
2020-05-10 00:00:00,2020,5,10,0,30.01
2020-05-10 01:00:00,2020,5,10,1,31.99
2020-05-10 02:00:00,2020,5,10,2,32.88
2020-05-10 03:00:00,2020,5,10,3,34.0
2020-05-10 04:00:00,2020,5,10,4,33.98
2020-05-10 05:00:00,2020,5,10,5,32.6
2020-05-10 06:00:00,2020,5,10,6,30.9
2020-05-10 07:00:00,2020,5,10,7,27.7
2020-05-10 08:00:00,2020,5,10,8,27.85
2020-05-10 09:00:00,2020,5,10,9,25.89
2020-05-10 10:00:00,2020,5,10,10,24.72
2020-05-10 11:00:00,2020,5,10,11,22.92
2020-05-10 12:00:00,2020,5,10,12,22.87
2020-05-10 13:00:00,2020,5,10,13,23.16
2020-05-10 14:00:00,2020,5,10,14,21.32
2020-05-10 15:00:00,2020,5,10,15,25.34
2020-05-10 16:00:00,2020,5,10,16,26.32
2020-05-10 17:00:00,2020,5,10,17,28.1
2020-05-10 18:00:00,2020,5,10,18,27.51
2020-05-10 19:00:00,2020,5,10,19,27.21
2020-05-10 20:00:00,2020,5,10,20,26.08
2020-05-10 21:00:00,2020,5,10,21,25.29
2020-05-10 22:00:00,2020,5,10,22,23.5
2020-05-10 23:00:00,2020,5,10,23,24.56
2020-05-11 00:00:00,2020,5,11,0,22.01
2020-05-11 01:00:00,2020,5,11,1,23.14
2020-05-11 02:00:00,2020,5,11,2,21.33
2020-05-11 03:00:00,2020,5,11,3,22.33
2020-05-11 04:00:00,2020,5,11,4,24.01
2020-05-11 05:00:00,2020,5,11,5,22.29
2020-05-11 06:00:00,2020,5,11,6,21.31
2020-05-11 07:00:00,2020,5,11,7,20.96
2020-05-11 08:00:00,2020,5,11,8,21.43
2020-05-11 09:00:00,2020,5,11,9,21.1
2020-05-11 10:00:00,2020,5,11,10,21.63
2020-05-11 11:00:00,2020,5,11,11,21.96
2020-05-11 12:00:00,2020,5,11,12,21.33
2020-05-11 13:00:00,2020,5,11,13,20.38
2020-05-11 14:00:00,2020,5,11,14,22.11
2020-05-11 15:00:00,2020,5,11,15,28.54
2020-05-11 16:00:00,2020,5,11,16,29.53
2020-05-11 17:00:00,2020,5,11,17,31.64
2020-05-11 18:00:00,2020,5,11,18,33.45
2020-05-11 19:00:00,2020,5,11,19,34.68
2020-05-11 20:00:00,2020,5,11,20,35.13
2020-05-11 21:00:00,2020,5,11,21,31.07
2020-05-11 22:00:00,2020,5,11,22,30.66
2020-05-11 23:00:00,2020,5,11,23,28.5
2020-05-12 00:00:00,2020,5,12,0,29.37
2020-05-12 01:00:00,2020,5,12,1,28.27
2020-05-12 02:00:00,2020,5,12,2,30.27
2020-05-12 03:00:00,2020,5,12,3,30.81
2020-05-12 04:00:00,2020,5,12,4,32.46
2020-05-12 05:00:00,2020,5,12,5,29.18
2020-05-12 06:00:00,2020,5,12,6,26.63
2020-05-12 07:00:00,2020,5,12,7,26.23
2020-05-12 08:00:00,2020,5,12,8,24.81
2020-05-12 09:00:00,2020,5,12,9,23.32
2020-05-12 10:00:00,2020,5,12,10,24.22
2020-05-12 11:00:00,2020,5,12,11,23.98
2020-05-12 12:00:00,2020,5,12,12,25.58
2020-05-12 13:00:00,2020,5,12,13,26.41
2020-05-12 14:00:00,2020,5,12,14,27.23
2020-05-12 15:00:00,2020,5,12,15,27.69
2020-05-12 16:00:00,2020,5,12,16,29.81
2020-05-12 17:00:00,2020,5,12,17,30.87
2020-05-12 18:00:00,2020,5,12,18,31.01
2020-05-12 19:00:00,2020,5,12,19,31.93
2020-05-12 20:00:00,2020,5,12,20,32.11
2020-05-12 21:00:00,2020,5,12,21,29.53
2020-05-12 22:00:00,2020,5,12,22,28.67
2020-05-12 23:00:00,2020,5,12,23,28.87
2020-05-13 00:00:00,2020,5,13,0,28.55
2020-05-13 01:00:00,2020,5,13,1,28.41
2020-05-13 02:00:00,2020,5,13,2,29.04
2020-05-13 03:00:00,2020,5,13,3,32.14
2020-05-13 04:00:00,2020,5,13,4,31.81
2020-05-13 05:00:00,2020,5,13,5,36.04
2020-05-13 06:00:00,2020,5,13,6,32.01
2020-05-13 07:00:00,2020,5,13,7,31.78
2020-05-13 08:00:00,2020,5,13,8,30.79
2020-05-13 09:00:00,2020,5,13,9,29.95
2020-05-13 10:00:00,2020,5,13,10,26.23
2020-05-13 11:00:00,2020,5,13,11,25.43
2020-05-13 12:00:00,2020,5,13,12,26.43
2020-05-13 13:00:00,2020,5,13,13,26.46
2020-05-13 14:00:00,2020,5,13,14,26.65
2020-05-13 15:00:00,2020,5,13,15,29.61
2020-05-13 16:00:00,2020,5,13,16,32.36
2020-05-13 17:00:00,2020,5,13,17,32.11
2020-05-13 18:00:00,2020,5,13,18,34.0
2020-05-13 19:00:00,2020,5,13,19,33.82
2020-05-13 20:00:00,2020,5,13,20,32.67
2020-05-13 21:00:00,2020,5,13,21,31.67
2020-05-13 22:00:00,2020,5,13,22,30.09
2020-05-13 23:00:00,2020,5,13,23,30.39
2020-05-14 00:00:00,2020,5,14,0,30.91
2020-05-14 01:00:00,2020,5,14,1,30.78
2020-05-14 02:00:00,2020,5,14,2,29.95
2020-05-14 03:00:00,2020,5,14,3,31.37
2020-05-14 04:00:00,2020,5,14,4,32.65
2020-05-14 05:00:00,2020,5,14,5,34.29
2020-05-14 06:00:00,2020,5,14,6,31.45
2020-05-14 07:00:00,2020,5,14,7,31.54
2020-05-14 08:00:00,2020,5,14,8,30.29
2020-05-14 09:00:00,2020,5,14,9,27.76
2020-05-14 10:00:00,2020,5,14,10,28.33
2020-05-14 11:00:00,2020,5,14,11,27.29
2020-05-14 12:00:00,2020,5,14,12,26.98
2020-05-14 13:00:00,2020,5,14,13,27.63
2020-05-14 14:00:00,2020,5,14,14,28.69
2020-05-14 15:00:00,2020,5,14,15,29.93
2020-05-14 16:00:00,2020,5,14,16,31.9
2020-05-14 17:00:00,2020,5,14,17,31.01
2020-05-14 18:00:00,2020,5,14,18,28.19
2020-05-14 19:00:00,2020,5,14,19,28.76
2020-05-14 20:00:00,2020,5,14,20,28.44
2020-05-14 21:00:00,2020,5,14,21,28.07
2020-05-14 22:00:00,2020,5,14,22,27.65
2020-05-14 23:00:00,2020,5,14,23,26.07
2020-05-15 00:00:00,2020,5,15,0,25.9
2020-05-15 01:00:00,2020,5,15,1,26.28
2020-05-15 02:00:00,2020,5,15,2,28.12
2020-05-15 03:00:00,2020,5,15,3,30.9
2020-05-15 04:00:00,2020,5,15,4,30.4
2020-05-15 05:00:00,2020,5,15,5,27.53
2020-05-15 06:00:00,2020,5,15,6,29.0
2020-05-15 07:00:00,2020,5,15,7,26.49
2020-05-15 08:00:00,2020,5,15,8,25.8
2020-05-15 09:00:00,2020,5,15,9,23.36
2020-05-15 10:00:00,2020,5,15,10,22.8
2020-05-15 11:00:00,2020,5,15,11,24.58
2020-05-15 12:00:00,2020,5,15,12,24.36
2020-05-15 13:00:00,2020,5,15,13,27.31
2020-05-15 14:00:00,2020,5,15,14,27.82
2020-05-15 15:00:00,2020,5,15,15,29.01
2020-05-15 16:00:00,2020,5,15,16,31.67
2020-05-15 17:00:00,2020,5,15,17,35.36
2020-05-15 18:00:00,2020,5,15,18,34.81
2020-05-15 19:00:00,2020,5,15,19,34.66
2020-05-15 20:00:00,2020,5,15,20,33.62
2020-05-15 21:00:00,2020,5,15,21,32.79
2020-05-15 22:00:00,2020,5,15,22,30.84
2020-05-15 23:00:00,2020,5,15,23,27.84
2020-05-16 00:00:00,2020,5,16,0,27.46
2020-05-16 01:00:00,2020,5,16,1,30.15
2020-05-16 02:00:00,2020,5,16,2,27.86
2020-05-16 03:00:00,2020,5,16,3,30.58
2020-05-16 04:00:00,2020,5,16,4,31.01
2020-05-16 05:00:00,2020,5,16,5,30.06
2020-05-16 06:00:00,2020,5,16,6,30.35
2020-05-16 07:00:00,2020,5,16,7,29.45
2020-05-16 08:00:00,2020,5,16,8,28.33
2020-05-16 09:00:00,2020,5,16,9,28.78
2020-05-16 10:00:00,2020,5,16,10,26.91
2020-05-16 11:00:00,2020,5,16,11,24.9
2020-05-16 12:00:00,2020,5,16,12,25.1
2020-05-16 13:00:00,2020,5,16,13,25.43
2020-05-16 14:00:00,2020,5,16,14,27.06
2020-05-16 15:00:00,2020,5,16,15,32.18
2020-05-16 16:00:00,2020,5,16,16,34.51
2020-05-16 17:00:00,2020,5,16,17,34.83
2020-05-16 18:00:00,2020,5,16,18,34.24
2020-05-16 19:00:00,2020,5,16,19,32.66
2020-05-16 20:00:00,2020,5,16,20,34.53
2020-05-16 21:00:00,2020,5,16,21,34.52
2020-05-16 22:00:00,2020,5,16,22,34.18
2020-05-16 23:00:00,2020,5,16,23,32.29
2020-05-17 00:00:00,2020,5,17,0,31.07
2020-05-17 01:00:00,2020,5,17,1,32.88
2020-05-17 02:00:00,2020,5,17,2,33.79
2020-05-17 03:00:00,2020,5,17,3,37.34
2020-05-17 04:00:00,2020,5,17,4,40.7
2020-05-17 05:00:00,2020,5,17,5,38.57
2020-05-17 06:00:00,2020,5,17,6,37.21
2020-05-17 07:00:00,2020,5,17,7,31.68
2020-05-17 08:00:00,2020,5,17,8,29.21
2020-05-17 09:00:00,2020,5,17,9,27.4
2020-05-17 10:00:00,2020,5,17,10,27.2
2020-05-17 11:00:00,2020,5,17,11,27.4
2020-05-17 12:00:00,2020,5,17,12,25.52
2020-05-17 13:00:00,2020,5,17,13,25.28
2020-05-17 14:00:00,2020,5,17,14,27.4
2020-05-17 15:00:00,2020,5,17,15,30.38
2020-05-17 16:00:00,2020,5,17,16,33.51
2020-05-17 17:00:00,2020,5,17,17,36.32
2020-05-17 18:00:00,2020,5,17,18,36.26
2020-05-17 19:00:00,2020,5,17,19,34.67
2020-05-17 20:00:00,2020,5,17,20,35.41
2020-05-17 21:00:00,2020,5,17,21,34.01
2020-05-17 22:00:00,2020,5,17,22,33.32
2020-05-17 23:00:00,2020,5,17,23,35.13
2020-05-18 00:00:00,2020,5,18,0,34.29
2020-05-18 01:00:00,2020,5,18,1,32.45
2020-05-18 02:00:00,2020,5,18,2,35.07
2020-05-18 03:00:00,2020,5,18,3,38.97
2020-05-18 04:00:00,2020,5,18,4,40.78
2020-05-18 05:00:00,2020,5,18,5,41.48
2020-05-18 06:00:00,2020,5,18,6,38.77
2020-05-18 07:00:00,2020,5,18,7,31.76
2020-05-18 08:00:00,2020,5,18,8,32.41
2020-05-18 09:00:00,2020,5,18,9,28.84
2020-05-18 10:00:00,2020,5,18,10,27.87
2020-05-18 11:00:00,2020,5,18,11,25.5
2020-05-18 12:00:00,2020,5,18,12,25.92
2020-05-18 13:00:00,2020,5,18,13,25.87
2020-05-18 14:00:00,2020,5,18,14,27.94
2020-05-18 15:00:00,2020,5,18,15,30.25
2020-05-18 16:00:00,2020,5,18,16,34.37
2020-05-18 17:00:00,2020,5,18,17,36.71
2020-05-18 18:00:00,2020,5,18,18,37.72
2020-05-18 19:00:00,2020,5,18,19,36.6
2020-05-18 20:00:00,2020,5,18,20,35.18
2020-05-18 21:00:00,2020,5,18,21,33.5
2020-05-18 22:00:00,2020,5,18,22,32.17
2020-05-18 23:00:00,2020,5,18,23,33.88
2020-05-19 00:00:00,2020,5,19,0,32.98
2020-05-19 01:00:00,2020,5,19,1,33.5
2020-05-19 02:00:00,2020,5,19,2,34.84
2020-05-19 03:00:00,2020,5,19,3,37.04
2020-05-19 04:00:00,2020,5,19,4,38.07
2020-05-19 05:00:00,2020,5,19,5,37.49
2020-05-19 06:00:00,2020,5,19,6,35.93
2020-05-19 07:00:00,2020,5,19,7,32.71
2020-05-19 08:00:00,2020,5,19,8,31.73
2020-05-19 09:00:00,2020,5,19,9,29.78
2020-05-19 10:00:00,2020,5,19,10,29.68
2020-05-19 11:00:00,2020,5,19,11,26.81
2020-05-19 12:00:00,2020,5,19,12,27.36
2020-05-19 13:00:00,2020,5,19,13,26.73
2020-05-19 14:00:00,2020,5,19,14,26.88
2020-05-19 15:00:00,2020,5,19,15,29.24
2020-05-19 16:00:00,2020,5,19,16,31.67
2020-05-19 17:00:00,2020,5,19,17,36.38
2020-05-19 18:00:00,2020,5,19,18,37.4
2020-05-19 19:00:00,2020,5,19,19,36.73
2020-05-19 20:00:00,2020,5,19,20,34.91
2020-05-19 21:00:00,2020,5,19,21,35.13
2020-05-19 22:00:00,2020,5,19,22,33.8
2020-05-19 23:00:00,2020,5,19,23,35.53
2020-05-20 00:00:00,2020,5,20,0,35.42
2020-05-20 01:00:00,2020,5,20,1,35.08
2020-05-20 02:00:00,2020,5,20,2,37.72
2020-05-20 03:00:00,2020,5,20,3,39.3
2020-05-20 04:00:00,2020,5,20,4,35.99
2020-05-20 05:00:00,2020,5,20,5,36.66
2020-05-20 06:00:00,2020,5,20,6,32.95
2020-05-20 07:00:00,2020,5,20,7,31.0
2020-05-20 08:00:00,2020,5,20,8,29.26
2020-05-20 09:00:00,2020,5,20,9,25.63
2020-05-20 10:00:00,2020,5,20,10,24.43
2020-05-20 11:00:00,2020,5,20,11,23.39
2020-05-20 12:00:00,2020,5,20,12,25.42
2020-05-20 13:00:00,2020,5,20,13,25.45
2020-05-20 14:00:00,2020,5,20,14,25.11
2020-05-20 15:00:00,2020,5,20,15,28.09
2020-05-20 16:00:00,2020,5,20,16,31.99
2020-05-20 17:00:00,2020,5,20,17,35.76
2020-05-20 18:00:00,2020,5,20,18,35.28
2020-05-20 19:00:00,2020,5,20,19,34.65
2020-05-20 20:00:00,2020,5,20,20,33.05
2020-05-20 21:00:00,2020,5,20,21,30.96
2020-05-20 22:00:00,2020,5,20,22,30.27
2020-05-20 23:00:00,2020,5,20,23,30.5
2020-05-21 00:00:00,2020,5,21,0,29.15
2020-05-21 01:00:00,2020,5,21,1,29.62
2020-05-21 02:00:00,2020,5,21,2,30.21
2020-05-21 03:00:00,2020,5,21,3,34.61
2020-05-21 04:00:00,2020,5,21,4,34.49
2020-05-21 05:00:00,2020,5,21,5,30.4
2020-05-21 06:00:00,2020,5,21,6,27.15
2020-05-21 07:00:00,2020,5,21,7,27.2
2020-05-21 08:00:00,2020,5,21,8,24.8
2020-05-21 09:00:00,2020,5,21,9,34.0
2020-05-21 10:00:00,2020,5,21,10,26.46
2020-05-21 11:00:00,2020,5,21,11,22.84
2020-05-21 12:00:00,2020,5,21,12,22.35
2020-05-21 13:00:00,2020,5,21,13,21.9
2020-05-21 14:00:00,2020,5,21,14,22.81
2020-05-21 15:00:00,2020,5,21,15,26.57
2020-05-21 16:00:00,2020,5,21,16,30.44
2020-05-21 17:00:00,2020,5,21,17,33.38
2020-05-21 18:00:00,2020,5,21,18,35.21
2020-05-21 19:00:00,2020,5,21,19,37.87
2020-05-21 20:00:00,2020,5,21,20,37.26
2020-05-21 21:00:00,2020,5,21,21,35.59
2020-05-21 22:00:00,2020,5,21,22,36.45
2020-05-21 23:00:00,2020,5,21,23,37.17
2020-05-22 00:00:00,2020,5,22,0,36.69
2020-05-22 01:00:00,2020,5,22,1,38.64
2020-05-22 02:00:00,2020,5,22,2,39.93
2020-05-22 03:00:00,2020,5,22,3,42.84
2020-05-22 04:00:00,2020,5,22,4,44.55
2020-05-22 05:00:00,2020,5,22,5,37.93
2020-05-22 06:00:00,2020,5,22,6,35.13
2020-05-22 07:00:00,2020,5,22,7,33.92
2020-05-22 08:00:00,2020,5,22,8,29.79
2020-05-22 09:00:00,2020,5,22,9,28.08
2020-05-22 10:00:00,2020,5,22,10,26.51
2020-05-22 11:00:00,2020,5,22,11,24.5
2020-05-22 12:00:00,2020,5,22,12,27.62
2020-05-22 13:00:00,2020,5,22,13,25.36
2020-05-22 14:00:00,2020,5,22,14,26.77
2020-05-22 15:00:00,2020,5,22,15,26.38
2020-05-22 16:00:00,2020,5,22,16,29.62
2020-05-22 17:00:00,2020,5,22,17,33.3
2020-05-22 18:00:00,2020,5,22,18,37.16
2020-05-22 19:00:00,2020,5,22,19,39.3
2020-05-22 20:00:00,2020,5,22,20,40.03
2020-05-22 21:00:00,2020,5,22,21,37.35
2020-05-22 22:00:00,2020,5,22,22,34.98
2020-05-22 23:00:00,2020,5,22,23,33.56
2020-05-23 00:00:00,2020,5,23,0,32.74
2020-05-23 01:00:00,2020,5,23,1,33.49
2020-05-23 02:00:00,2020,5,23,2,34.69
2020-05-23 03:00:00,2020,5,23,3,34.42
2020-05-23 04:00:00,2020,5,23,4,35.76
2020-05-23 05:00:00,2020,5,23,5,36.11
2020-05-23 06:00:00,2020,5,23,6,33.51
2020-05-23 07:00:00,2020,5,23,7,32.43
2020-05-23 08:00:00,2020,5,23,8,32.02
2020-05-23 09:00:00,2020,5,23,9,29.74
2020-05-23 10:00:00,2020,5,23,10,28.48
2020-05-23 11:00:00,2020,5,23,11,27.73
2020-05-23 12:00:00,2020,5,23,12,28.42
2020-05-23 13:00:00,2020,5,23,13,28.08
2020-05-23 14:00:00,2020,5,23,14,28.93
2020-05-23 15:00:00,2020,5,23,15,31.91
2020-05-23 16:00:00,2020,5,23,16,33.64
2020-05-23 17:00:00,2020,5,23,17,34.25
2020-05-23 18:00:00,2020,5,23,18,34.43
2020-05-23 19:00:00,2020,5,23,19,32.12
2020-05-23 20:00:00,2020,5,23,20,29.74
2020-05-23 21:00:00,2020,5,23,21,28.91
2020-05-23 22:00:00,2020,5,23,22,27.39
2020-05-23 23:00:00,2020,5,23,23,27.98
2020-05-24 00:00:00,2020,5,24,0,27.9
2020-05-24 01:00:00,2020,5,24,1,29.56
2020-05-24 02:00:00,2020,5,24,2,30.98
2020-05-24 03:00:00,2020,5,24,3,33.46
2020-05-24 04:00:00,2020,5,24,4,33.92
2020-05-24 05:00:00,2020,5,24,5,33.78
2020-05-24 06:00:00,2020,5,24,6,32.39
2020-05-24 07:00:00,2020,5,24,7,29.44
2020-05-24 08:00:00,2020,5,24,8,28.31
2020-05-24 09:00:00,2020,5,24,9,27.27
2020-05-24 10:00:00,2020,5,24,10,26.41
2020-05-24 11:00:00,2020,5,24,11,26.35
2020-05-24 12:00:00,2020,5,24,12,25.18
2020-05-24 13:00:00,2020,5,24,13,25.46
2020-05-24 14:00:00,2020,5,24,14,25.62
2020-05-24 15:00:00,2020,5,24,15,28.16
2020-05-24 16:00:00,2020,5,24,16,31.96
2020-05-24 17:00:00,2020,5,24,17,31.84
2020-05-24 18:00:00,2020,5,24,18,35.22
2020-05-24 19:00:00,2020,5,24,19,33.41
2020-05-24 20:00:00,2020,5,24,20,31.96
2020-05-24 21:00:00,2020,5,24,21,31.27
2020-05-24 22:00:00,2020,5,24,22,29.75
2020-05-24 23:00:00,2020,5,24,23,29.65
2020-05-25 00:00:00,2020,5,25,0,29.86
2020-05-25 01:00:00,2020,5,25,1,29.42
2020-05-25 02:00:00,2020,5,25,2,29.43
2020-05-25 03:00:00,2020,5,25,3,33.41
2020-05-25 04:00:00,2020,5,25,4,34.67
2020-05-25 05:00:00,2020,5,25,5,33.41
2020-05-25 06:00:00,2020,5,25,6,31.62
2020-05-25 07:00:00,2020,5,25,7,29.9
2020-05-25 08:00:00,2020,5,25,8,26.26
2020-05-25 09:00:00,2020,5,25,9,24.61
2020-05-25 10:00:00,2020,5,25,10,24.0
2020-05-25 11:00:00,2020,5,25,11,23.73
2020-05-25 12:00:00,2020,5,25,12,23.59
2020-05-25 13:00:00,2020,5,25,13,24.69
2020-05-25 14:00:00,2020,5,25,14,24.95
2020-05-25 15:00:00,2020,5,25,15,28.17
2020-05-25 16:00:00,2020,5,25,16,29.29
2020-05-25 17:00:00,2020,5,25,17,31.55
2020-05-25 18:00:00,2020,5,25,18,28.41
2020-05-25 19:00:00,2020,5,25,19,29.44
2020-05-25 20:00:00,2020,5,25,20,30.52
2020-05-25 21:00:00,2020,5,25,21,29.3
2020-05-25 22:00:00,2020,5,25,22,29.1
2020-05-25 23:00:00,2020,5,25,23,27.43
2020-05-26 00:00:00,2020,5,26,0,27.05
2020-05-26 01:00:00,2020,5,26,1,28.57
2020-05-26 02:00:00,2020,5,26,2,28.92
2020-05-26 03:00:00,2020,5,26,3,33.27
2020-05-26 04:00:00,2020,5,26,4,31.94
2020-05-26 05:00:00,2020,5,26,5,31.36
2020-05-26 06:00:00,2020,5,26,6,29.79
2020-05-26 07:00:00,2020,5,26,7,29.99
2020-05-26 08:00:00,2020,5,26,8,28.09
2020-05-26 09:00:00,2020,5,26,9,26.85
2020-05-26 10:00:00,2020,5,26,10,25.38
2020-05-26 11:00:00,2020,5,26,11,26.03
2020-05-26 12:00:00,2020,5,26,12,26.67
2020-05-26 13:00:00,2020,5,26,13,26.67
2020-05-26 14:00:00,2020,5,26,14,26.69
2020-05-26 15:00:00,2020,5,26,15,26.8
2020-05-26 16:00:00,2020,5,26,16,31.11
2020-05-26 17:00:00,2020,5,26,17,34.67
2020-05-26 18:00:00,2020,5,26,18,33.52
2020-05-26 19:00:00,2020,5,26,19,31.49
2020-05-26 20:00:00,2020,5,26,20,28.42
2020-05-26 21:00:00,2020,5,26,21,26.65
2020-05-26 22:00:00,2020,5,26,22,25.91
2020-05-26 23:00:00,2020,5,26,23,25.14
2020-05-27 00:00:00,2020,5,27,0,25.37
2020-05-27 01:00:00,2020,5,27,1,24.88
2020-05-27 02:00:00,2020,5,27,2,24.11
2020-05-27 03:00:00,2020,5,27,3,27.69
2020-05-27 04:00:00,2020,5,27,4,30.28
2020-05-27 05:00:00,2020,5,27,5,31.04
2020-05-27 06:00:00,2020,5,27,6,29.29
2020-05-27 07:00:00,2020,5,27,7,28.67
2020-05-27 08:00:00,2020,5,27,8,28.2
2020-05-27 09:00:00,2020,5,27,9,29.4
2020-05-27 10:00:00,2020,5,27,10,25.93
2020-05-27 11:00:00,2020,5,27,11,25.47
2020-05-27 12:00:00,2020,5,27,12,24.48
2020-05-27 13:00:00,2020,5,27,13,25.84
2020-05-27 14:00:00,2020,5,27,14,27.49
2020-05-27 15:00:00,2020,5,27,15,28.87
2020-05-27 16:00:00,2020,5,27,16,30.52
2020-05-27 17:00:00,2020,5,27,17,30.1
2020-05-27 18:00:00,2020,5,27,18,29.57
2020-05-27 19:00:00,2020,5,27,19,27.94
2020-05-27 20:00:00,2020,5,27,20,26.97
2020-05-27 21:00:00,2020,5,27,21,25.8
2020-05-27 22:00:00,2020,5,27,22,25.54
2020-05-27 23:00:00,2020,5,27,23,24.48
2020-05-28 00:00:00,2020,5,28,0,23.91
2020-05-28 01:00:00,2020,5,28,1,23.58
2020-05-28 02:00:00,2020,5,28,2,23.63
2020-05-28 03:00:00,2020,5,28,3,26.3
2020-05-28 04:00:00,2020,5,28,4,23.9
2020-05-28 05:00:00,2020,5,28,5,25.53
2020-05-28 06:00:00,2020,5,28,6,25.99
2020-05-28 07:00:00,2020,5,28,7,27.93
2020-05-28 08:00:00,2020,5,28,8,27.88
2020-05-28 09:00:00,2020,5,28,9,27.48
2020-05-28 10:00:00,2020,5,28,10,25.76
2020-05-28 11:00:00,2020,5,28,11,27.06
2020-05-28 12:00:00,2020,5,28,12,26.83
2020-05-28 13:00:00,2020,5,28,13,26.93
2020-05-28 14:00:00,2020,5,28,14,28.0
2020-05-28 15:00:00,2020,5,28,15,27.55
2020-05-28 16:00:00,2020,5,28,16,28.41
2020-05-28 17:00:00,2020,5,28,17,28.76
2020-05-28 18:00:00,2020,5,28,18,26.38
2020-05-28 19:00:00,2020,5,28,19,26.95
2020-05-28 20:00:00,2020,5,28,20,25.19
2020-05-28 21:00:00,2020,5,28,21,25.13
2020-05-28 22:00:00,2020,5,28,22,24.62
2020-05-28 23:00:00,2020,5,28,23,22.41
2020-05-29 00:00:00,2020,5,29,0,22.15
2020-05-29 01:00:00,2020,5,29,1,21.58
2020-05-29 02:00:00,2020,5,29,2,24.05
2020-05-29 03:00:00,2020,5,29,3,24.93
2020-05-29 04:00:00,2020,5,29,4,23.28
2020-05-29 05:00:00,2020,5,29,5,22.98
2020-05-29 06:00:00,2020,5,29,6,24.05
2020-05-29 07:00:00,2020,5,29,7,24.99
2020-05-29 08:00:00,2020,5,29,8,23.77
2020-05-29 09:00:00,2020,5,29,9,23.07
2020-05-29 10:00:00,2020,5,29,10,23.3
2020-05-29 11:00:00,2020,5,29,11,23.78
2020-05-29 12:00:00,2020,5,29,12,24.11
2020-05-29 13:00:00,2020,5,29,13,25.72
2020-05-29 14:00:00,2020,5,29,14,27.58
2020-05-29 15:00:00,2020,5,29,15,28.57
2020-05-29 16:00:00,2020,5,29,16,30.68
2020-05-29 17:00:00,2020,5,29,17,29.33
2020-05-29 18:00:00,2020,5,29,18,25.93
2020-05-29 19:00:00,2020,5,29,19,25.26
2020-05-29 20:00:00,2020,5,29,20,26.87
2020-05-29 21:00:00,2020,5,29,21,23.89
2020-05-29 22:00:00,2020,5,29,22,25.99
2020-05-29 23:00:00,2020,5,29,23,22.73
2020-05-30 00:00:00,2020,5,30,0,22.54
2020-05-30 01:00:00,2020,5,30,1,20.99
2020-05-30 02:00:00,2020,5,30,2,21.07
2020-05-30 03:00:00,2020,5,30,3,22.55
2020-05-30 04:00:00,2020,5,30,4,21.43
2020-05-30 05:00:00,2020,5,30,5,21.83
2020-05-30 06:00:00,2020,5,30,6,22.15
2020-05-30 07:00:00,2020,5,30,7,23.92
2020-05-30 08:00:00,2020,5,30,8,22.08
2020-05-30 09:00:00,2020,5,30,9,23.28
2020-05-30 10:00:00,2020,5,30,10,23.04
2020-05-30 11:00:00,2020,5,30,11,22.87
2020-05-30 12:00:00,2020,5,30,12,24.35
2020-05-30 13:00:00,2020,5,30,13,25.49
2020-05-30 14:00:00,2020,5,30,14,25.41
2020-05-30 15:00:00,2020,5,30,15,27.44
2020-05-30 16:00:00,2020,5,30,16,25.65
2020-05-30 17:00:00,2020,5,30,17,27.44
2020-05-30 18:00:00,2020,5,30,18,30.06
2020-05-30 19:00:00,2020,5,30,19,25.37
2020-05-30 20:00:00,2020,5,30,20,24.3
2020-05-30 21:00:00,2020,5,30,21,21.32
2020-05-30 22:00:00,2020,5,30,22,19.38
2020-05-30 23:00:00,2020,5,30,23,18.62
2020-05-31 00:00:00,2020,5,31,0,18.88
2020-05-31 01:00:00,2020,5,31,1,19.81
2020-05-31 02:00:00,2020,5,31,2,19.41
2020-05-31 03:00:00,2020,5,31,3,21.01
2020-05-31 04:00:00,2020,5,31,4,20.53
2020-05-31 05:00:00,2020,5,31,5,21.47
2020-05-31 06:00:00,2020,5,31,6,20.18
2020-05-31 07:00:00,2020,5,31,7,21.79
2020-05-31 08:00:00,2020,5,31,8,21.39
2020-05-31 09:00:00,2020,5,31,9,21.4
2020-05-31 10:00:00,2020,5,31,10,20.04
2020-05-31 11:00:00,2020,5,31,11,19.49
2020-05-31 12:00:00,2020,5,31,12,18.34
2020-05-31 13:00:00,2020,5,31,13,18.53
2020-05-31 14:00:00,2020,5,31,14,20.18
2020-05-31 15:00:00,2020,5,31,15,21.44
2020-05-31 16:00:00,2020,5,31,16,22.03
2020-05-31 17:00:00,2020,5,31,17,18.68
2020-05-31 18:00:00,2020,5,31,18,23.79
2020-05-31 19:00:00,2020,5,31,19,21.07
2020-05-31 20:00:00,2020,5,31,20,19.47
2020-05-31 21:00:00,2020,5,31,21,17.93
2020-05-31 22:00:00,2020,5,31,22,20.85
2020-05-31 23:00:00,2020,5,31,23,20.25
2021-03-01 00:00:00,2021,3,1,0,47.98
2021-03-01 01:00:00,2021,3,1,1,49.15
2021-03-01 02:00:00,2021,3,1,2,49.51
2021-03-01 03:00:00,2021,3,1,3,53.02
2021-03-01 04:00:00,2021,3,1,4,61.31
2021-03-01 05:00:00,2021,3,1,5,64.54
2021-03-01 06:00:00,2021,3,1,6,57.34
2021-03-01 07:00:00,2021,3,1,7,52.42
2021-03-01 08:00:00,2021,3,1,8,45.92
2021-03-01 09:00:00,2021,3,1,9,40.09
2021-03-01 10:00:00,2021,3,1,10,36.45
2021-03-01 11:00:00,2021,3,1,11,37.14
2021-03-01 12:00:00,2021,3,1,12,36.04
2021-03-01 13:00:00,2021,3,1,13,38.04
2021-03-01 14:00:00,2021,3,1,14,39.62
2021-03-01 15:00:00,2021,3,1,15,47.63
2021-03-01 16:00:00,2021,3,1,16,52.71
2021-03-01 17:00:00,2021,3,1,17,54.87
2021-03-01 18:00:00,2021,3,1,18,54.47
2021-03-01 19:00:00,2021,3,1,19,54.85
2021-03-01 20:00:00,2021,3,1,20,51.26
2021-03-01 21:00:00,2021,3,1,21,51.85
2021-03-01 22:00:00,2021,3,1,22,47.49
2021-03-01 23:00:00,2021,3,1,23,47.31
2021-03-02 00:00:00,2021,3,2,0,45.53
2021-03-02 01:00:00,2021,3,2,1,46.72
2021-03-02 02:00:00,2021,3,2,2,47.31
2021-03-02 03:00:00,2021,3,2,3,53.16
2021-03-02 04:00:00,2021,3,2,4,61.22
2021-03-02 05:00:00,2021,3,2,5,62.32
2021-03-02 06:00:00,2021,3,2,6,55.78
2021-03-02 07:00:00,2021,3,2,7,54.43
2021-03-02 08:00:00,2021,3,2,8,53.64
2021-03-02 09:00:00,2021,3,2,9,43.95
2021-03-02 10:00:00,2021,3,2,10,38.54
2021-03-02 11:00:00,2021,3,2,11,35.31
2021-03-02 12:00:00,2021,3,2,12,34.74
2021-03-02 13:00:00,2021,3,2,13,37.06
2021-03-02 14:00:00,2021,3,2,14,39.68
2021-03-02 15:00:00,2021,3,2,15,45.17
2021-03-02 16:00:00,2021,3,2,16,52.59
2021-03-02 17:00:00,2021,3,2,17,54.72
2021-03-02 18:00:00,2021,3,2,18,57.77
2021-03-02 19:00:00,2021,3,2,19,57.74
2021-03-02 20:00:00,2021,3,2,20,54.71
2021-03-02 21:00:00,2021,3,2,21,53.22
2021-03-02 22:00:00,2021,3,2,22,51.93
2021-03-02 23:00:00,2021,3,2,23,50.42
2021-03-03 00:00:00,2021,3,3,0,50.54
2021-03-03 01:00:00,2021,3,3,1,50.26
2021-03-03 02:00:00,2021,3,3,2,52.67
2021-03-03 03:00:00,2021,3,3,3,60.33
2021-03-03 04:00:00,2021,3,3,4,66.48
2021-03-03 05:00:00,2021,3,3,5,67.25
2021-03-03 06:00:00,2021,3,3,6,59.21
2021-03-03 07:00:00,2021,3,3,7,54.74
2021-03-03 08:00:00,2021,3,3,8,49.67
2021-03-03 09:00:00,2021,3,3,9,49.73
2021-03-03 10:00:00,2021,3,3,10,41.57
2021-03-03 11:00:00,2021,3,3,11,38.36
2021-03-03 12:00:00,2021,3,3,12,35.81
2021-03-03 13:00:00,2021,3,3,13,35.66
2021-03-03 14:00:00,2021,3,3,14,37.06
2021-03-03 15:00:00,2021,3,3,15,53.08
2021-03-03 16:00:00,2021,3,3,16,53.33
2021-03-03 17:00:00,2021,3,3,17,69.96
2021-03-03 18:00:00,2021,3,3,18,76.4
2021-03-03 19:00:00,2021,3,3,19,74.4
2021-03-03 20:00:00,2021,3,3,20,73.81
2021-03-03 21:00:00,2021,3,3,21,67.08
2021-03-03 22:00:00,2021,3,3,22,63.52
2021-03-03 23:00:00,2021,3,3,23,60.82
2021-03-04 00:00:00,2021,3,4,0,59.74
2021-03-04 01:00:00,2021,3,4,1,61.74
2021-03-04 02:00:00,2021,3,4,2,64.85
2021-03-04 03:00:00,2021,3,4,3,72.18
2021-03-04 04:00:00,2021,3,4,4,75.16
2021-03-04 05:00:00,2021,3,4,5,75.3
2021-03-04 06:00:00,2021,3,4,6,75.2
2021-03-04 07:00:00,2021,3,4,7,73.67
2021-03-04 08:00:00,2021,3,4,8,51.97
2021-03-04 09:00:00,2021,3,4,9,47.64
2021-03-04 10:00:00,2021,3,4,10,44.73
2021-03-04 11:00:00,2021,3,4,11,41.77
2021-03-04 12:00:00,2021,3,4,12,38.15
2021-03-04 13:00:00,2021,3,4,13,39.19
2021-03-04 14:00:00,2021,3,4,14,46.6
2021-03-04 15:00:00,2021,3,4,15,55.19
2021-03-04 16:00:00,2021,3,4,16,63.05
2021-03-04 17:00:00,2021,3,4,17,64.25
2021-03-04 18:00:00,2021,3,4,18,65.4
2021-03-04 19:00:00,2021,3,4,19,64.57
2021-03-04 20:00:00,2021,3,4,20,64.91
2021-03-04 21:00:00,2021,3,4,21,65.45
2021-03-04 22:00:00,2021,3,4,22,61.91
2021-03-04 23:00:00,2021,3,4,23,60.57
2021-03-05 00:00:00,2021,3,5,0,58.46
2021-03-05 01:00:00,2021,3,5,1,58.22
2021-03-05 02:00:00,2021,3,5,2,59.5
2021-03-05 03:00:00,2021,3,5,3,64.78
2021-03-05 04:00:00,2021,3,5,4,70.14
2021-03-05 05:00:00,2021,3,5,5,74.34
2021-03-05 06:00:00,2021,3,5,6,71.87
2021-03-05 07:00:00,2021,3,5,7,58.69
2021-03-05 08:00:00,2021,3,5,8,57.12
2021-03-05 09:00:00,2021,3,5,9,48.07
2021-03-05 10:00:00,2021,3,5,10,42.81
2021-03-05 11:00:00,2021,3,5,11,42.69
2021-03-05 12:00:00,2021,3,5,12,42.63
2021-03-05 13:00:00,2021,3,5,13,39.37
2021-03-05 14:00:00,2021,3,5,14,40.52
2021-03-05 15:00:00,2021,3,5,15,46.86
2021-03-05 16:00:00,2021,3,5,16,53.17
2021-03-05 17:00:00,2021,3,5,17,52.15
2021-03-05 18:00:00,2021,3,5,18,56.52
2021-03-05 19:00:00,2021,3,5,19,55.69
2021-03-05 20:00:00,2021,3,5,20,56.1
2021-03-05 21:00:00,2021,3,5,21,54.98
2021-03-05 22:00:00,2021,3,5,22,51.39
2021-03-05 23:00:00,2021,3,5,23,50.07
2021-03-06 00:00:00,2021,3,6,0,48.47
2021-03-06 01:00:00,2021,3,6,1,50.56
2021-03-06 02:00:00,2021,3,6,2,50.79
2021-03-06 03:00:00,2021,3,6,3,55.48
2021-03-06 04:00:00,2021,3,6,4,66.2
2021-03-06 05:00:00,2021,3,6,5,64.98
2021-03-06 06:00:00,2021,3,6,6,64.49
2021-03-06 07:00:00,2021,3,6,7,49.86
2021-03-06 08:00:00,2021,3,6,8,44.71
2021-03-06 09:00:00,2021,3,6,9,43.62
2021-03-06 10:00:00,2021,3,6,10,39.37
2021-03-06 11:00:00,2021,3,6,11,62.64
2021-03-06 12:00:00,2021,3,6,12,59.84
2021-03-06 13:00:00,2021,3,6,13,44.8
2021-03-06 14:00:00,2021,3,6,14,43.5
2021-03-06 15:00:00,2021,3,6,15,40.2
2021-03-06 16:00:00,2021,3,6,16,40.28
2021-03-06 17:00:00,2021,3,6,17,40.36
2021-03-06 18:00:00,2021,3,6,18,41.46
2021-03-06 19:00:00,2021,3,6,19,61.02
2021-03-06 20:00:00,2021,3,6,20,49.89
2021-03-06 21:00:00,2021,3,6,21,50.13
2021-03-06 22:00:00,2021,3,6,22,52.78
2021-03-06 23:00:00,2021,3,6,23,65.33
2021-03-07 00:00:00,2021,3,7,0,64.48
2021-03-07 01:00:00,2021,3,7,1,62.3
2021-03-07 02:00:00,2021,3,7,2,60.87
2021-03-07 03:00:00,2021,3,7,3,58.18
2021-03-07 04:00:00,2021,3,7,4,57.33
2021-03-07 05:00:00,2021,3,7,5,57.45
2021-03-07 06:00:00,2021,3,7,6,53.75
2021-03-07 07:00:00,2021,3,7,7,56.16
2021-03-07 08:00:00,2021,3,7,8,61.87
2021-03-07 09:00:00,2021,3,7,9,67.23
2021-03-07 10:00:00,2021,3,7,10,68.8
2021-03-07 11:00:00,2021,3,7,11,60.36
2021-03-07 12:00:00,2021,3,7,12,53.99
2021-03-07 13:00:00,2021,3,7,13,48.76
2021-03-07 14:00:00,2021,3,7,14,47.29
2021-03-07 15:00:00,2021,3,7,15,42.6
2021-03-07 16:00:00,2021,3,7,16,41.6
2021-03-07 17:00:00,2021,3,7,17,40.09
2021-03-07 18:00:00,2021,3,7,18,40.37
2021-03-07 19:00:00,2021,3,7,19,45.69
2021-03-07 20:00:00,2021,3,7,20,51.28
2021-03-07 21:00:00,2021,3,7,21,54.02
2021-03-07 22:00:00,2021,3,7,22,55.3
2021-03-07 23:00:00,2021,3,7,23,57.7
2021-03-08 00:00:00,2021,3,8,0,55.08
2021-03-08 01:00:00,2021,3,8,1,52.24
2021-03-08 02:00:00,2021,3,8,2,49.15
2021-03-08 03:00:00,2021,3,8,3,48.12
2021-03-08 04:00:00,2021,3,8,4,46.87
2021-03-08 05:00:00,2021,3,8,5,45.59
2021-03-08 06:00:00,2021,3,8,6,49.99
2021-03-08 07:00:00,2021,3,8,7,51.06
2021-03-08 08:00:00,2021,3,8,8,53.42
2021-03-08 09:00:00,2021,3,8,9,55.53
2021-03-08 10:00:00,2021,3,8,10,45.18
2021-03-08 11:00:00,2021,3,8,11,44.64
2021-03-08 12:00:00,2021,3,8,12,47.25
2021-03-08 13:00:00,2021,3,8,13,43.43
2021-03-08 14:00:00,2021,3,8,14,46.31
2021-03-08 15:00:00,2021,3,8,15,48.18
2021-03-08 16:00:00,2021,3,8,16,50.39
2021-03-08 17:00:00,2021,3,8,17,54.72
2021-03-08 18:00:00,2021,3,8,18,55.28
2021-03-08 19:00:00,2021,3,8,19,61.5
2021-03-08 20:00:00,2021,3,8,20,60.79
2021-03-08 21:00:00,2021,3,8,21,56.98
2021-03-08 22:00:00,2021,3,8,22,55.86
2021-03-08 23:00:00,2021,3,8,23,53.47
2021-03-09 00:00:00,2021,3,9,0,51.63
2021-03-09 01:00:00,2021,3,9,1,51.75
2021-03-09 02:00:00,2021,3,9,2,57.45
2021-03-09 03:00:00,2021,3,9,3,57.45
2021-03-09 04:00:00,2021,3,9,4,61.25
2021-03-09 05:00:00,2021,3,9,5,63.62
2021-03-09 06:00:00,2021,3,9,6,63.3
2021-03-09 07:00:00,2021,3,9,7,57.52
2021-03-09 08:00:00,2021,3,9,8,54.15
2021-03-09 09:00:00,2021,3,9,9,52.28
2021-03-09 10:00:00,2021,3,9,10,50.67
2021-03-09 11:00:00,2021,3,9,11,45.35
2021-03-09 12:00:00,2021,3,9,12,42.09
2021-03-09 13:00:00,2021,3,9,13,42.11
2021-03-09 14:00:00,2021,3,9,14,45.33
2021-03-09 15:00:00,2021,3,9,15,49.78
2021-03-09 16:00:00,2021,3,9,16,50.2
2021-03-09 17:00:00,2021,3,9,17,52.47
2021-03-09 18:00:00,2021,3,9,18,57.37
2021-03-09 19:00:00,2021,3,9,19,55.2
2021-03-09 20:00:00,2021,3,9,20,54.32
2021-03-09 21:00:00,2021,3,9,21,54.26
2021-03-09 22:00:00,2021,3,9,22,54.81
2021-03-09 23:00:00,2021,3,9,23,52.09
2021-03-10 00:00:00,2021,3,10,0,52.48
2021-03-10 01:00:00,2021,3,10,1,50.73
2021-03-10 02:00:00,2021,3,10,2,51.39
2021-03-10 03:00:00,2021,3,10,3,52.92
2021-03-10 04:00:00,2021,3,10,4,59.31
2021-03-10 05:00:00,2021,3,10,5,61.31
2021-03-10 06:00:00,2021,3,10,6,61.18
2021-03-10 07:00:00,2021,3,10,7,52.45
2021-03-10 08:00:00,2021,3,10,8,51.92
2021-03-10 09:00:00,2021,3,10,9,51.8
2021-03-10 10:00:00,2021,3,10,10,51.54
2021-03-10 11:00:00,2021,3,10,11,48.79
2021-03-10 12:00:00,2021,3,10,12,48.8
2021-03-10 13:00:00,2021,3,10,13,36.64
2021-03-10 14:00:00,2021,3,10,14,36.8
2021-03-10 15:00:00,2021,3,10,15,44.25
2021-03-10 16:00:00,2021,3,10,16,53.52
2021-03-10 17:00:00,2021,3,10,17,53.5
2021-03-10 18:00:00,2021,3,10,18,39.94
2021-03-10 19:00:00,2021,3,10,19,39.06
2021-03-10 20:00:00,2021,3,10,20,44.41
2021-03-10 21:00:00,2021,3,10,21,53.08
2021-03-10 22:00:00,2021,3,10,22,49.46
2021-03-10 23:00:00,2021,3,10,23,48.16
2021-03-11 00:00:00,2021,3,11,0,46.67
2021-03-11 01:00:00,2021,3,11,1,48.41
2021-03-11 02:00:00,2021,3,11,2,46.96
2021-03-11 03:00:00,2021,3,11,3,51.82
2021-03-11 04:00:00,2021,3,11,4,57.58
2021-03-11 05:00:00,2021,3,11,5,57.94
2021-03-11 06:00:00,2021,3,11,6,55.16
2021-03-11 07:00:00,2021,3,11,7,52.76
2021-03-11 08:00:00,2021,3,11,8,49.21
2021-03-11 09:00:00,2021,3,11,9,55.14
2021-03-11 10:00:00,2021,3,11,10,41.11
2021-03-11 11:00:00,2021,3,11,11,41.2
2021-03-11 12:00:00,2021,3,11,12,40.06
2021-03-11 13:00:00,2021,3,11,13,36.87
2021-03-11 14:00:00,2021,3,11,14,37.75
2021-03-11 15:00:00,2021,3,11,15,42.87
2021-03-11 16:00:00,2021,3,11,16,49.79
2021-03-11 17:00:00,2021,3,11,17,51.63
2021-03-11 18:00:00,2021,3,11,18,51.73
2021-03-11 19:00:00,2021,3,11,19,51.03
2021-03-11 20:00:00,2021,3,11,20,50.81
2021-03-11 21:00:00,2021,3,11,21,51.3
2021-03-11 22:00:00,2021,3,11,22,45.97
2021-03-11 23:00:00,2021,3,11,23,44.74
2021-03-12 00:00:00,2021,3,12,0,46.0
2021-03-12 01:00:00,2021,3,12,1,42.62
2021-03-12 02:00:00,2021,3,12,2,45.1
2021-03-12 03:00:00,2021,3,12,3,45.67
2021-03-12 04:00:00,2021,3,12,4,49.4
2021-03-12 05:00:00,2021,3,12,5,51.84
2021-03-12 06:00:00,2021,3,12,6,50.46
2021-03-12 07:00:00,2021,3,12,7,48.22
2021-03-12 08:00:00,2021,3,12,8,44.53
2021-03-12 09:00:00,2021,3,12,9,40.73
2021-03-12 10:00:00,2021,3,12,10,39.58
2021-03-12 11:00:00,2021,3,12,11,39.54
2021-03-12 12:00:00,2021,3,12,12,40.99
2021-03-12 13:00:00,2021,3,12,13,34.44
2021-03-12 14:00:00,2021,3,12,14,34.56
2021-03-12 15:00:00,2021,3,12,15,42.12
2021-03-12 16:00:00,2021,3,12,16,49.41
2021-03-12 17:00:00,2021,3,12,17,48.33
2021-03-12 18:00:00,2021,3,12,18,47.92
2021-03-12 19:00:00,2021,3,12,19,51.27
2021-03-12 20:00:00,2021,3,12,20,47.52
2021-03-12 21:00:00,2021,3,12,21,46.24
2021-03-12 22:00:00,2021,3,12,22,45.99
2021-03-12 23:00:00,2021,3,12,23,42.94
2021-03-13 00:00:00,2021,3,13,0,43.15
2021-03-13 01:00:00,2021,3,13,1,42.84
2021-03-13 02:00:00,2021,3,13,2,44.58
2021-03-13 03:00:00,2021,3,13,3,45.19
2021-03-13 04:00:00,2021,3,13,4,47.35
2021-03-13 05:00:00,2021,3,13,5,47.91
2021-03-13 06:00:00,2021,3,13,6,45.61
2021-03-13 07:00:00,2021,3,13,7,43.24
2021-03-13 08:00:00,2021,3,13,8,39.85
2021-03-13 09:00:00,2021,3,13,9,33.77
2021-03-13 10:00:00,2021,3,13,10,33.25
2021-03-13 11:00:00,2021,3,13,11,30.33
2021-03-13 12:00:00,2021,3,13,12,32.34
2021-03-13 13:00:00,2021,3,13,13,34.34
2021-03-13 14:00:00,2021,3,13,14,36.05
2021-03-13 15:00:00,2021,3,13,15,38.97
2021-03-13 16:00:00,2021,3,13,16,45.32
2021-03-13 17:00:00,2021,3,13,17,51.97
2021-03-13 18:00:00,2021,3,13,18,51.28
2021-03-13 19:00:00,2021,3,13,19,51.17
2021-03-13 20:00:00,2021,3,13,20,49.53
2021-03-13 21:00:00,2021,3,13,21,49.59
2021-03-13 22:00:00,2021,3,13,22,50.1
2021-03-13 23:00:00,2021,3,13,23,55.08
2021-03-14 00:00:00,2021,3,14,0,45.37
2021-03-14 01:00:00,2021,3,14,1,43.73
2021-03-14 02:00:00,2021,3,14,2,45.38
2021-03-14 03:00:00,2021,3,14,3,49.39
2021-03-14 04:00:00,2021,3,14,4,54.8
2021-03-14 05:00:00,2021,3,14,5,54.0
2021-03-14 06:00:00,2021,3,14,6,52.84
2021-03-14 07:00:00,2021,3,14,7,49.51
2021-03-14 08:00:00,2021,3,14,8,45.13
2021-03-14 09:00:00,2021,3,14,9,38.05
2021-03-14 10:00:00,2021,3,14,10,37.88
2021-03-14 11:00:00,2021,3,14,11,31.45
2021-03-14 12:00:00,2021,3,14,12,31.34
2021-03-14 13:00:00,2021,3,14,13,31.67
2021-03-14 14:00:00,2021,3,14,14,33.04
2021-03-14 15:00:00,2021,3,14,15,41.31
2021-03-14 16:00:00,2021,3,14,16,46.78
2021-03-14 17:00:00,2021,3,14,17,50.16
2021-03-14 18:00:00,2021,3,14,18,52.63
2021-03-14 19:00:00,2021,3,14,19,56.94
2021-03-14 20:00:00,2021,3,14,20,58.11
2021-03-14 21:00:00,2021,3,14,21,54.37
2021-03-14 22:00:00,2021,3,14,22,57.44
2021-03-14 23:00:00,2021,3,14,23,56.48
2021-03-15 00:00:00,2021,3,15,0,55.13
2021-03-15 01:00:00,2021,3,15,1,54.33
2021-03-15 02:00:00,2021,3,15,2,55.39
2021-03-15 03:00:00,2021,3,15,3,55.85
2021-03-15 04:00:00,2021,3,15,4,64.03
2021-03-15 05:00:00,2021,3,15,5,64.92
2021-03-15 06:00:00,2021,3,15,6,64.56
2021-03-15 07:00:00,2021,3,15,7,60.62
2021-03-15 08:00:00,2021,3,15,8,52.06
2021-03-15 09:00:00,2021,3,15,9,44.02
2021-03-15 10:00:00,2021,3,15,10,42.8
2021-03-15 11:00:00,2021,3,15,11,38.97
2021-03-15 12:00:00,2021,3,15,12,39.59
2021-03-15 13:00:00,2021,3,15,13,38.82
2021-03-15 14:00:00,2021,3,15,14,40.36
2021-03-15 15:00:00,2021,3,15,15,44.91
2021-03-15 16:00:00,2021,3,15,16,51.65
2021-03-15 17:00:00,2021,3,15,17,61.58
2021-03-15 18:00:00,2021,3,15,18,62.97
2021-03-15 19:00:00,2021,3,15,19,63.28
2021-03-15 20:00:00,2021,3,15,20,58.35
2021-03-15 21:00:00,2021,3,15,21,55.94
2021-03-15 22:00:00,2021,3,15,22,55.35
2021-03-15 23:00:00,2021,3,15,23,55.24
2021-03-16 00:00:00,2021,3,16,0,57.93
2021-03-16 01:00:00,2021,3,16,1,58.38
2021-03-16 02:00:00,2021,3,16,2,56.55
2021-03-16 03:00:00,2021,3,16,3,61.23
2021-03-16 04:00:00,2021,3,16,4,63.26
2021-03-16 05:00:00,2021,3,16,5,65.85
2021-03-16 06:00:00,2021,3,16,6,63.04
2021-03-16 07:00:00,2021,3,16,7,55.22
2021-03-16 08:00:00,2021,3,16,8,52.86
2021-03-16 09:00:00,2021,3,16,9,51.29
2021-03-16 10:00:00,2021,3,16,10,49.17
2021-03-16 11:00:00,2021,3,16,11,49.09
2021-03-16 12:00:00,2021,3,16,12,47.5
2021-03-16 13:00:00,2021,3,16,13,49.04
2021-03-16 14:00:00,2021,3,16,14,53.23
2021-03-16 15:00:00,2021,3,16,15,64.15
2021-03-16 16:00:00,2021,3,16,16,76.96
2021-03-16 17:00:00,2021,3,16,17,77.55
2021-03-16 18:00:00,2021,3,16,18,75.13
2021-03-16 19:00:00,2021,3,16,19,77.18
2021-03-16 20:00:00,2021,3,16,20,74.6
2021-03-16 21:00:00,2021,3,16,21,71.2
2021-03-16 22:00:00,2021,3,16,22,66.76
2021-03-16 23:00:00,2021,3,16,23,62.87
2021-03-17 00:00:00,2021,3,17,0,62.25
2021-03-17 01:00:00,2021,3,17,1,63.73
2021-03-17 02:00:00,2021,3,17,2,65.8
2021-03-17 03:00:00,2021,3,17,3,68.74
2021-03-17 04:00:00,2021,3,17,4,75.69
2021-03-17 05:00:00,2021,3,17,5,74.04
2021-03-17 06:00:00,2021,3,17,6,73.87
2021-03-17 07:00:00,2021,3,17,7,69.16
2021-03-17 08:00:00,2021,3,17,8,66.38
2021-03-17 09:00:00,2021,3,17,9,60.8
2021-03-17 10:00:00,2021,3,17,10,55.88
2021-03-17 11:00:00,2021,3,17,11,54.53
2021-03-17 12:00:00,2021,3,17,12,52.87
2021-03-17 13:00:00,2021,3,17,13,52.73
2021-03-17 14:00:00,2021,3,17,14,56.09
2021-03-17 15:00:00,2021,3,17,15,56.32
2021-03-17 16:00:00,2021,3,17,16,69.09
2021-03-17 17:00:00,2021,3,17,17,75.15
2021-03-17 18:00:00,2021,3,17,18,75.8
2021-03-17 19:00:00,2021,3,17,19,76.38
2021-03-17 20:00:00,2021,3,17,20,73.88
2021-03-17 21:00:00,2021,3,17,21,69.97
2021-03-17 22:00:00,2021,3,17,22,66.85
2021-03-17 23:00:00,2021,3,17,23,66.11
2021-03-18 00:00:00,2021,3,18,0,66.28
2021-03-18 01:00:00,2021,3,18,1,61.78
2021-03-18 02:00:00,2021,3,18,2,65.72
2021-03-18 03:00:00,2021,3,18,3,68.7
2021-03-18 04:00:00,2021,3,18,4,77.55
2021-03-18 05:00:00,2021,3,18,5,79.47
2021-03-18 06:00:00,2021,3,18,6,77.61
2021-03-18 07:00:00,2021,3,18,7,74.55
2021-03-18 08:00:00,2021,3,18,8,64.54
2021-03-18 09:00:00,2021,3,18,9,57.28
2021-03-18 10:00:00,2021,3,18,10,54.94
2021-03-18 11:00:00,2021,3,18,11,52.94
2021-03-18 12:00:00,2021,3,18,12,51.23
2021-03-18 13:00:00,2021,3,18,13,52.31
2021-03-18 14:00:00,2021,3,18,14,57.82
2021-03-18 15:00:00,2021,3,18,15,65.11
2021-03-18 16:00:00,2021,3,18,16,71.75
2021-03-18 17:00:00,2021,3,18,17,71.86
2021-03-18 18:00:00,2021,3,18,18,72.35
2021-03-18 19:00:00,2021,3,18,19,70.39
2021-03-18 20:00:00,2021,3,18,20,69.65
2021-03-18 21:00:00,2021,3,18,21,66.58
2021-03-18 22:00:00,2021,3,18,22,59.42
2021-03-18 23:00:00,2021,3,18,23,60.68
2021-03-19 00:00:00,2021,3,19,0,62.45
2021-03-19 01:00:00,2021,3,19,1,61.23
2021-03-19 02:00:00,2021,3,19,2,61.92
2021-03-19 03:00:00,2021,3,19,3,62.98
2021-03-19 04:00:00,2021,3,19,4,63.32
2021-03-19 05:00:00,2021,3,19,5,66.83
2021-03-19 06:00:00,2021,3,19,6,68.14
2021-03-19 07:00:00,2021,3,19,7,63.84
2021-03-19 08:00:00,2021,3,19,8,58.53
2021-03-19 09:00:00,2021,3,19,9,55.94
2021-03-19 10:00:00,2021,3,19,10,52.37
2021-03-19 11:00:00,2021,3,19,11,51.3
2021-03-19 12:00:00,2021,3,19,12,51.37
2021-03-19 13:00:00,2021,3,19,13,50.34
2021-03-19 14:00:00,2021,3,19,14,52.51
2021-03-19 15:00:00,2021,3,19,15,58.24
2021-03-19 16:00:00,2021,3,19,16,63.0
2021-03-19 17:00:00,2021,3,19,17,66.24
2021-03-19 18:00:00,2021,3,19,18,64.18
2021-03-19 19:00:00,2021,3,19,19,66.15
2021-03-19 20:00:00,2021,3,19,20,63.24
2021-03-19 21:00:00,2021,3,19,21,63.65
2021-03-19 22:00:00,2021,3,19,22,59.62
2021-03-19 23:00:00,2021,3,19,23,59.14
2021-03-20 00:00:00,2021,3,20,0,58.36
2021-03-20 01:00:00,2021,3,20,1,56.47
2021-03-20 02:00:00,2021,3,20,2,56.29
2021-03-20 03:00:00,2021,3,20,3,59.65
2021-03-20 04:00:00,2021,3,20,4,64.96
2021-03-20 05:00:00,2021,3,20,5,67.64
2021-03-20 06:00:00,2021,3,20,6,65.11
2021-03-20 07:00:00,2021,3,20,7,60.55
2021-03-20 08:00:00,2021,3,20,8,54.16
2021-03-20 09:00:00,2021,3,20,9,53.28
2021-03-20 10:00:00,2021,3,20,10,52.78
2021-03-20 11:00:00,2021,3,20,11,49.25
2021-03-20 12:00:00,2021,3,20,12,46.82
2021-03-20 13:00:00,2021,3,20,13,46.42
2021-03-20 14:00:00,2021,3,20,14,46.81
2021-03-20 15:00:00,2021,3,20,15,54.22
2021-03-20 16:00:00,2021,3,20,16,64.63
2021-03-20 17:00:00,2021,3,20,17,66.64
2021-03-20 18:00:00,2021,3,20,18,66.76
2021-03-20 19:00:00,2021,3,20,19,68.06
2021-03-20 20:00:00,2021,3,20,20,65.88
2021-03-20 21:00:00,2021,3,20,21,63.96
2021-03-20 22:00:00,2021,3,20,22,63.71
2021-03-20 23:00:00,2021,3,20,23,59.86
2021-03-21 00:00:00,2021,3,21,0,59.75
2021-03-21 01:00:00,2021,3,21,1,59.16
2021-03-21 02:00:00,2021,3,21,2,61.18
2021-03-21 03:00:00,2021,3,21,3,64.58
2021-03-21 04:00:00,2021,3,21,4,70.26
2021-03-21 05:00:00,2021,3,21,5,70.39
2021-03-21 06:00:00,2021,3,21,6,63.75
2021-03-21 07:00:00,2021,3,21,7,58.76
2021-03-21 08:00:00,2021,3,21,8,50.66
2021-03-21 09:00:00,2021,3,21,9,48.54
2021-03-21 10:00:00,2021,3,21,10,45.75
2021-03-21 11:00:00,2021,3,21,11,44.06
2021-03-21 12:00:00,2021,3,21,12,44.47
2021-03-21 13:00:00,2021,3,21,13,45.41
2021-03-21 14:00:00,2021,3,21,14,47.18
2021-03-21 15:00:00,2021,3,21,15,49.33
2021-03-21 16:00:00,2021,3,21,16,53.73
2021-03-21 17:00:00,2021,3,21,17,60.2
2021-03-21 18:00:00,2021,3,21,18,61.76
2021-03-21 19:00:00,2021,3,21,19,65.77
2021-03-21 20:00:00,2021,3,21,20,64.12
2021-03-21 21:00:00,2021,3,21,21,57.51
2021-03-21 22:00:00,2021,3,21,22,58.24
2021-03-21 23:00:00,2021,3,21,23,56.28
2021-03-22 00:00:00,2021,3,22,0,52.54
2021-03-22 01:00:00,2021,3,22,1,53.42
2021-03-22 02:00:00,2021,3,22,2,52.8
2021-03-22 03:00:00,2021,3,22,3,56.55
2021-03-22 04:00:00,2021,3,22,4,58.44
2021-03-22 05:00:00,2021,3,22,5,61.59
2021-03-22 06:00:00,2021,3,22,6,55.37
2021-03-22 07:00:00,2021,3,22,7,50.63
2021-03-22 08:00:00,2021,3,22,8,50.47
2021-03-22 09:00:00,2021,3,22,9,46.06
2021-03-22 10:00:00,2021,3,22,10,43.65
2021-03-22 11:00:00,2021,3,22,11,44.75
2021-03-22 12:00:00,2021,3,22,12,48.34
2021-03-22 13:00:00,2021,3,22,13,48.05
2021-03-22 14:00:00,2021,3,22,14,51.8
2021-03-22 15:00:00,2021,3,22,15,54.27
2021-03-22 16:00:00,2021,3,22,16,59.85
2021-03-22 17:00:00,2021,3,22,17,61.19
2021-03-22 18:00:00,2021,3,22,18,56.54
2021-03-22 19:00:00,2021,3,22,19,57.26
2021-03-22 20:00:00,2021,3,22,20,56.09
2021-03-22 21:00:00,2021,3,22,21,56.24
2021-03-22 22:00:00,2021,3,22,22,53.74
2021-03-22 23:00:00,2021,3,22,23,54.27
2021-03-23 00:00:00,2021,3,23,0,50.56
2021-03-23 01:00:00,2021,3,23,1,50.88
2021-03-23 02:00:00,2021,3,23,2,50.73
2021-03-23 03:00:00,2021,3,23,3,54.49
2021-03-23 04:00:00,2021,3,23,4,56.08
2021-03-23 05:00:00,2021,3,23,5,56.15
2021-03-23 06:00:00,2021,3,23,6,54.96
2021-03-23 07:00:00,2021,3,23,7,49.4
2021-03-23 08:00:00,2021,3,23,8,48.34
2021-03-23 09:00:00,2021,3,23,9,44.48
2021-03-23 10:00:00,2021,3,23,10,44.0
2021-03-23 11:00:00,2021,3,23,11,43.05
2021-03-23 12:00:00,2021,3,23,12,44.66
2021-03-23 13:00:00,2021,3,23,13,45.16
2021-03-23 14:00:00,2021,3,23,14,45.4
2021-03-23 15:00:00,2021,3,23,15,55.0
2021-03-23 16:00:00,2021,3,23,16,53.68
2021-03-23 17:00:00,2021,3,23,17,54.23
2021-03-23 18:00:00,2021,3,23,18,57.37
2021-03-23 19:00:00,2021,3,23,19,56.51
2021-03-23 20:00:00,2021,3,23,20,53.46
2021-03-23 21:00:00,2021,3,23,21,53.61
2021-03-23 22:00:00,2021,3,23,22,46.68
2021-03-23 23:00:00,2021,3,23,23,47.76
2021-03-24 00:00:00,2021,3,24,0,46.61
2021-03-24 01:00:00,2021,3,24,1,46.84
2021-03-24 02:00:00,2021,3,24,2,50.48
2021-03-24 03:00:00,2021,3,24,3,54.39
2021-03-24 04:00:00,2021,3,24,4,56.86
2021-03-24 05:00:00,2021,3,24,5,57.69
2021-03-24 06:00:00,2021,3,24,6,54.52
2021-03-24 07:00:00,2021,3,24,7,51.98
2021-03-24 08:00:00,2021,3,24,8,51.38
2021-03-24 09:00:00,2021,3,24,9,45.95
2021-03-24 10:00:00,2021,3,24,10,45.62
2021-03-24 11:00:00,2021,3,24,11,48.3
2021-03-24 12:00:00,2021,3,24,12,43.63
2021-03-24 13:00:00,2021,3,24,13,44.18
2021-03-24 14:00:00,2021,3,24,14,45.53
2021-03-24 15:00:00,2021,3,24,15,51.87
2021-03-24 16:00:00,2021,3,24,16,54.58
2021-03-24 17:00:00,2021,3,24,17,56.72
2021-03-24 18:00:00,2021,3,24,18,54.79
2021-03-24 19:00:00,2021,3,24,19,56.24
2021-03-24 20:00:00,2021,3,24,20,52.85
2021-03-24 21:00:00,2021,3,24,21,54.57
2021-03-24 22:00:00,2021,3,24,22,52.87
2021-03-24 23:00:00,2021,3,24,23,52.15
2021-03-25 00:00:00,2021,3,25,0,52.54
2021-03-25 01:00:00,2021,3,25,1,50.73
2021-03-25 02:00:00,2021,3,25,2,50.0
2021-03-25 03:00:00,2021,3,25,3,53.03
2021-03-25 04:00:00,2021,3,25,4,57.47
2021-03-25 05:00:00,2021,3,25,5,57.19
2021-03-25 06:00:00,2021,3,25,6,54.03
2021-03-25 07:00:00,2021,3,25,7,53.57
2021-03-25 08:00:00,2021,3,25,8,45.68
2021-03-25 09:00:00,2021,3,25,9,44.52
2021-03-25 10:00:00,2021,3,25,10,43.51
2021-03-25 11:00:00,2021,3,25,11,41.18
2021-03-25 12:00:00,2021,3,25,12,39.45
2021-03-25 13:00:00,2021,3,25,13,38.6
2021-03-25 14:00:00,2021,3,25,14,41.98
2021-03-25 15:00:00,2021,3,25,15,42.85
2021-03-25 16:00:00,2021,3,25,16,52.56
2021-03-25 17:00:00,2021,3,25,17,56.1
2021-03-25 18:00:00,2021,3,25,18,57.21
2021-03-25 19:00:00,2021,3,25,19,56.77
2021-03-25 20:00:00,2021,3,25,20,53.83
2021-03-25 21:00:00,2021,3,25,21,53.89
2021-03-25 22:00:00,2021,3,25,22,54.83
2021-03-25 23:00:00,2021,3,25,23,51.58
2021-03-26 00:00:00,2021,3,26,0,51.77
2021-03-26 01:00:00,2021,3,26,1,49.4
2021-03-26 02:00:00,2021,3,26,2,55.76
2021-03-26 03:00:00,2021,3,26,3,59.49
2021-03-26 04:00:00,2021,3,26,4,67.39
2021-03-26 05:00:00,2021,3,26,5,63.39
2021-03-26 06:00:00,2021,3,26,6,59.02
2021-03-26 07:00:00,2021,3,26,7,51.9
2021-03-26 08:00:00,2021,3,26,8,52.06
2021-03-26 09:00:00,2021,3,26,9,48.36
2021-03-26 10:00:00,2021,3,26,10,46.96
2021-03-26 11:00:00,2021,3,26,11,44.35
2021-03-26 12:00:00,2021,3,26,12,41.26
2021-03-26 13:00:00,2021,3,26,13,43.2
2021-03-26 14:00:00,2021,3,26,14,47.57
2021-03-26 15:00:00,2021,3,26,15,51.56
2021-03-26 16:00:00,2021,3,26,16,55.55
2021-03-26 17:00:00,2021,3,26,17,59.86
2021-03-26 18:00:00,2021,3,26,18,65.57
2021-03-26 19:00:00,2021,3,26,19,67.05
2021-03-26 20:00:00,2021,3,26,20,67.4
2021-03-26 21:00:00,2021,3,26,21,66.0
2021-03-26 22:00:00,2021,3,26,22,60.52
2021-03-26 23:00:00,2021,3,26,23,58.66
2021-03-27 00:00:00,2021,3,27,0,59.1
2021-03-27 01:00:00,2021,3,27,1,59.13
2021-03-27 02:00:00,2021,3,27,2,59.89
2021-03-27 03:00:00,2021,3,27,3,68.73
2021-03-27 04:00:00,2021,3,27,4,76.17
2021-03-27 05:00:00,2021,3,27,5,75.67
2021-03-27 06:00:00,2021,3,27,6,74.9
2021-03-27 07:00:00,2021,3,27,7,60.4
2021-03-27 08:00:00,2021,3,27,8,54.94
2021-03-27 09:00:00,2021,3,27,9,51.13
2021-03-27 10:00:00,2021,3,27,10,45.85
2021-03-27 11:00:00,2021,3,27,11,44.03
2021-03-27 12:00:00,2021,3,27,12,44.33
2021-03-27 13:00:00,2021,3,27,13,44.96
2021-03-27 14:00:00,2021,3,27,14,47.84
2021-03-27 15:00:00,2021,3,27,15,57.73
2021-03-27 16:00:00,2021,3,27,16,70.74
2021-03-27 17:00:00,2021,3,27,17,81.33
2021-03-27 18:00:00,2021,3,27,18,81.39
2021-03-27 19:00:00,2021,3,27,19,85.35
2021-03-27 20:00:00,2021,3,27,20,81.36
2021-03-27 21:00:00,2021,3,27,21,79.36
2021-03-27 22:00:00,2021,3,27,22,84.62
2021-03-27 23:00:00,2021,3,27,23,79.39
2021-03-28 00:00:00,2021,3,28,0,74.08
2021-03-28 01:00:00,2021,3,28,1,74.74
2021-03-28 02:00:00,2021,3,28,2,73.95
2021-03-28 03:00:00,2021,3,28,3,75.5
2021-03-28 04:00:00,2021,3,28,4,78.16
2021-03-28 05:00:00,2021,3,28,5,82.06
2021-03-28 06:00:00,2021,3,28,6,78.18
2021-03-28 07:00:00,2021,3,28,7,77.1
2021-03-28 08:00:00,2021,3,28,8,60.04
2021-03-28 09:00:00,2021,3,28,9,53.24
2021-03-28 10:00:00,2021,3,28,10,48.71
2021-03-28 11:00:00,2021,3,28,11,46.8
2021-03-28 12:00:00,2021,3,28,12,46.74
2021-03-28 13:00:00,2021,3,28,13,47.75
2021-03-28 15:00:00,2021,3,28,15,56.77
2021-03-28 16:00:00,2021,3,28,16,58.0
2021-03-28 17:00:00,2021,3,28,17,83.07
2021-03-28 18:00:00,2021,3,28,18,86.25
2021-03-28 19:00:00,2021,3,28,19,89.52
2021-03-28 20:00:00,2021,3,28,20,87.52
2021-03-28 21:00:00,2021,3,28,21,84.44
2021-03-28 22:00:00,2021,3,28,22,78.08
2021-03-28 23:00:00,2021,3,28,23,73.8
2021-03-29 00:00:00,2021,3,29,0,70.59
2021-03-29 01:00:00,2021,3,29,1,73.27
2021-03-29 02:00:00,2021,3,29,2,70.97
2021-03-29 03:00:00,2021,3,29,3,72.01
2021-03-29 04:00:00,2021,3,29,4,78.04
2021-03-29 05:00:00,2021,3,29,5,79.9
2021-03-29 06:00:00,2021,3,29,6,69.9
2021-03-29 07:00:00,2021,3,29,7,63.74
2021-03-29 08:00:00,2021,3,29,8,54.94
2021-03-29 09:00:00,2021,3,29,9,51.21
2021-03-29 10:00:00,2021,3,29,10,49.09
2021-03-29 11:00:00,2021,3,29,11,48.12
2021-03-29 12:00:00,2021,3,29,12,45.85
2021-03-29 13:00:00,2021,3,29,13,45.58
2021-03-29 14:00:00,2021,3,29,14,47.17
2021-03-29 15:00:00,2021,3,29,15,48.47
2021-03-29 16:00:00,2021,3,29,16,53.42
2021-03-29 17:00:00,2021,3,29,17,58.3
2021-03-29 18:00:00,2021,3,29,18,59.53
2021-03-29 19:00:00,2021,3,29,19,60.57
2021-03-29 20:00:00,2021,3,29,20,57.1
2021-03-29 21:00:00,2021,3,29,21,55.95
2021-03-29 22:00:00,2021,3,29,22,53.78
2021-03-29 23:00:00,2021,3,29,23,50.56
2021-03-30 00:00:00,2021,3,30,0,52.7
2021-03-30 01:00:00,2021,3,30,1,52.95
2021-03-30 02:00:00,2021,3,30,2,53.73
2021-03-30 03:00:00,2021,3,30,3,55.45
2021-03-30 04:00:00,2021,3,30,4,54.35
2021-03-30 05:00:00,2021,3,30,5,56.66
2021-03-30 06:00:00,2021,3,30,6,53.74
2021-03-30 07:00:00,2021,3,30,7,56.07
2021-03-30 08:00:00,2021,3,30,8,49.83
2021-03-30 09:00:00,2021,3,30,9,49.78
2021-03-30 10:00:00,2021,3,30,10,49.59
2021-03-30 11:00:00,2021,3,30,11,52.5
2021-03-30 12:00:00,2021,3,30,12,50.02
2021-03-30 13:00:00,2021,3,30,13,52.96
2021-03-30 14:00:00,2021,3,30,14,55.59
2021-03-30 15:00:00,2021,3,30,15,58.99
2021-03-30 16:00:00,2021,3,30,16,58.6
2021-03-30 17:00:00,2021,3,30,17,58.54
2021-03-30 18:00:00,2021,3,30,18,55.51
2021-03-30 19:00:00,2021,3,30,19,53.08
2021-03-30 20:00:00,2021,3,30,20,51.98
2021-03-30 21:00:00,2021,3,30,21,51.35
2021-03-30 22:00:00,2021,3,30,22,51.73
2021-03-30 23:00:00,2021,3,30,23,53.44
2021-03-31 00:00:00,2021,3,31,0,52.78
2021-03-31 01:00:00,2021,3,31,1,48.71
2021-03-31 02:00:00,2021,3,31,2,47.14
2021-03-31 03:00:00,2021,3,31,3,49.39
2021-03-31 04:00:00,2021,3,31,4,51.8
2021-03-31 05:00:00,2021,3,31,5,52.69
2021-03-31 06:00:00,2021,3,31,6,50.88
2021-03-31 07:00:00,2021,3,31,7,50.8
2021-03-31 08:00:00,2021,3,31,8,45.64
2021-03-31 09:00:00,2021,3,31,9,46.37
2021-03-31 10:00:00,2021,3,31,10,48.04
2021-03-31 11:00:00,2021,3,31,11,47.99
2021-03-31 12:00:00,2021,3,31,12,48.39
2021-03-31 13:00:00,2021,3,31,13,46.36
2021-03-31 14:00:00,2021,3,31,14,47.02
2021-03-31 15:00:00,2021,3,31,15,49.57
2021-03-31 16:00:00,2021,3,31,16,55.29
2021-03-31 17:00:00,2021,3,31,17,56.58
2021-03-31 18:00:00,2021,3,31,18,56.12
2021-03-31 19:00:00,2021,3,31,19,55.77
2021-03-31 20:00:00,2021,3,31,20,53.59
2021-03-31 21:00:00,2021,3,31,21,51.83
2021-03-31 22:00:00,2021,3,31,22,49.91
2021-03-31 23:00:00,2021,3,31,23,49.15
2021-04-01 00:00:00,2021,4,1,0,46.37
2021-04-01 01:00:00,2021,4,1,1,46.48
2021-04-01 02:00:00,2021,4,1,2,44.7
2021-04-01 03:00:00,2021,4,1,3,47.95
2021-04-01 04:00:00,2021,4,1,4,52.14
2021-04-01 05:00:00,2021,4,1,5,54.19
2021-04-01 06:00:00,2021,4,1,6,52.43
2021-04-01 07:00:00,2021,4,1,7,49.85
2021-04-01 08:00:00,2021,4,1,8,46.51
2021-04-01 09:00:00,2021,4,1,9,42.65
2021-04-01 10:00:00,2021,4,1,10,41.25
2021-04-01 11:00:00,2021,4,1,11,39.37
2021-04-01 12:00:00,2021,4,1,12,40.99
2021-04-01 13:00:00,2021,4,1,13,37.1
2021-04-01 14:00:00,2021,4,1,14,38.75
2021-04-01 15:00:00,2021,4,1,15,45.76
2021-04-01 16:00:00,2021,4,1,16,47.42
2021-04-01 17:00:00,2021,4,1,17,48.81
2021-04-01 18:00:00,2021,4,1,18,49.76
2021-04-01 19:00:00,2021,4,1,19,49.55
2021-04-01 20:00:00,2021,4,1,20,52.41
2021-04-01 21:00:00,2021,4,1,21,51.82
2021-04-01 22:00:00,2021,4,1,22,48.01
2021-04-01 23:00:00,2021,4,1,23,49.55
2021-04-02 00:00:00,2021,4,2,0,46.65
2021-04-02 01:00:00,2021,4,2,1,45.82
2021-04-02 02:00:00,2021,4,2,2,49.02
2021-04-02 03:00:00,2021,4,2,3,56.29
2021-04-02 04:00:00,2021,4,2,4,62.37
2021-04-02 05:00:00,2021,4,2,5,62.6
2021-04-02 06:00:00,2021,4,2,6,53.08
2021-04-02 07:00:00,2021,4,2,7,49.91
2021-04-02 09:00:00,2021,4,2,9,39.6
2021-04-02 10:00:00,2021,4,2,10,35.6
2021-04-02 11:00:00,2021,4,2,11,36.12
2021-04-02 12:00:00,2021,4,2,12,35.69
2021-04-02 13:00:00,2021,4,2,13,35.39
2021-04-02 14:00:00,2021,4,2,14,37.97
2021-04-02 15:00:00,2021,4,2,15,44.14
2021-04-02 16:00:00,2021,4,2,16,49.74
2021-04-02 17:00:00,2021,4,2,17,53.51
2021-04-02 18:00:00,2021,4,2,18,56.52
2021-04-02 19:00:00,2021,4,2,19,57.5
2021-04-02 20:00:00,2021,4,2,20,54.02
2021-04-02 21:00:00,2021,4,2,21,53.87
2021-04-02 22:00:00,2021,4,2,22,53.75
2021-04-02 23:00:00,2021,4,2,23,50.42
2021-04-03 00:00:00,2021,4,3,0,48.33
2021-04-03 01:00:00,2021,4,3,1,49.78
2021-04-03 02:00:00,2021,4,3,2,52.72
2021-04-03 03:00:00,2021,4,3,3,56.49
2021-04-03 04:00:00,2021,4,3,4,62.03
2021-04-03 05:00:00,2021,4,3,5,58.86
2021-04-03 06:00:00,2021,4,3,6,58.84
2021-04-03 07:00:00,2021,4,3,7,53.46
2021-04-03 08:00:00,2021,4,3,8,46.81
2021-04-03 09:00:00,2021,4,3,9,41.62
2021-04-03 10:00:00,2021,4,3,10,38.15
2021-04-03 11:00:00,2021,4,3,11,34.23
2021-04-03 12:00:00,2021,4,3,12,33.75
2021-04-03 13:00:00,2021,4,3,13,33.02
2021-04-03 14:00:00,2021,4,3,14,34.26
2021-04-03 15:00:00,2021,4,3,15,40.0
2021-04-03 16:00:00,2021,4,3,16,51.1
2021-04-03 17:00:00,2021,4,3,17,52.99
2021-04-03 18:00:00,2021,4,3,18,58.61
2021-04-03 20:00:00,2021,4,3,20,55.26
2021-04-03 21:00:00,2021,4,3,21,56.07
2021-04-03 22:00:00,2021,4,3,22,52.44
2021-04-03 23:00:00,2021,4,3,23,48.13
2021-04-04 00:00:00,2021,4,4,0,49.12
2021-04-04 02:00:00,2021,4,4,2,53.21
2021-04-04 03:00:00,2021,4,4,3,55.21
2021-04-04 04:00:00,2021,4,4,4,62.83
2021-04-04 05:00:00,2021,4,4,5,65.93
2021-04-04 06:00:00,2021,4,4,6,60.78
2021-04-04 07:00:00,2021,4,4,7,53.81
2021-04-04 08:00:00,2021,4,4,8,45.77
2021-04-04 09:00:00,2021,4,4,9,41.04
2021-04-04 10:00:00,2021,4,4,10,38.49
2021-04-04 11:00:00,2021,4,4,11,35.77
2021-04-04 12:00:00,2021,4,4,12,34.83
2021-04-04 13:00:00,2021,4,4,13,35.58
2021-04-04 14:00:00,2021,4,4,14,36.66
2021-04-04 15:00:00,2021,4,4,15,41.33
2021-04-04 16:00:00,2021,4,4,16,44.78
2021-04-04 17:00:00,2021,4,4,17,53.69
2021-04-04 18:00:00,2021,4,4,18,54.8
2021-04-04 19:00:00,2021,4,4,19,57.55
2021-04-04 20:00:00,2021,4,4,20,55.97
2021-04-04 21:00:00,2021,4,4,21,52.19
2021-04-04 22:00:00,2021,4,4,22,53.23
2021-04-04 23:00:00,2021,4,4,23,53.02
2021-04-05 00:00:00,2021,4,5,0,50.49
2021-04-05 01:00:00,2021,4,5,1,49.35
2021-04-05 02:00:00,2021,4,5,2,52.29
2021-04-05 03:00:00,2021,4,5,3,56.83
2021-04-05 04:00:00,2021,4,5,4,59.42
2021-04-05 05:00:00,2021,4,5,5,62.01
2021-04-05 06:00:00,2021,4,5,6,55.97
2021-04-05 07:00:00,2021,4,5,7,47.12
2021-04-05 08:00:00,2021,4,5,8,43.48
2021-04-05 09:00:00,2021,4,5,9,41.77
2021-04-05 10:00:00,2021,4,5,10,40.39
2021-04-05 11:00:00,2021,4,5,11,40.34
2021-04-05 12:00:00,2021,4,5,12,39.35
2021-04-05 13:00:00,2021,4,5,13,39.38
2021-04-05 14:00:00,2021,4,5,14,40.86
2021-04-05 15:00:00,2021,4,5,15,48.13
2021-04-05 16:00:00,2021,4,5,16,56.78
2021-04-05 17:00:00,2021,4,5,17,62.48
2021-04-05 18:00:00,2021,4,5,18,63.91
2021-04-05 19:00:00,2021,4,5,19,59.44
2021-04-05 20:00:00,2021,4,5,20,55.92
2021-04-05 21:00:00,2021,4,5,21,53.5
2021-04-05 22:00:00,2021,4,5,22,51.19
2021-04-05 23:00:00,2021,4,5,23,53.7
2021-04-06 00:00:00,2021,4,6,0,53.75
2021-04-06 01:00:00,2021,4,6,1,51.08
2021-04-06 02:00:00,2021,4,6,2,51.78
2021-04-06 03:00:00,2021,4,6,3,56.77
2021-04-06 04:00:00,2021,4,6,4,58.59
2021-04-06 05:00:00,2021,4,6,5,60.61
2021-04-06 07:00:00,2021,4,6,7,59.79
2021-04-06 08:00:00,2021,4,6,8,59.45
2021-04-06 09:00:00,2021,4,6,9,49.93
2021-04-06 10:00:00,2021,4,6,10,46.65
2021-04-06 12:00:00,2021,4,6,12,46.12
2021-04-06 13:00:00,2021,4,6,13,48.28
2021-04-06 14:00:00,2021,4,6,14,46.09
2021-04-06 15:00:00,2021,4,6,15,48.09
2021-04-06 16:00:00,2021,4,6,16,57.25
2021-04-06 17:00:00,2021,4,6,17,63.16
2021-04-06 18:00:00,2021,4,6,18,59.32
2021-04-06 19:00:00,2021,4,6,19,59.09
2021-04-06 20:00:00,2021,4,6,20,55.92
2021-04-06 21:00:00,2021,4,6,21,50.92
2021-04-06 22:00:00,2021,4,6,22,51.75
2021-04-06 23:00:00,2021,4,6,23,50.61
2021-04-07 00:00:00,2021,4,7,0,48.74
2021-04-07 01:00:00,2021,4,7,1,55.48
2021-04-07 02:00:00,2021,4,7,2,46.79
2021-04-07 03:00:00,2021,4,7,3,50.34
2021-04-07 04:00:00,2021,4,7,4,51.04
2021-04-07 05:00:00,2021,4,7,5,52.55
2021-04-07 06:00:00,2021,4,7,6,51.66
2021-04-07 07:00:00,2021,4,7,7,51.46
2021-04-07 08:00:00,2021,4,7,8,49.46
2021-04-07 09:00:00,2021,4,7,9,46.12
2021-04-07 10:00:00,2021,4,7,10,44.3
2021-04-07 11:00:00,2021,4,7,11,41.79
2021-04-07 12:00:00,2021,4,7,12,42.28
2021-04-07 13:00:00,2021,4,7,13,41.93
2021-04-07 14:00:00,2021,4,7,14,45.93
2021-04-07 15:00:00,2021,4,7,15,51.64
2021-04-07 16:00:00,2021,4,7,16,57.97
2021-04-07 17:00:00,2021,4,7,17,60.98
2021-04-07 18:00:00,2021,4,7,18,59.71
2021-04-07 19:00:00,2021,4,7,19,57.22
2021-04-07 20:00:00,2021,4,7,20,53.92
2021-04-07 21:00:00,2021,4,7,21,54.89
2021-04-07 22:00:00,2021,4,7,22,51.66
2021-04-07 23:00:00,2021,4,7,23,52.88
2021-04-08 00:00:00,2021,4,8,0,49.62
2021-04-08 01:00:00,2021,4,8,1,48.28
2021-04-08 02:00:00,2021,4,8,2,50.55
2021-04-08 03:00:00,2021,4,8,3,54.99
2021-04-08 04:00:00,2021,4,8,4,57.48
2021-04-08 05:00:00,2021,4,8,5,57.96
2021-04-08 06:00:00,2021,4,8,6,53.61
2021-04-08 07:00:00,2021,4,8,7,51.18
2021-04-08 08:00:00,2021,4,8,8,53.96
2021-04-08 09:00:00,2021,4,8,9,55.29
2021-04-08 10:00:00,2021,4,8,10,57.84
2021-04-08 11:00:00,2021,4,8,11,52.56
2021-04-08 12:00:00,2021,4,8,12,49.76
2021-04-08 13:00:00,2021,4,8,13,50.5
2021-04-08 14:00:00,2021,4,8,14,44.99
2021-04-08 15:00:00,2021,4,8,15,44.73
2021-04-08 16:00:00,2021,4,8,16,40.38
2021-04-08 17:00:00,2021,4,8,17,39.68
2021-04-08 18:00:00,2021,4,8,18,43.76
2021-04-08 19:00:00,2021,4,8,19,43.62
2021-04-08 20:00:00,2021,4,8,20,46.8
2021-04-08 21:00:00,2021,4,8,21,51.23
2021-04-08 22:00:00,2021,4,8,22,53.86
2021-04-08 23:00:00,2021,4,8,23,50.89
2021-04-09 00:00:00,2021,4,9,0,51.95
2021-04-09 01:00:00,2021,4,9,1,52.08
2021-04-09 02:00:00,2021,4,9,2,51.43
2021-04-09 03:00:00,2021,4,9,3,50.93
2021-04-09 04:00:00,2021,4,9,4,44.91
2021-04-09 05:00:00,2021,4,9,5,46.14
2021-04-09 06:00:00,2021,4,9,6,43.55
2021-04-09 07:00:00,2021,4,9,7,45.45
2021-04-09 08:00:00,2021,4,9,8,48.12
2021-04-09 09:00:00,2021,4,9,9,49.65
2021-04-09 10:00:00,2021,4,9,10,50.6
2021-04-09 11:00:00,2021,4,9,11,49.21
2021-04-09 12:00:00,2021,4,9,12,45.91
2021-04-09 13:00:00,2021,4,9,13,42.98
2021-04-09 14:00:00,2021,4,9,14,39.26
2021-04-09 15:00:00,2021,4,9,15,38.28
2021-04-09 16:00:00,2021,4,9,16,37.73
2021-04-09 17:00:00,2021,4,9,17,38.18
2021-04-09 18:00:00,2021,4,9,18,40.18
2021-04-09 19:00:00,2021,4,9,19,40.33
2021-04-09 20:00:00,2021,4,9,20,46.51
2021-04-09 21:00:00,2021,4,9,21,50.71
2021-04-09 22:00:00,2021,4,9,22,52.46
2021-04-09 23:00:00,2021,4,9,23,51.43
2021-04-10 00:00:00,2021,4,10,0,48.06
2021-04-10 01:00:00,2021,4,10,1,47.36
2021-04-10 02:00:00,2021,4,10,2,44.69
2021-04-10 03:00:00,2021,4,10,3,44.08
2021-04-10 04:00:00,2021,4,10,4,43.36
2021-04-10 05:00:00,2021,4,10,5,42.62
2021-04-10 06:00:00,2021,4,10,6,45.03
2021-04-10 07:00:00,2021,4,10,7,46.39
2021-04-10 08:00:00,2021,4,10,8,50.17
2021-04-10 09:00:00,2021,4,10,9,51.9
2021-04-10 10:00:00,2021,4,10,10,49.6
2021-04-10 11:00:00,2021,4,10,11,46.94
2021-04-10 12:00:00,2021,4,10,12,43.72
2021-04-10 13:00:00,2021,4,10,13,40.91
2021-04-10 14:00:00,2021,4,10,14,38.75
2021-04-10 15:00:00,2021,4,10,15,36.69
2021-04-10 16:00:00,2021,4,10,16,37.48
2021-04-10 17:00:00,2021,4,10,17,37.68
2021-04-10 18:00:00,2021,4,10,18,38.48
2021-04-10 19:00:00,2021,4,10,19,40.85
2021-04-10 20:00:00,2021,4,10,20,44.48
2021-04-10 21:00:00,2021,4,10,21,49.53
2021-04-10 22:00:00,2021,4,10,22,50.5
2021-04-10 23:00:00,2021,4,10,23,49.26
2021-04-11 00:00:00,2021,4,11,0,48.81
2021-04-11 01:00:00,2021,4,11,1,48.5
2021-04-11 02:00:00,2021,4,11,2,45.66
2021-04-11 03:00:00,2021,4,11,3,46.14
2021-04-11 04:00:00,2021,4,11,4,44.86
2021-04-11 05:00:00,2021,4,11,5,44.26
2021-04-11 06:00:00,2021,4,11,6,44.78
2021-04-11 07:00:00,2021,4,11,7,46.85
2021-04-11 08:00:00,2021,4,11,8,50.09
2021-04-11 09:00:00,2021,4,11,9,52.45
2021-04-11 10:00:00,2021,4,11,10,51.12
2021-04-11 11:00:00,2021,4,11,11,50.21
2021-04-11 12:00:00,2021,4,11,12,43.31
2021-04-11 13:00:00,2021,4,11,13,39.82
2021-04-11 14:00:00,2021,4,11,14,36.44
2021-04-11 15:00:00,2021,4,11,15,35.88
2021-04-11 16:00:00,2021,4,11,16,35.82
2021-04-11 17:00:00,2021,4,11,17,34.1
2021-04-11 18:00:00,2021,4,11,18,33.31
2021-04-11 19:00:00,2021,4,11,19,37.39
2021-04-11 20:00:00,2021,4,11,20,42.63
2021-04-11 21:00:00,2021,4,11,21,47.2
2021-04-11 22:00:00,2021,4,11,22,48.95
2021-04-11 23:00:00,2021,4,11,23,52.46
2021-04-12 00:00:00,2021,4,12,0,52.47
2021-04-12 01:00:00,2021,4,12,1,52.64
2021-04-12 02:00:00,2021,4,12,2,51.6
2021-04-12 03:00:00,2021,4,12,3,47.88
2021-04-12 04:00:00,2021,4,12,4,43.95
2021-04-12 05:00:00,2021,4,12,5,40.6
2021-04-12 06:00:00,2021,4,12,6,41.04
2021-04-12 07:00:00,2021,4,12,7,44.62
2021-04-12 08:00:00,2021,4,12,8,48.54
2021-04-12 09:00:00,2021,4,12,9,55.3
2021-04-12 10:00:00,2021,4,12,10,50.38
2021-04-12 11:00:00,2021,4,12,11,45.39
2021-04-12 12:00:00,2021,4,12,12,42.61
2021-04-12 13:00:00,2021,4,12,13,41.28
2021-04-12 14:00:00,2021,4,12,14,39.46
2021-04-12 15:00:00,2021,4,12,15,38.08
2021-04-12 16:00:00,2021,4,12,16,37.25
2021-04-12 17:00:00,2021,4,12,17,35.72
2021-04-12 18:00:00,2021,4,12,18,38.23
2021-04-12 19:00:00,2021,4,12,19,41.65
2021-04-12 20:00:00,2021,4,12,20,48.77
2021-04-12 21:00:00,2021,4,12,21,54.96
2021-04-12 22:00:00,2021,4,12,22,58.33
2021-04-12 23:00:00,2021,4,12,23,57.96
2021-04-13 00:00:00,2021,4,13,0,58.1
2021-04-13 01:00:00,2021,4,13,1,58.19
2021-04-13 02:00:00,2021,4,13,2,58.21
2021-04-13 03:00:00,2021,4,13,3,32.57
2021-04-13 04:00:00,2021,4,13,4,32.37
2021-04-13 05:00:00,2021,4,13,5,31.76
2021-04-13 06:00:00,2021,4,13,6,32.27
2021-04-13 07:00:00,2021,4,13,7,27.04
2021-04-13 08:00:00,2021,4,13,8,29.73
2021-04-13 09:00:00,2021,4,13,9,33.32
2021-04-13 10:00:00,2021,4,13,10,31.77
2021-04-13 11:00:00,2021,4,13,11,33.1
2021-04-13 12:00:00,2021,4,13,12,32.33
2021-04-13 13:00:00,2021,4,13,13,30.39
2021-04-13 14:00:00,2021,4,13,14,30.51
2021-04-13 15:00:00,2021,4,13,15,30.39
2021-04-13 16:00:00,2021,4,13,16,31.66
2021-04-13 17:00:00,2021,4,13,17,34.09
2021-04-13 18:00:00,2021,4,13,18,36.47
2021-04-13 19:00:00,2021,4,13,19,38.71
2021-04-13 20:00:00,2021,4,13,20,38.93
2021-04-13 21:00:00,2021,4,13,21,38.92
2021-04-13 22:00:00,2021,4,13,22,38.92
2021-04-13 23:00:00,2021,4,13,23,38.92
2021-04-14 00:00:00,2021,4,14,0,38.92
2021-04-14 01:00:00,2021,4,14,1,38.92
2021-04-14 02:00:00,2021,4,14,2,38.92
2021-04-14 03:00:00,2021,4,14,3,38.92
2021-04-14 04:00:00,2021,4,14,4,38.92
2021-04-14 05:00:00,2021,4,14,5,38.92
2021-04-14 06:00:00,2021,4,14,6,38.92
2021-04-14 07:00:00,2021,4,14,7,38.92
2021-04-14 08:00:00,2021,4,14,8,38.92
2021-04-14 09:00:00,2021,4,14,9,38.92
2021-04-14 10:00:00,2021,4,14,10,38.91
2021-04-14 11:00:00,2021,4,14,11,38.91
2021-04-14 12:00:00,2021,4,14,12,38.91
2021-04-14 13:00:00,2021,4,14,13,38.95
2021-04-14 14:00:00,2021,4,14,14,38.88
2021-04-14 15:00:00,2021,4,14,15,30.56
2021-04-14 16:00:00,2021,4,14,16,30.51
2021-04-14 17:00:00,2021,4,14,17,29.97
2021-04-14 18:00:00,2021,4,14,18,29.97
2021-04-14 19:00:00,2021,4,14,19,29.8
2021-04-14 20:00:00,2021,4,14,20,31.2
2021-04-14 21:00:00,2021,4,14,21,31.91
2021-04-14 22:00:00,2021,4,14,22,32.23
2021-04-14 23:00:00,2021,4,14,23,30.49
2021-04-15 00:00:00,2021,4,15,0,31.11
2021-04-15 01:00:00,2021,4,15,1,33.03
2021-04-15 02:00:00,2021,4,15,2,33.67
2021-04-15 03:00:00,2021,4,15,3,29.71
2021-04-15 04:00:00,2021,4,15,4,29.56
2021-04-15 05:00:00,2021,4,15,5,29.15
2021-04-15 06:00:00,2021,4,15,6,29.92
2021-04-15 07:00:00,2021,4,15,7,31.07
2021-04-15 08:00:00,2021,4,15,8,25.91
2021-04-15 09:00:00,2021,4,15,9,32.42
2021-04-15 10:00:00,2021,4,15,10,29.06
2021-04-15 11:00:00,2021,4,15,11,30.35
2021-04-15 12:00:00,2021,4,15,12,30.43
2021-04-15 13:00:00,2021,4,15,13,30.94
2021-04-15 14:00:00,2021,4,15,14,30.37
2021-04-15 15:00:00,2021,4,15,15,32.8
2021-04-15 16:00:00,2021,4,15,16,35.93
2021-04-15 17:00:00,2021,4,15,17,40.0
2021-04-15 18:00:00,2021,4,15,18,35.67
2021-04-15 19:00:00,2021,4,15,19,37.91
2021-04-15 20:00:00,2021,4,15,20,41.82
2021-04-15 21:00:00,2021,4,15,21,45.94
2021-04-15 22:00:00,2021,4,15,22,50.54
2021-04-15 23:00:00,2021,4,15,23,50.07
2021-04-16 00:00:00,2021,4,16,0,47.7
2021-04-16 01:00:00,2021,4,16,1,48.99
2021-04-16 02:00:00,2021,4,16,2,48.85
2021-04-16 03:00:00,2021,4,16,3,45.88
2021-04-16 04:00:00,2021,4,16,4,40.65
2021-04-16 05:00:00,2021,4,16,5,40.89
2021-04-16 06:00:00,2021,4,16,6,42.53
2021-04-16 07:00:00,2021,4,16,7,44.41
2021-04-16 08:00:00,2021,4,16,8,46.49
2021-04-16 09:00:00,2021,4,16,9,46.58
2021-04-16 10:00:00,2021,4,16,10,47.71
2021-04-16 11:00:00,2021,4,16,11,47.81
2021-04-16 12:00:00,2021,4,16,12,42.26
2021-04-16 13:00:00,2021,4,16,13,40.03
2021-04-16 14:00:00,2021,4,16,14,39.63
2021-04-16 15:00:00,2021,4,16,15,38.37
2021-04-16 16:00:00,2021,4,16,16,38.05
2021-04-16 17:00:00,2021,4,16,17,39.26
2021-04-16 18:00:00,2021,4,16,18,37.78
2021-04-16 19:00:00,2021,4,16,19,41.41
2021-04-16 20:00:00,2021,4,16,20,44.18
2021-04-16 21:00:00,2021,4,16,21,47.05
2021-04-16 22:00:00,2021,4,16,22,47.37
2021-04-16 23:00:00,2021,4,16,23,43.57
2021-04-17 00:00:00,2021,4,17,0,41.83
2021-04-17 01:00:00,2021,4,17,1,43.45
2021-04-17 02:00:00,2021,4,17,2,41.54
2021-04-17 03:00:00,2021,4,17,3,42.46
2021-04-17 04:00:00,2021,4,17,4,39.58
2021-04-17 05:00:00,2021,4,17,5,35.91
2021-04-17 06:00:00,2021,4,17,6,36.76
2021-04-17 07:00:00,2021,4,17,7,37.45
2021-04-17 08:00:00,2021,4,17,8,36.98
2021-04-17 09:00:00,2021,4,17,9,37.01
2021-04-17 10:00:00,2021,4,17,10,36.37
2021-04-17 11:00:00,2021,4,17,11,38.23
2021-04-17 12:00:00,2021,4,17,12,38.67
2021-04-17 13:00:00,2021,4,17,13,40.06
2021-04-17 14:00:00,2021,4,17,14,35.62
2021-04-17 15:00:00,2021,4,17,15,35.96
2021-04-17 16:00:00,2021,4,17,16,34.55
2021-04-17 17:00:00,2021,4,17,17,30.49
2021-04-17 18:00:00,2021,4,17,18,32.38
2021-04-17 19:00:00,2021,4,17,19,32.68
2021-04-17 20:00:00,2021,4,17,20,36.67
2021-04-17 21:00:00,2021,4,17,21,39.61
2021-04-17 22:00:00,2021,4,17,22,43.71
2021-04-17 23:00:00,2021,4,17,23,47.23
2021-04-18 00:00:00,2021,4,18,0,43.74
2021-04-18 01:00:00,2021,4,18,1,43.17
2021-04-18 02:00:00,2021,4,18,2,40.84
2021-04-18 03:00:00,2021,4,18,3,37.3
2021-04-18 04:00:00,2021,4,18,4,37.18
2021-04-18 05:00:00,2021,4,18,5,35.78
2021-04-18 06:00:00,2021,4,18,6,38.46
2021-04-18 07:00:00,2021,4,18,7,40.63
2021-04-18 08:00:00,2021,4,18,8,46.24
2021-04-18 09:00:00,2021,4,18,9,44.87
2021-04-18 10:00:00,2021,4,18,10,45.17
2021-04-18 11:00:00,2021,4,18,11,41.18
2021-04-18 12:00:00,2021,4,18,12,38.67
2021-04-18 13:00:00,2021,4,18,13,38.9
2021-04-18 14:00:00,2021,4,18,14,34.97
2021-04-18 15:00:00,2021,4,18,15,34.19
2021-04-18 16:00:00,2021,4,18,16,33.04
2021-04-18 17:00:00,2021,4,18,17,32.74
2021-04-18 18:00:00,2021,4,18,18,30.56
2021-04-18 19:00:00,2021,4,18,19,32.09
2021-04-18 20:00:00,2021,4,18,20,33.6
2021-04-18 21:00:00,2021,4,18,21,37.68
2021-04-18 22:00:00,2021,4,18,22,41.41
2021-04-18 23:00:00,2021,4,18,23,43.58
2021-04-19 00:00:00,2021,4,19,0,46.12
2021-04-19 01:00:00,2021,4,19,1,45.99
2021-04-19 02:00:00,2021,4,19,2,44.32
2021-04-19 03:00:00,2021,4,19,3,45.3
2021-04-19 04:00:00,2021,4,19,4,43.7
2021-04-19 05:00:00,2021,4,19,5,40.59
2021-04-19 06:00:00,2021,4,19,6,41.23
2021-04-19 07:00:00,2021,4,19,7,43.9
2021-04-19 08:00:00,2021,4,19,8,48.92
2021-04-19 09:00:00,2021,4,19,9,48.72
2021-04-19 10:00:00,2021,4,19,10,43.92
2021-04-19 11:00:00,2021,4,19,11,40.51
2021-04-19 12:00:00,2021,4,19,12,37.32
2021-04-19 13:00:00,2021,4,19,13,33.56
2021-04-19 14:00:00,2021,4,19,14,33.92
2021-04-19 15:00:00,2021,4,19,15,34.51
2021-04-19 16:00:00,2021,4,19,16,35.43
2021-04-19 17:00:00,2021,4,19,17,33.96
2021-04-19 18:00:00,2021,4,19,18,34.36
2021-04-19 19:00:00,2021,4,19,19,36.7
2021-04-19 20:00:00,2021,4,19,20,47.49
2021-04-19 21:00:00,2021,4,19,21,45.34
2021-04-19 22:00:00,2021,4,19,22,44.33
2021-04-19 23:00:00,2021,4,19,23,43.17
2021-04-20 00:00:00,2021,4,20,0,42.19
2021-04-20 01:00:00,2021,4,20,1,40.42
2021-04-20 02:00:00,2021,4,20,2,42.04
2021-04-20 03:00:00,2021,4,20,3,44.9
2021-04-20 04:00:00,2021,4,20,4,47.32
2021-04-20 05:00:00,2021,4,20,5,46.96
2021-04-20 06:00:00,2021,4,20,6,44.62
2021-04-20 07:00:00,2021,4,20,7,43.08
2021-04-20 08:00:00,2021,4,20,8,40.62
2021-04-20 09:00:00,2021,4,20,9,37.87
2021-04-20 10:00:00,2021,4,20,10,36.05
2021-04-20 11:00:00,2021,4,20,11,35.43
2021-04-20 12:00:00,2021,4,20,12,35.08
2021-04-20 13:00:00,2021,4,20,13,36.29
2021-04-20 14:00:00,2021,4,20,14,40.03
2021-04-20 15:00:00,2021,4,20,15,44.51
2021-04-20 16:00:00,2021,4,20,16,44.85
2021-04-20 17:00:00,2021,4,20,17,46.47
2021-04-20 18:00:00,2021,4,20,18,46.93
2021-04-20 19:00:00,2021,4,20,19,41.17
2021-04-20 20:00:00,2021,4,20,20,42.07
2021-04-20 21:00:00,2021,4,20,21,41.44
2021-04-20 22:00:00,2021,4,20,22,39.86
2021-04-20 23:00:00,2021,4,20,23,36.2
2021-04-21 00:00:00,2021,4,21,0,34.9
2021-04-21 01:00:00,2021,4,21,1,36.1
2021-04-21 02:00:00,2021,4,21,2,37.87
2021-04-21 03:00:00,2021,4,21,3,40.95
2021-04-21 04:00:00,2021,4,21,4,43.8
2021-04-21 05:00:00,2021,4,21,5,41.75
2021-04-21 06:00:00,2021,4,21,6,35.88
2021-04-21 07:00:00,2021,4,21,7,37.65
2021-04-21 08:00:00,2021,4,21,8,39.3
2021-04-21 09:00:00,2021,4,21,9,43.1
2021-04-21 10:00:00,2021,4,21,10,45.59
2021-04-21 11:00:00,2021,4,21,11,42.13
2021-04-21 12:00:00,2021,4,21,12,40.26
2021-04-21 13:00:00,2021,4,21,13,37.27
2021-04-21 14:00:00,2021,4,21,14,34.28
2021-04-21 15:00:00,2021,4,21,15,33.86
2021-04-21 16:00:00,2021,4,21,16,33.71
2021-04-21 17:00:00,2021,4,21,17,33.65
2021-04-21 18:00:00,2021,4,21,18,34.24
2021-04-21 19:00:00,2021,4,21,19,35.19
2021-04-21 20:00:00,2021,4,21,20,38.23
2021-04-21 21:00:00,2021,4,21,21,40.68
2021-04-21 22:00:00,2021,4,21,22,42.33
2021-04-21 23:00:00,2021,4,21,23,40.73
2021-04-22 00:00:00,2021,4,22,0,41.65
2021-04-22 01:00:00,2021,4,22,1,41.3
2021-04-22 02:00:00,2021,4,22,2,37.58
2021-04-22 03:00:00,2021,4,22,3,36.68
2021-04-22 04:00:00,2021,4,22,4,35.13
2021-04-22 05:00:00,2021,4,22,5,35.53
2021-04-22 06:00:00,2021,4,22,6,34.78
2021-04-22 07:00:00,2021,4,22,7,35.26
2021-04-22 08:00:00,2021,4,22,8,35.36
2021-04-22 09:00:00,2021,4,22,9,34.23
2021-04-22 10:00:00,2021,4,22,10,32.73
2021-04-22 11:00:00,2021,4,22,11,32.6
2021-04-22 12:00:00,2021,4,22,12,32.73
2021-04-22 13:00:00,2021,4,22,13,32.92
2021-04-22 14:00:00,2021,4,22,14,32.31
2021-04-22 15:00:00,2021,4,22,15,35.9
2021-04-22 16:00:00,2021,4,22,16,40.07
2021-04-22 17:00:00,2021,4,22,17,41.64
2021-04-22 18:00:00,2021,4,22,18,43.74
2021-04-22 19:00:00,2021,4,22,19,39.71
2021-04-22 20:00:00,2021,4,22,20,41.17
2021-04-22 21:00:00,2021,4,22,21,40.14
2021-04-22 22:00:00,2021,4,22,22,38.15
2021-04-22 23:00:00,2021,4,22,23,37.38
2021-04-23 00:00:00,2021,4,23,0,35.57
2021-04-23 01:00:00,2021,4,23,1,37.48
2021-04-23 02:00:00,2021,4,23,2,35.95
2021-04-23 03:00:00,2021,4,23,3,36.39
2021-04-23 04:00:00,2021,4,23,4,39.45
2021-04-23 05:00:00,2021,4,23,5,38.4
2021-04-23 06:00:00,2021,4,23,6,38.98
2021-04-23 07:00:00,2021,4,23,7,36.39
2021-04-23 08:00:00,2021,4,23,8,36.48
2021-04-23 09:00:00,2021,4,23,9,34.69
2021-04-23 10:00:00,2021,4,23,10,31.2
2021-04-23 11:00:00,2021,4,23,11,29.63
2021-04-23 12:00:00,2021,4,23,12,30.12
2021-04-23 13:00:00,2021,4,23,13,30.26
2021-04-23 14:00:00,2021,4,23,14,33.41
2021-04-23 15:00:00,2021,4,23,15,33.98
2021-04-23 16:00:00,2021,4,23,16,37.99
2021-04-23 17:00:00,2021,4,23,17,41.04
2021-04-23 18:00:00,2021,4,23,18,43.27
2021-04-23 19:00:00,2021,4,23,19,43.34
2021-04-23 20:00:00,2021,4,23,20,41.68
2021-04-23 21:00:00,2021,4,23,21,40.88
2021-04-23 22:00:00,2021,4,23,22,37.51
2021-04-23 23:00:00,2021,4,23,23,36.63
2021-04-24 00:00:00,2021,4,24,0,38.97
2021-04-24 01:00:00,2021,4,24,1,39.55
2021-04-24 02:00:00,2021,4,24,2,40.74
2021-04-24 03:00:00,2021,4,24,3,43.45
2021-04-24 04:00:00,2021,4,24,4,44.44
2021-04-24 05:00:00,2021,4,24,5,44.13
2021-04-24 06:00:00,2021,4,24,6,39.1
2021-04-24 07:00:00,2021,4,24,7,34.95
2021-04-24 08:00:00,2021,4,24,8,34.54
2021-04-24 09:00:00,2021,4,24,9,32.42
2021-04-24 10:00:00,2021,4,24,10,31.27
2021-04-24 11:00:00,2021,4,24,11,29.58
2021-04-24 12:00:00,2021,4,24,12,29.59
2021-04-24 13:00:00,2021,4,24,13,30.29
2021-04-24 14:00:00,2021,4,24,14,31.23
2021-04-24 15:00:00,2021,4,24,15,33.74
2021-04-24 16:00:00,2021,4,24,16,37.07
2021-04-24 17:00:00,2021,4,24,17,39.12
2021-04-24 18:00:00,2021,4,24,18,42.95
2021-04-24 19:00:00,2021,4,24,19,44.77
2021-04-24 20:00:00,2021,4,24,20,45.2
2021-04-24 21:00:00,2021,4,24,21,42.87
2021-04-24 22:00:00,2021,4,24,22,44.02
2021-04-24 23:00:00,2021,4,24,23,43.77
2021-04-25 00:00:00,2021,4,25,0,43.13
2021-04-25 01:00:00,2021,4,25,1,43.42
2021-04-25 02:00:00,2021,4,25,2,45.7
2021-04-25 03:00:00,2021,4,25,3,48.56
2021-04-25 04:00:00,2021,4,25,4,47.89
2021-04-25 05:00:00,2021,4,25,5,48.13
2021-04-25 06:00:00,2021,4,25,6,46.05
2021-04-25 07:00:00,2021,4,25,7,38.97
2021-04-25 08:00:00,2021,4,25,8,38.95
2021-04-25 09:00:00,2021,4,25,9,34.09
2021-04-25 10:00:00,2021,4,25,10,33.31
2021-04-25 11:00:00,2021,4,25,11,32.66
2021-04-25 12:00:00,2021,4,25,12,30.65
2021-04-25 13:00:00,2021,4,25,13,32.64
2021-04-25 14:00:00,2021,4,25,14,34.02
2021-04-25 15:00:00,2021,4,25,15,36.54
2021-04-25 16:00:00,2021,4,25,16,41.88
2021-04-25 17:00:00,2021,4,25,17,46.13
2021-04-25 18:00:00,2021,4,25,18,49.39
2021-04-25 19:00:00,2021,4,25,19,51.37
2021-04-25 20:00:00,2021,4,25,20,51.56
2021-04-25 21:00:00,2021,4,25,21,54.91
2021-04-25 22:00:00,2021,4,25,22,54.91
2021-04-25 23:00:00,2021,4,25,23,55.16
2021-04-26 00:00:00,2021,4,26,0,54.14
2021-04-26 01:00:00,2021,4,26,1,50.49
2021-04-26 02:00:00,2021,4,26,2,52.68
2021-04-26 03:00:00,2021,4,26,3,55.65
2021-04-26 04:00:00,2021,4,26,4,56.16
2021-04-26 05:00:00,2021,4,26,5,53.31
2021-04-26 06:00:00,2021,4,26,6,50.65
2021-04-26 07:00:00,2021,4,26,7,43.76
2021-04-26 08:00:00,2021,4,26,8,38.48
2021-04-26 09:00:00,2021,4,26,9,35.76
2021-04-26 10:00:00,2021,4,26,10,35.79
2021-04-26 11:00:00,2021,4,26,11,33.55
2021-04-26 12:00:00,2021,4,26,12,33.94
2021-04-26 13:00:00,2021,4,26,13,34.17
2021-04-26 14:00:00,2021,4,26,14,36.6
2021-04-26 15:00:00,2021,4,26,15,41.4
2021-04-26 16:00:00,2021,4,26,16,47.01
2021-04-26 17:00:00,2021,4,26,17,51.99
2021-04-26 18:00:00,2021,4,26,18,56.4
2021-04-26 19:00:00,2021,4,26,19,57.51
2021-04-26 20:00:00,2021,4,26,20,56.65
2021-04-26 21:00:00,2021,4,26,21,54.39
2021-04-26 22:00:00,2021,4,26,22,53.05
2021-04-26 23:00:00,2021,4,26,23,54.05
2021-04-27 00:00:00,2021,4,27,0,51.42
2021-04-27 01:00:00,2021,4,27,1,52.32
2021-04-27 02:00:00,2021,4,27,2,54.73
2021-04-27 03:00:00,2021,4,27,3,62.66
2021-04-27 04:00:00,2021,4,27,4,63.28
2021-04-27 05:00:00,2021,4,27,5,59.77
2021-04-27 06:00:00,2021,4,27,6,55.04
2021-04-27 07:00:00,2021,4,27,7,46.86
2021-04-27 08:00:00,2021,4,27,8,42.56
2021-04-27 09:00:00,2021,4,27,9,40.25
2021-04-27 10:00:00,2021,4,27,10,37.97
2021-04-27 11:00:00,2021,4,27,11,40.76
2021-04-27 12:00:00,2021,4,27,12,36.54
2021-04-27 13:00:00,2021,4,27,13,37.21
2021-04-27 14:00:00,2021,4,27,14,39.16
2021-04-27 15:00:00,2021,4,27,15,42.63
2021-04-27 16:00:00,2021,4,27,16,53.91
2021-04-27 17:00:00,2021,4,27,17,52.18
2021-04-27 18:00:00,2021,4,27,18,57.91
2021-04-27 19:00:00,2021,4,27,19,64.04
2021-04-27 20:00:00,2021,4,27,20,64.61
2021-04-27 21:00:00,2021,4,27,21,62.52
2021-04-27 22:00:00,2021,4,27,22,54.57
2021-04-27 23:00:00,2021,4,27,23,50.31
2021-04-28 00:00:00,2021,4,28,0,50.68
2021-04-28 01:00:00,2021,4,28,1,52.76
2021-04-28 02:00:00,2021,4,28,2,56.22
2021-04-28 03:00:00,2021,4,28,3,57.24
2021-04-28 04:00:00,2021,4,28,4,60.07
2021-04-28 05:00:00,2021,4,28,5,57.59
2021-04-28 06:00:00,2021,4,28,6,55.75
2021-04-28 07:00:00,2021,4,28,7,49.2
2021-04-28 08:00:00,2021,4,28,8,46.81
2021-04-28 09:00:00,2021,4,28,9,46.82
2021-04-28 10:00:00,2021,4,28,10,44.26
2021-04-28 11:00:00,2021,4,28,11,37.51
2021-04-28 12:00:00,2021,4,28,12,36.59
2021-04-28 13:00:00,2021,4,28,13,39.0
2021-04-28 14:00:00,2021,4,28,14,38.41
2021-04-28 15:00:00,2021,4,28,15,44.14
2021-04-28 16:00:00,2021,4,28,16,50.29
2021-04-28 17:00:00,2021,4,28,17,54.33
2021-04-28 18:00:00,2021,4,28,18,57.27
2021-04-28 19:00:00,2021,4,28,19,56.74
2021-04-28 20:00:00,2021,4,28,20,57.04
2021-04-28 21:00:00,2021,4,28,21,54.73
2021-04-28 22:00:00,2021,4,28,22,50.78
2021-04-28 23:00:00,2021,4,28,23,51.32
2021-04-29 00:00:00,2021,4,29,0,50.26
2021-04-29 01:00:00,2021,4,29,1,48.01
2021-04-29 02:00:00,2021,4,29,2,51.81
2021-04-29 03:00:00,2021,4,29,3,53.45
2021-04-29 04:00:00,2021,4,29,4,58.44
2021-04-29 05:00:00,2021,4,29,5,57.84
2021-04-29 06:00:00,2021,4,29,6,54.7
2021-04-29 07:00:00,2021,4,29,7,47.94
2021-04-29 08:00:00,2021,4,29,8,45.51
2021-04-29 09:00:00,2021,4,29,9,41.83
2021-04-29 10:00:00,2021,4,29,10,39.47
2021-04-29 11:00:00,2021,4,29,11,39.3
2021-04-29 12:00:00,2021,4,29,12,38.02
2021-04-29 13:00:00,2021,4,29,13,37.09
2021-04-29 14:00:00,2021,4,29,14,41.22
2021-04-29 15:00:00,2021,4,29,15,43.48
2021-04-29 16:00:00,2021,4,29,16,47.47
2021-04-29 17:00:00,2021,4,29,17,49.9
2021-04-29 19:00:00,2021,4,29,19,50.52
2021-04-29 20:00:00,2021,4,29,20,45.59
2021-04-29 21:00:00,2021,4,29,21,41.97
2021-04-29 22:00:00,2021,4,29,22,40.99
2021-04-29 23:00:00,2021,4,29,23,39.38
2021-04-30 00:00:00,2021,4,30,0,40.29
2021-04-30 01:00:00,2021,4,30,1,43.74
2021-04-30 02:00:00,2021,4,30,2,43.65
2021-04-30 03:00:00,2021,4,30,3,48.08
2021-04-30 04:00:00,2021,4,30,4,53.53
2021-04-30 05:00:00,2021,4,30,5,51.34
2021-04-30 06:00:00,2021,4,30,6,50.22
2021-04-30 07:00:00,2021,4,30,7,45.97
2021-04-30 08:00:00,2021,4,30,8,43.68
2021-04-30 09:00:00,2021,4,30,9,40.68
2021-04-30 10:00:00,2021,4,30,10,38.74
2021-04-30 11:00:00,2021,4,30,11,38.86
2021-04-30 12:00:00,2021,4,30,12,38.05
2021-04-30 13:00:00,2021,4,30,13,38.86
2021-04-30 14:00:00,2021,4,30,14,39.13
2021-04-30 15:00:00,2021,4,30,15,42.84
2021-04-30 16:00:00,2021,4,30,16,47.97
2021-04-30 17:00:00,2021,4,30,17,44.84
2021-04-30 18:00:00,2021,4,30,18,45.78
2021-04-30 19:00:00,2021,4,30,19,45.86
2021-04-30 20:00:00,2021,4,30,20,47.7
2021-04-30 21:00:00,2021,4,30,21,45.67
2021-04-30 22:00:00,2021,4,30,22,45.33
2021-04-30 23:00:00,2021,4,30,23,43.78
2021-05-01 00:00:00,2021,5,1,0,41.19
2021-05-01 01:00:00,2021,5,1,1,41.17
2021-05-01 02:00:00,2021,5,1,2,42.37
2021-05-01 03:00:00,2021,5,1,3,44.85
2021-05-01 04:00:00,2021,5,1,4,46.38
2021-05-01 05:00:00,2021,5,1,5,43.1
2021-05-01 06:00:00,2021,5,1,6,42.63
2021-05-01 07:00:00,2021,5,1,7,45.87
2021-05-01 08:00:00,2021,5,1,8,47.97
2021-05-01 09:00:00,2021,5,1,9,41.8
2021-05-01 10:00:00,2021,5,1,10,37.44
2021-05-01 11:00:00,2021,5,1,11,36.92
2021-05-01 12:00:00,2021,5,1,12,37.61
2021-05-01 13:00:00,2021,5,1,13,38.22
2021-05-01 14:00:00,2021,5,1,14,40.6
2021-05-01 15:00:00,2021,5,1,15,42.23
2021-05-01 16:00:00,2021,5,1,16,46.33
2021-05-01 17:00:00,2021,5,1,17,47.03
2021-05-01 18:00:00,2021,5,1,18,45.17
2021-05-01 19:00:00,2021,5,1,19,43.6
2021-05-01 21:00:00,2021,5,1,21,37.16
2021-05-01 22:00:00,2021,5,1,22,36.47
2021-05-01 23:00:00,2021,5,1,23,38.03
2021-05-02 00:00:00,2021,5,2,0,35.29
2021-05-02 01:00:00,2021,5,2,1,36.05
2021-05-02 02:00:00,2021,5,2,2,35.88
2021-05-02 03:00:00,2021,5,2,3,35.75
2021-05-02 04:00:00,2021,5,2,4,38.02
2021-05-02 05:00:00,2021,5,2,5,39.67
2021-05-02 06:00:00,2021,5,2,6,41.0
2021-05-02 07:00:00,2021,5,2,7,41.32
2021-05-02 08:00:00,2021,5,2,8,41.33
2021-05-02 09:00:00,2021,5,2,9,35.63
2021-05-02 10:00:00,2021,5,2,10,34.61
2021-05-02 11:00:00,2021,5,2,11,32.6
2021-05-02 12:00:00,2021,5,2,12,32.63
2021-05-02 13:00:00,2021,5,2,13,32.99
2021-05-02 14:00:00,2021,5,2,14,33.22
2021-05-02 15:00:00,2021,5,2,15,36.87
2021-05-02 16:00:00,2021,5,2,16,37.83
2021-05-02 17:00:00,2021,5,2,17,42.0
2021-05-02 18:00:00,2021,5,2,18,41.14
2021-05-02 19:00:00,2021,5,2,19,40.35
2021-05-02 20:00:00,2021,5,2,20,39.01
2021-05-02 21:00:00,2021,5,2,21,36.79
2021-05-02 22:00:00,2021,5,2,22,37.9
2021-05-02 23:00:00,2021,5,2,23,38.57
2021-05-03 00:00:00,2021,5,3,0,36.23
2021-05-03 01:00:00,2021,5,3,1,36.98
2021-05-03 02:00:00,2021,5,3,2,36.12
2021-05-03 04:00:00,2021,5,3,4,42.02
2021-05-03 05:00:00,2021,5,3,5,39.98
2021-05-03 06:00:00,2021,5,3,6,37.15
2021-05-03 07:00:00,2021,5,3,7,35.2
2021-05-03 08:00:00,2021,5,3,8,36.06
2021-05-03 09:00:00,2021,5,3,9,33.4
2021-05-03 10:00:00,2021,5,3,10,31.47
2021-05-03 11:00:00,2021,5,3,11,30.4
2021-05-03 12:00:00,2021,5,3,12,29.89
2021-05-03 13:00:00,2021,5,3,13,29.84
2021-05-03 14:00:00,2021,5,3,14,31.86
2021-05-03 15:00:00,2021,5,3,15,32.36
2021-05-03 16:00:00,2021,5,3,16,34.98
2021-05-03 17:00:00,2021,5,3,17,35.28
2021-05-03 18:00:00,2021,5,3,18,35.06
2021-05-03 20:00:00,2021,5,3,20,34.85
2021-05-03 21:00:00,2021,5,3,21,32.44
2021-05-03 22:00:00,2021,5,3,22,32.46
2021-05-04 00:00:00,2021,5,4,0,31.55
2021-05-04 01:00:00,2021,5,4,1,33.06
2021-05-04 02:00:00,2021,5,4,2,31.11
2021-05-04 03:00:00,2021,5,4,3,33.98
2021-05-04 04:00:00,2021,5,4,4,35.53
2021-05-04 05:00:00,2021,5,4,5,34.99
2021-05-04 06:00:00,2021,5,4,6,33.74
2021-05-04 07:00:00,2021,5,4,7,32.09
2021-05-04 09:00:00,2021,5,4,9,30.22
2021-05-04 10:00:00,2021,5,4,10,29.73
2021-05-04 12:00:00,2021,5,4,12,30.32
2021-05-04 13:00:00,2021,5,4,13,29.02
2021-05-04 15:00:00,2021,5,4,15,33.67
2021-05-04 16:00:00,2021,5,4,16,35.72
2021-05-04 17:00:00,2021,5,4,17,42.53
2021-05-04 19:00:00,2021,5,4,19,38.09
2021-05-04 20:00:00,2021,5,4,20,34.19
2021-05-04 21:00:00,2021,5,4,21,32.03
2021-05-04 22:00:00,2021,5,4,22,32.44
2021-05-04 23:00:00,2021,5,4,23,30.74
2021-05-05 00:00:00,2021,5,5,0,29.22
2021-05-05 01:00:00,2021,5,5,1,30.8
2021-05-05 02:00:00,2021,5,5,2,30.93
2021-05-05 03:00:00,2021,5,5,3,31.64
2021-05-05 04:00:00,2021,5,5,4,34.14
2021-05-05 05:00:00,2021,5,5,5,32.55
2021-05-05 06:00:00,2021,5,5,6,32.34
2021-05-05 07:00:00,2021,5,5,7,31.33
2021-05-05 08:00:00,2021,5,5,8,30.75
2021-05-05 09:00:00,2021,5,5,9,30.11
2021-05-05 10:00:00,2021,5,5,10,28.76
2021-05-05 11:00:00,2021,5,5,11,27.21
2021-05-05 12:00:00,2021,5,5,12,27.01
2021-05-05 13:00:00,2021,5,5,13,27.82
2021-05-05 15:00:00,2021,5,5,15,28.95
2021-05-05 17:00:00,2021,5,5,17,32.39
2021-05-05 18:00:00,2021,5,5,18,35.66
2021-05-05 19:00:00,2021,5,5,19,35.1
2021-05-05 22:00:00,2021,5,5,22,33.42
2021-05-05 23:00:00,2021,5,5,23,35.07
2021-05-06 00:00:00,2021,5,6,0,33.76
2021-05-06 02:00:00,2021,5,6,2,33.21
2021-05-06 03:00:00,2021,5,6,3,34.79
2021-05-06 04:00:00,2021,5,6,4,33.5
2021-05-06 05:00:00,2021,5,6,5,34.28
2021-05-06 06:00:00,2021,5,6,6,35.34
2021-05-06 07:00:00,2021,5,6,7,34.57
2021-05-06 08:00:00,2021,5,6,8,32.04
2021-05-06 09:00:00,2021,5,6,9,31.13
2021-05-06 10:00:00,2021,5,6,10,30.86
2021-05-06 12:00:00,2021,5,6,12,27.86
2021-05-06 13:00:00,2021,5,6,13,29.66
2021-05-06 15:00:00,2021,5,6,15,33.12
2021-05-06 16:00:00,2021,5,6,16,34.51
2021-05-06 17:00:00,2021,5,6,17,35.14
2021-05-06 18:00:00,2021,5,6,18,34.87
2021-05-06 20:00:00,2021,5,6,20,31.87
2021-05-06 22:00:00,2021,5,6,22,27.47
2021-05-06 23:00:00,2021,5,6,23,26.3
2021-05-07 00:00:00,2021,5,7,0,27.24
2021-05-07 01:00:00,2021,5,7,1,26.73
2021-05-07 02:00:00,2021,5,7,2,27.74
2021-05-07 03:00:00,2021,5,7,3,29.21
2021-05-07 04:00:00,2021,5,7,4,30.07
2021-05-07 05:00:00,2021,5,7,5,29.66
2021-05-07 06:00:00,2021,5,7,6,33.54
2021-05-07 07:00:00,2021,5,7,7,32.35
2021-05-07 08:00:00,2021,5,7,8,31.3
2021-05-07 09:00:00,2021,5,7,9,31.21
2021-05-07 10:00:00,2021,5,7,10,27.5
2021-05-07 12:00:00,2021,5,7,12,25.21
2021-05-07 13:00:00,2021,5,7,13,25.36
2021-05-07 14:00:00,2021,5,7,14,27.21
2021-05-07 15:00:00,2021,5,7,15,28.98
2021-05-07 18:00:00,2021,5,7,18,33.49
2021-05-07 21:00:00,2021,5,7,21,30.77
2021-05-07 22:00:00,2021,5,7,22,31.32
2021-05-07 23:00:00,2021,5,7,23,28.71
2021-05-08 00:00:00,2021,5,8,0,28.59
2021-05-08 01:00:00,2021,5,8,1,29.99
2021-05-08 02:00:00,2021,5,8,2,32.28
2021-05-08 03:00:00,2021,5,8,3,32.75
2021-05-08 04:00:00,2021,5,8,4,34.32
2021-05-08 08:00:00,2021,5,8,8,29.31
2021-05-08 09:00:00,2021,5,8,9,26.64
2021-05-08 10:00:00,2021,5,8,10,26.86
2021-05-08 11:00:00,2021,5,8,11,26.44
2021-05-08 12:00:00,2021,5,8,12,26.13
2021-05-08 14:00:00,2021,5,8,14,32.31
2021-05-08 15:00:00,2021,5,8,15,31.78
2021-05-08 17:00:00,2021,5,8,17,36.04
2021-05-08 19:00:00,2021,5,8,19,34.57
2021-05-08 20:00:00,2021,5,8,20,32.79
2021-05-08 21:00:00,2021,5,8,21,32.19
2021-05-08 22:00:00,2021,5,8,22,30.23
2021-05-08 23:00:00,2021,5,8,23,29.42
2021-05-09 00:00:00,2021,5,9,0,30.21
2021-05-09 01:00:00,2021,5,9,1,30.26
2021-05-09 02:00:00,2021,5,9,2,33.33
2021-05-09 03:00:00,2021,5,9,3,35.16
2021-05-09 04:00:00,2021,5,9,4,34.13
2021-05-09 05:00:00,2021,5,9,5,32.49
2021-05-09 06:00:00,2021,5,9,6,32.36
2021-05-09 07:00:00,2021,5,9,7,31.56
2021-05-09 08:00:00,2021,5,9,8,29.65
2021-05-09 09:00:00,2021,5,9,9,29.6
2021-05-09 10:00:00,2021,5,9,10,27.1
2021-05-09 11:00:00,2021,5,9,11,27.17
2021-05-09 12:00:00,2021,5,9,12,27.57
2021-05-09 13:00:00,2021,5,9,13,27.77
2021-05-09 14:00:00,2021,5,9,14,30.42
2021-05-09 15:00:00,2021,5,9,15,32.95
2021-05-09 16:00:00,2021,5,9,16,32.83
2021-05-09 17:00:00,2021,5,9,17,33.23
2021-05-09 18:00:00,2021,5,9,18,32.07
2021-05-09 19:00:00,2021,5,9,19,31.53
2021-05-09 20:00:00,2021,5,9,20,28.84
2021-05-09 21:00:00,2021,5,9,21,26.59
2021-05-09 23:00:00,2021,5,9,23,25.84
2021-05-10 00:00:00,2021,5,10,0,24.39
2021-05-10 01:00:00,2021,5,10,1,25.53
2021-05-10 02:00:00,2021,5,10,2,26.15
2021-05-10 03:00:00,2021,5,10,3,27.79
2021-05-10 04:00:00,2021,5,10,4,27.7
2021-05-10 05:00:00,2021,5,10,5,27.29
2021-05-10 06:00:00,2021,5,10,6,28.71
2021-05-10 07:00:00,2021,5,10,7,28.44
2021-05-10 08:00:00,2021,5,10,8,27.53
2021-05-10 09:00:00,2021,5,10,9,27.49
2021-05-10 10:00:00,2021,5,10,10,25.6
2021-05-10 11:00:00,2021,5,10,11,24.85
2021-05-10 12:00:00,2021,5,10,12,25.06
2021-05-10 13:00:00,2021,5,10,13,26.42
2021-05-10 14:00:00,2021,5,10,14,26.92
2021-05-10 15:00:00,2021,5,10,15,29.26
2021-05-10 16:00:00,2021,5,10,16,30.78
2021-05-10 17:00:00,2021,5,10,17,30.91
2021-05-10 19:00:00,2021,5,10,19,30.37
2021-05-10 20:00:00,2021,5,10,20,29.43
2021-05-10 21:00:00,2021,5,10,21,27.73
2021-05-10 22:00:00,2021,5,10,22,28.02
2021-05-10 23:00:00,2021,5,10,23,28.1
2021-05-11 00:00:00,2021,5,11,0,26.64
2021-05-11 01:00:00,2021,5,11,1,27.54
2021-05-11 03:00:00,2021,5,11,3,27.66
2021-05-11 04:00:00,2021,5,11,4,26.97
2021-05-11 05:00:00,2021,5,11,5,26.64
2021-05-11 06:00:00,2021,5,11,6,27.01
2021-05-11 08:00:00,2021,5,11,8,25.86
2021-05-11 09:00:00,2021,5,11,9,26.51
2021-05-11 10:00:00,2021,5,11,10,25.45
2021-05-11 11:00:00,2021,5,11,11,25.39
2021-05-11 12:00:00,2021,5,11,12,24.8
2021-05-11 13:00:00,2021,5,11,13,25.19
2021-05-11 14:00:00,2021,5,11,14,25.28
2021-05-11 15:00:00,2021,5,11,15,29.86
2021-05-11 16:00:00,2021,5,11,16,30.59
2021-05-11 17:00:00,2021,5,11,17,30.45
2021-05-11 18:00:00,2021,5,11,18,28.51
2021-05-11 19:00:00,2021,5,11,19,28.58
2021-05-11 20:00:00,2021,5,11,20,27.18
2021-05-11 21:00:00,2021,5,11,21,26.57
2021-05-11 22:00:00,2021,5,11,22,23.86
2021-05-11 23:00:00,2021,5,11,23,23.76
2021-05-12 00:00:00,2021,5,12,0,24.87
2021-05-12 01:00:00,2021,5,12,1,25.35
2021-05-12 02:00:00,2021,5,12,2,25.73
2021-05-12 03:00:00,2021,5,12,3,27.32
2021-05-12 04:00:00,2021,5,12,4,27.39
2021-05-12 05:00:00,2021,5,12,5,27.03
2021-05-12 06:00:00,2021,5,12,6,26.8
2021-05-12 07:00:00,2021,5,12,7,27.08
2021-05-12 08:00:00,2021,5,12,8,26.2
2021-05-12 09:00:00,2021,5,12,9,26.06
2021-05-12 10:00:00,2021,5,12,10,25.41
2021-05-12 11:00:00,2021,5,12,11,25.15
2021-05-12 12:00:00,2021,5,12,12,25.02
2021-05-12 14:00:00,2021,5,12,14,24.17
2021-05-12 15:00:00,2021,5,12,15,27.08
2021-05-12 17:00:00,2021,5,12,17,30.31
2021-05-12 19:00:00,2021,5,12,19,28.01
2021-05-12 20:00:00,2021,5,12,20,26.05
2021-05-12 21:00:00,2021,5,12,21,25.8
2021-05-12 22:00:00,2021,5,12,22,23.52
2021-05-12 23:00:00,2021,5,12,23,23.34
2021-05-13 00:00:00,2021,5,13,0,21.56
2021-05-13 01:00:00,2021,5,13,1,21.44
2021-05-13 02:00:00,2021,5,13,2,23.31
2021-05-13 05:00:00,2021,5,13,5,24.21
2021-05-13 06:00:00,2021,5,13,6,24.1
2021-05-13 08:00:00,2021,5,13,8,22.58
2021-05-13 09:00:00,2021,5,13,9,21.84
2021-05-13 11:00:00,2021,5,13,11,22.69
2021-05-13 12:00:00,2021,5,13,12,23.84
2021-05-13 13:00:00,2021,5,13,13,22.72
2021-05-13 14:00:00,2021,5,13,14,24.87
2021-05-13 15:00:00,2021,5,13,15,26.62
2021-05-13 16:00:00,2021,5,13,16,27.91
2021-05-13 17:00:00,2021,5,13,17,28.93
2021-05-13 18:00:00,2021,5,13,18,29.61
2021-05-13 19:00:00,2021,5,13,19,29.8
2021-05-13 20:00:00,2021,5,13,20,29.23
2021-05-13 21:00:00,2021,5,13,21,29.11
2021-05-13 22:00:00,2021,5,13,22,27.73
2021-05-13 23:00:00,2021,5,13,23,26.75
2021-05-14 00:00:00,2021,5,14,0,26.27
2021-05-14 01:00:00,2021,5,14,1,26.0
2021-05-14 03:00:00,2021,5,14,3,32.86
2021-05-14 04:00:00,2021,5,14,4,31.16
2021-05-14 05:00:00,2021,5,14,5,31.02
2021-05-14 06:00:00,2021,5,14,6,30.38
2021-05-14 07:00:00,2021,5,14,7,29.29
2021-05-14 08:00:00,2021,5,14,8,27.53
2021-05-14 09:00:00,2021,5,14,9,26.64
2021-05-14 10:00:00,2021,5,14,10,24.95
2021-05-14 11:00:00,2021,5,14,11,25.14
2021-05-14 12:00:00,2021,5,14,12,24.89
2021-05-14 14:00:00,2021,5,14,14,27.14
2021-05-14 15:00:00,2021,5,14,15,29.3
2021-05-14 16:00:00,2021,5,14,16,29.95
2021-05-14 17:00:00,2021,5,14,17,31.55
2021-05-14 18:00:00,2021,5,14,18,31.02
2021-05-14 19:00:00,2021,5,14,19,30.88
2021-05-14 20:00:00,2021,5,14,20,30.31
2021-05-14 22:00:00,2021,5,14,22,26.87
2021-05-14 23:00:00,2021,5,14,23,25.52
2021-05-15 02:00:00,2021,5,15,2,26.48
2021-05-15 03:00:00,2021,5,15,3,29.9
2021-05-15 04:00:00,2021,5,15,4,29.34
2021-05-15 05:00:00,2021,5,15,5,30.43
2021-05-15 06:00:00,2021,5,15,6,30.7
2021-05-15 08:00:00,2021,5,15,8,27.74
2021-05-15 11:00:00,2021,5,15,11,24.61
2021-05-15 12:00:00,2021,5,15,12,23.71
2021-05-15 13:00:00,2021,5,15,13,24.93
2021-05-15 14:00:00,2021,5,15,14,27.48
2021-05-15 15:00:00,2021,5,15,15,25.86
2021-05-15 16:00:00,2021,5,15,16,27.65
2021-05-15 17:00:00,2021,5,15,17,30.42
2021-05-15 18:00:00,2021,5,15,18,30.63
2021-05-15 19:00:00,2021,5,15,19,29.39
2021-05-15 20:00:00,2021,5,15,20,28.01
2021-05-15 21:00:00,2021,5,15,21,27.61
2021-05-15 22:00:00,2021,5,15,22,27.98
2021-05-15 23:00:00,2021,5,15,23,27.56
2021-05-16 00:00:00,2021,5,16,0,24.02
2021-05-16 01:00:00,2021,5,16,1,26.95
2021-05-16 04:00:00,2021,5,16,4,31.48
2021-05-16 05:00:00,2021,5,16,5,32.12
2021-05-16 08:00:00,2021,5,16,8,25.37
2021-05-16 09:00:00,2021,5,16,9,25.25
2021-05-16 10:00:00,2021,5,16,10,24.18
2021-05-16 11:00:00,2021,5,16,11,24.35
2021-05-16 12:00:00,2021,5,16,12,23.57
2021-05-16 13:00:00,2021,5,16,13,23.89
2021-05-16 16:00:00,2021,5,16,16,29.2
2021-05-16 18:00:00,2021,5,16,18,27.75
2021-05-16 19:00:00,2021,5,16,19,27.48
2021-05-16 20:00:00,2021,5,16,20,27.21
2021-05-16 21:00:00,2021,5,16,21,25.38
2021-05-16 22:00:00,2021,5,16,22,25.43
2021-05-16 23:00:00,2021,5,16,23,23.9
2021-05-17 01:00:00,2021,5,17,1,25.34
2021-05-17 02:00:00,2021,5,17,2,25.98
2021-05-17 04:00:00,2021,5,17,4,28.3
2021-05-17 05:00:00,2021,5,17,5,28.13
2021-05-17 06:00:00,2021,5,17,6,28.99
2021-05-17 07:00:00,2021,5,17,7,27.12
2021-05-17 08:00:00,2021,5,17,8,26.32
2021-05-17 09:00:00,2021,5,17,9,25.49
2021-05-17 10:00:00,2021,5,17,10,25.05
2021-05-17 11:00:00,2021,5,17,11,23.7
2021-05-17 13:00:00,2021,5,17,13,24.75
2021-05-17 15:00:00,2021,5,17,15,26.2
2021-05-17 16:00:00,2021,5,17,16,26.8
2021-05-17 17:00:00,2021,5,17,17,27.28
2021-05-17 19:00:00,2021,5,17,19,26.39
2021-05-17 20:00:00,2021,5,17,20,27.6
2021-05-17 22:00:00,2021,5,17,22,20.48
2021-05-17 23:00:00,2021,5,17,23,19.65
2021-05-18 00:00:00,2021,5,18,0,20.74
2021-05-18 01:00:00,2021,5,18,1,21.22
2021-05-18 02:00:00,2021,5,18,2,22.05
2021-05-18 03:00:00,2021,5,18,3,22.62
2021-05-18 04:00:00,2021,5,18,4,24.55
2021-05-18 05:00:00,2021,5,18,5,22.85
2021-05-18 07:00:00,2021,5,18,7,22.14
2021-05-18 08:00:00,2021,5,18,8,22.76
2021-05-18 10:00:00,2021,5,18,10,21.75
2021-05-18 11:00:00,2021,5,18,11,21.0
2021-05-18 13:00:00,2021,5,18,13,21.12
2021-05-18 14:00:00,2021,5,18,14,19.98
2021-05-18 16:00:00,2021,5,18,16,23.51
2021-05-18 17:00:00,2021,5,18,17,23.09
2021-05-18 18:00:00,2021,5,18,18,23.65
2021-05-18 19:00:00,2021,5,18,19,21.83
2021-05-18 21:00:00,2021,5,18,21,22.23
2021-05-18 22:00:00,2021,5,18,22,21.93
2021-05-18 23:00:00,2021,5,18,23,19.76
2021-05-19 01:00:00,2021,5,19,1,20.27
2021-05-19 02:00:00,2021,5,19,2,21.19
2021-05-19 04:00:00,2021,5,19,4,22.35
2021-05-19 05:00:00,2021,5,19,5,20.62
2021-05-19 06:00:00,2021,5,19,6,21.45
2021-05-19 08:00:00,2021,5,19,8,22.78
2021-05-19 09:00:00,2021,5,19,9,21.12
2021-05-19 10:00:00,2021,5,19,10,20.84
2021-05-19 11:00:00,2021,5,19,11,20.98
2021-05-19 13:00:00,2021,5,19,13,19.55
2021-05-19 14:00:00,2021,5,19,14,19.83
2021-05-19 16:00:00,2021,5,19,16,19.98
2021-05-19 18:00:00,2021,5,19,18,19.93
2021-05-19 19:00:00,2021,5,19,19,19.45
2021-05-19 20:00:00,2021,5,19,20,19.39
2021-05-19 22:00:00,2021,5,19,22,17.09
2021-05-19 23:00:00,2021,5,19,23,16.71
2021-05-20 00:00:00,2021,5,20,0,15.34
2021-05-20 01:00:00,2021,5,20,1,16.58
2021-05-20 02:00:00,2021,5,20,2,18.87
2021-05-20 03:00:00,2021,5,20,3,19.58
2021-05-20 04:00:00,2021,5,20,4,19.9
2021-05-20 05:00:00,2021,5,20,5,19.42
2021-05-20 06:00:00,2021,5,20,6,18.44
2021-05-20 07:00:00,2021,5,20,7,18.61
2021-05-20 08:00:00,2021,5,20,8,18.54
2021-05-20 10:00:00,2021,5,20,10,20.32
2021-05-20 11:00:00,2021,5,20,11,19.89
2021-05-20 12:00:00,2021,5,20,12,19.38
2021-05-20 13:00:00,2021,5,20,13,19.81
2021-05-20 14:00:00,2021,5,20,14,21.26
2021-05-20 15:00:00,2021,5,20,15,22.49
2021-05-20 16:00:00,2021,5,20,16,24.5
2021-05-20 17:00:00,2021,5,20,17,27.01
2021-05-20 18:00:00,2021,5,20,18,27.14
2021-05-20 19:00:00,2021,5,20,19,28.65
2021-05-20 21:00:00,2021,5,20,21,28.25
2021-05-20 22:00:00,2021,5,20,22,25.8
2021-05-20 23:00:00,2021,5,20,23,25.52
2021-05-21 00:00:00,2021,5,21,0,22.58
2021-05-21 02:00:00,2021,5,21,2,23.63
2021-05-21 03:00:00,2021,5,21,3,23.98
2021-05-21 04:00:00,2021,5,21,4,25.41
2021-05-21 05:00:00,2021,5,21,5,24.17
2021-05-21 07:00:00,2021,5,21,7,24.99
2021-05-21 08:00:00,2021,5,21,8,23.99
2021-05-21 09:00:00,2021,5,21,9,24.15
2021-05-21 10:00:00,2021,5,21,10,24.41
2021-05-21 11:00:00,2021,5,21,11,23.7
2021-05-21 12:00:00,2021,5,21,12,23.75
2021-05-21 13:00:00,2021,5,21,13,23.66
2021-05-21 14:00:00,2021,5,21,14,23.97
2021-05-21 15:00:00,2021,5,21,15,23.94
2021-05-21 16:00:00,2021,5,21,16,28.84
2021-05-21 17:00:00,2021,5,21,17,30.58
2021-05-21 18:00:00,2021,5,21,18,29.54
2021-05-21 19:00:00,2021,5,21,19,28.79
2021-05-21 22:00:00,2021,5,21,22,27.49
2021-05-21 23:00:00,2021,5,21,23,27.49
2021-05-22 00:00:00,2021,5,22,0,25.41
2021-05-22 01:00:00,2021,5,22,1,26.26
2021-05-22 02:00:00,2021,5,22,2,26.66
2021-05-22 03:00:00,2021,5,22,3,30.37
2021-05-22 04:00:00,2021,5,22,4,27.58
2021-05-22 05:00:00,2021,5,22,5,29.16
2021-05-22 06:00:00,2021,5,22,6,26.78
2021-05-22 07:00:00,2021,5,22,7,26.19
2021-05-22 08:00:00,2021,5,22,8,25.8
2021-05-22 09:00:00,2021,5,22,9,25.17
2021-05-22 10:00:00,2021,5,22,10,25.4
2021-05-22 11:00:00,2021,5,22,11,25.19
2021-05-22 12:00:00,2021,5,22,12,25.56
2021-05-22 13:00:00,2021,5,22,13,24.27
2021-05-22 15:00:00,2021,5,22,15,27.33
2021-05-22 16:00:00,2021,5,22,16,31.4
2021-05-22 17:00:00,2021,5,22,17,34.21
2021-05-22 18:00:00,2021,5,22,18,35.24
2021-05-22 19:00:00,2021,5,22,19,37.68
2021-05-22 20:00:00,2021,5,22,20,39.41
2021-05-22 21:00:00,2021,5,22,21,37.65
2021-05-22 22:00:00,2021,5,22,22,38.17
2021-05-22 23:00:00,2021,5,22,23,38.29
2021-05-23 00:00:00,2021,5,23,0,36.36
2021-05-23 01:00:00,2021,5,23,1,36.17
2021-05-23 02:00:00,2021,5,23,2,43.77
2021-05-23 03:00:00,2021,5,23,3,43.82
2021-05-23 04:00:00,2021,5,23,4,48.73
2021-05-23 07:00:00,2021,5,23,7,37.89
2021-05-23 08:00:00,2021,5,23,8,37.17
2021-05-23 09:00:00,2021,5,23,9,36.62
2021-05-23 10:00:00,2021,5,23,10,34.77
2021-05-23 11:00:00,2021,5,23,11,32.61
2021-05-23 12:00:00,2021,5,23,12,31.61
2021-05-23 13:00:00,2021,5,23,13,33.38
2021-05-23 14:00:00,2021,5,23,14,32.92
2021-05-23 15:00:00,2021,5,23,15,34.57
2021-05-23 16:00:00,2021,5,23,16,34.3
2021-05-23 17:00:00,2021,5,23,17,39.58
2021-05-23 18:00:00,2021,5,23,18,38.57
2021-05-23 19:00:00,2021,5,23,19,37.21
2021-05-23 20:00:00,2021,5,23,20,36.5
2021-05-23 21:00:00,2021,5,23,21,35.72
2021-05-23 22:00:00,2021,5,23,22,36.69
2021-05-23 23:00:00,2021,5,23,23,35.46
2021-05-24 01:00:00,2021,5,24,1,35.31
2021-05-24 03:00:00,2021,5,24,3,38.56
2021-05-24 04:00:00,2021,5,24,4,36.9
2021-05-24 05:00:00,2021,5,24,5,32.84
2021-05-24 06:00:00,2021,5,24,6,32.59
2021-05-24 07:00:00,2021,5,24,7,33.2
2021-05-24 09:00:00,2021,5,24,9,32.43
2021-05-24 10:00:00,2021,5,24,10,30.65
2021-05-24 11:00:00,2021,5,24,11,28.77
2021-05-24 12:00:00,2021,5,24,12,28.6
2021-05-24 13:00:00,2021,5,24,13,30.4
2021-05-24 15:00:00,2021,5,24,15,31.1
2021-05-24 16:00:00,2021,5,24,16,36.11
2021-05-24 17:00:00,2021,5,24,17,37.59
2021-05-24 18:00:00,2021,5,24,18,38.51
2021-05-24 19:00:00,2021,5,24,19,37.78
2021-05-24 20:00:00,2021,5,24,20,36.84
2021-05-24 22:00:00,2021,5,24,22,37.57
2021-05-24 23:00:00,2021,5,24,23,35.94
2021-05-25 00:00:00,2021,5,25,0,33.76
2021-05-25 01:00:00,2021,5,25,1,32.18
2021-05-25 02:00:00,2021,5,25,2,32.74
2021-05-25 03:00:00,2021,5,25,3,33.81
2021-05-25 04:00:00,2021,5,25,4,34.4
2021-05-25 06:00:00,2021,5,25,6,32.89
2021-05-25 07:00:00,2021,5,25,7,32.92
2021-05-25 09:00:00,2021,5,25,9,29.23
2021-05-25 10:00:00,2021,5,25,10,27.97
2021-05-25 11:00:00,2021,5,25,11,25.76
2021-05-25 12:00:00,2021,5,25,12,25.8
2021-05-25 13:00:00,2021,5,25,13,27.08
2021-05-25 14:00:00,2021,5,25,14,29.78
2021-05-25 15:00:00,2021,5,25,15,29.76
2021-05-25 16:00:00,2021,5,25,16,33.1
2021-05-25 17:00:00,2021,5,25,17,34.02
2021-05-25 18:00:00,2021,5,25,18,34.29
2021-05-25 19:00:00,2021,5,25,19,34.93
2021-05-25 20:00:00,2021,5,25,20,33.37
2021-05-25 22:00:00,2021,5,25,22,30.19
2021-05-25 23:00:00,2021,5,25,23,30.79
2021-05-26 00:00:00,2021,5,26,0,27.85
2021-05-26 01:00:00,2021,5,26,1,27.88
2021-05-26 02:00:00,2021,5,26,2,29.44
2021-05-26 03:00:00,2021,5,26,3,30.22
2021-05-26 04:00:00,2021,5,26,4,29.09
2021-05-26 06:00:00,2021,5,26,6,29.7
2021-05-26 07:00:00,2021,5,26,7,28.57
2021-05-26 08:00:00,2021,5,26,8,27.64
2021-05-26 09:00:00,2021,5,26,9,26.11
2021-05-26 10:00:00,2021,5,26,10,25.91
2021-05-26 11:00:00,2021,5,26,11,25.13
2021-05-26 12:00:00,2021,5,26,12,23.53
2021-05-26 13:00:00,2021,5,26,13,25.12
2021-05-26 14:00:00,2021,5,26,14,27.57
2021-05-26 15:00:00,2021,5,26,15,27.39
2021-05-26 17:00:00,2021,5,26,17,33.85
2021-05-26 18:00:00,2021,5,26,18,33.56
2021-05-26 19:00:00,2021,5,26,19,33.26
2021-05-26 20:00:00,2021,5,26,20,30.82
2021-05-26 21:00:00,2021,5,26,21,29.28
2021-05-26 23:00:00,2021,5,26,23,28.04
2021-05-27 00:00:00,2021,5,27,0,28.34
2021-05-27 01:00:00,2021,5,27,1,27.74
2021-05-27 03:00:00,2021,5,27,3,30.12
2021-05-27 04:00:00,2021,5,27,4,30.71
2021-05-27 05:00:00,2021,5,27,5,28.4
2021-05-27 06:00:00,2021,5,27,6,30.08
2021-05-27 07:00:00,2021,5,27,7,29.04
2021-05-27 08:00:00,2021,5,27,8,28.96
2021-05-27 09:00:00,2021,5,27,9,27.96
2021-05-27 10:00:00,2021,5,27,10,26.1
2021-05-27 11:00:00,2021,5,27,11,24.42
2021-05-27 12:00:00,2021,5,27,12,25.17
2021-05-27 13:00:00,2021,5,27,13,26.43
2021-05-27 14:00:00,2021,5,27,14,28.0
2021-05-27 15:00:00,2021,5,27,15,28.26
2021-05-27 16:00:00,2021,5,27,16,29.1
2021-05-27 17:00:00,2021,5,27,17,29.76
2021-05-27 18:00:00,2021,5,27,18,30.5
2021-05-27 19:00:00,2021,5,27,19,26.75
2021-05-27 20:00:00,2021,5,27,20,25.51
2021-05-27 21:00:00,2021,5,27,21,25.41
2021-05-27 22:00:00,2021,5,27,22,25.03
2021-05-27 23:00:00,2021,5,27,23,24.27
2021-05-28 00:00:00,2021,5,28,0,24.31
2021-05-28 01:00:00,2021,5,28,1,24.36
2021-05-28 02:00:00,2021,5,28,2,24.45
2021-05-28 06:00:00,2021,5,28,6,25.08
2021-05-28 07:00:00,2021,5,28,7,26.46
2021-05-28 08:00:00,2021,5,28,8,24.44
2021-05-28 09:00:00,2021,5,28,9,24.51
2021-05-28 10:00:00,2021,5,28,10,24.61
2021-05-28 11:00:00,2021,5,28,11,24.09
2021-05-28 12:00:00,2021,5,28,12,24.03
2021-05-28 13:00:00,2021,5,28,13,23.76
2021-05-28 14:00:00,2021,5,28,14,25.5
2021-05-28 15:00:00,2021,5,28,15,26.7
2021-05-28 16:00:00,2021,5,28,16,28.76
2021-05-28 17:00:00,2021,5,28,17,29.89
2021-05-28 18:00:00,2021,5,28,18,29.05
2021-05-28 19:00:00,2021,5,28,19,28.93
2021-05-28 20:00:00,2021,5,28,20,25.04
2021-05-28 21:00:00,2021,5,28,21,24.24
2021-05-28 22:00:00,2021,5,28,22,23.85
2021-05-28 23:00:00,2021,5,28,23,21.62
2021-05-29 00:00:00,2021,5,29,0,22.42
2021-05-29 01:00:00,2021,5,29,1,22.65
2021-05-29 02:00:00,2021,5,29,2,22.4
2021-05-29 03:00:00,2021,5,29,3,23.1
2021-05-29 04:00:00,2021,5,29,4,23.54
2021-05-29 05:00:00,2021,5,29,5,25.44
2021-05-29 06:00:00,2021,5,29,6,24.16
2021-05-29 07:00:00,2021,5,29,7,24.32
2021-05-29 08:00:00,2021,5,29,8,24.58
2021-05-29 09:00:00,2021,5,29,9,24.97
2021-05-29 10:00:00,2021,5,29,10,23.69
2021-05-29 11:00:00,2021,5,29,11,23.65
2021-05-29 12:00:00,2021,5,29,12,25.69
2021-05-29 13:00:00,2021,5,29,13,25.5
2021-05-29 14:00:00,2021,5,29,14,26.44
2021-05-29 15:00:00,2021,5,29,15,28.12
2021-05-29 16:00:00,2021,5,29,16,29.4
2021-05-29 17:00:00,2021,5,29,17,28.48
2021-05-29 18:00:00,2021,5,29,18,27.78
2021-05-29 19:00:00,2021,5,29,19,27.88
2021-05-29 20:00:00,2021,5,29,20,26.95
2021-05-29 21:00:00,2021,5,29,21,26.3
2021-05-29 22:00:00,2021,5,29,22,25.24
2021-05-29 23:00:00,2021,5,29,23,24.61
2021-05-30 00:00:00,2021,5,30,0,23.87
2021-05-30 01:00:00,2021,5,30,1,24.38
2021-05-30 02:00:00,2021,5,30,2,26.28
2021-05-30 03:00:00,2021,5,30,3,26.21
2021-05-30 04:00:00,2021,5,30,4,27.31
2021-05-30 05:00:00,2021,5,30,5,28.49
2021-05-30 06:00:00,2021,5,30,6,28.62
2021-05-30 07:00:00,2021,5,30,7,28.19
2021-05-30 08:00:00,2021,5,30,8,26.07
2021-05-30 09:00:00,2021,5,30,9,26.04
2021-05-30 10:00:00,2021,5,30,10,26.08
2021-05-30 11:00:00,2021,5,30,11,25.77
2021-05-30 12:00:00,2021,5,30,12,25.82
2021-05-30 13:00:00,2021,5,30,13,25.39
2021-05-30 14:00:00,2021,5,30,14,27.37
2021-05-30 15:00:00,2021,5,30,15,28.95
2021-05-30 16:00:00,2021,5,30,16,31.05
2021-05-30 17:00:00,2021,5,30,17,32.75
2021-05-30 18:00:00,2021,5,30,18,33.16
2021-05-30 19:00:00,2021,5,30,19,31.95
2021-05-30 20:00:00,2021,5,30,20,32.21
2021-05-30 21:00:00,2021,5,30,21,32.02
2021-05-30 22:00:00,2021,5,30,22,28.66
2021-05-30 23:00:00,2021,5,30,23,31.29
2021-05-31 00:00:00,2021,5,31,0,28.91
2021-05-31 01:00:00,2021,5,31,1,28.42
2021-05-31 02:00:00,2021,5,31,2,29.93
2021-05-31 03:00:00,2021,5,31,3,31.3
2021-05-31 04:00:00,2021,5,31,4,31.72
2021-05-31 05:00:00,2021,5,31,5,29.76
2021-05-31 06:00:00,2021,5,31,6,29.35
2021-05-31 07:00:00,2021,5,31,7,30.18
2021-05-31 08:00:00,2021,5,31,8,30.71
2021-05-31 09:00:00,2021,5,31,9,29.45
2021-05-31 10:00:00,2021,5,31,10,29.48
2021-05-31 11:00:00,2021,5,31,11,28.36
2021-05-31 12:00:00,2021,5,31,12,29.49
2021-05-31 13:00:00,2021,5,31,13,29.28
2021-05-31 14:00:00,2021,5,31,14,30.23
2021-05-31 15:00:00,2021,5,31,15,31.15
2021-05-31 16:00:00,2021,5,31,16,30.66
2021-05-31 17:00:00,2021,5,31,17,32.78
2021-05-31 18:00:00,2021,5,31,18,33.46
2021-05-31 19:00:00,2021,5,31,19,32.35
2021-05-31 20:00:00,2021,5,31,20,32.34
2021-05-31 21:00:00,2021,5,31,21,31.04
2021-05-31 22:00:00,2021,5,31,22,30.46
2021-05-31 23:00:00,2021,5,31,23,29.46
2022-03-01 00:00:00,2022,3,1,0,42.97
2022-03-01 01:00:00,2022,3,1,1,45.25
2022-03-01 02:00:00,2022,3,1,2,43.81
2022-03-01 03:00:00,2022,3,1,3,49.25
2022-03-01 04:00:00,2022,3,1,4,54.81
2022-03-01 05:00:00,2022,3,1,5,52.98
2022-03-01 06:00:00,2022,3,1,6,48.82
2022-03-01 07:00:00,2022,3,1,7,44.5
2022-03-01 08:00:00,2022,3,1,8,40.99
2022-03-01 09:00:00,2022,3,1,9,36.11
2022-03-01 10:00:00,2022,3,1,10,33.13
2022-03-01 11:00:00,2022,3,1,11,32.91
2022-03-01 12:00:00,2022,3,1,12,30.99
2022-03-01 13:00:00,2022,3,1,13,30.97
2022-03-01 14:00:00,2022,3,1,14,32.62
2022-03-01 15:00:00,2022,3,1,15,39.77
2022-03-01 16:00:00,2022,3,1,16,45.92
2022-03-01 17:00:00,2022,3,1,17,53.86
2022-03-01 18:00:00,2022,3,1,18,55.3
2022-03-01 19:00:00,2022,3,1,19,55.0
2022-03-01 20:00:00,2022,3,1,20,55.38
2022-03-01 21:00:00,2022,3,1,21,52.34
2022-03-01 22:00:00,2022,3,1,22,51.23
2022-03-01 23:00:00,2022,3,1,23,50.25
2022-03-02 00:00:00,2022,3,2,0,47.49
2022-03-02 01:00:00,2022,3,2,1,45.17
2022-03-02 02:00:00,2022,3,2,2,46.0
2022-03-02 03:00:00,2022,3,2,3,51.94
2022-03-02 04:00:00,2022,3,2,4,59.77
2022-03-02 05:00:00,2022,3,2,5,62.32
2022-03-02 06:00:00,2022,3,2,6,56.76
2022-03-02 07:00:00,2022,3,2,7,49.27
2022-03-02 08:00:00,2022,3,2,8,41.5
2022-03-02 09:00:00,2022,3,2,9,37.53
2022-03-02 10:00:00,2022,3,2,10,34.16
2022-03-02 11:00:00,2022,3,2,11,33.96
2022-03-02 12:00:00,2022,3,2,12,33.88
2022-03-02 13:00:00,2022,3,2,13,33.9
2022-03-02 14:00:00,2022,3,2,14,35.87
2022-03-02 15:00:00,2022,3,2,15,42.06
2022-03-02 16:00:00,2022,3,2,16,48.97
2022-03-02 17:00:00,2022,3,2,17,50.68
2022-03-02 18:00:00,2022,3,2,18,52.57
2022-03-02 19:00:00,2022,3,2,19,52.63
2022-03-02 20:00:00,2022,3,2,20,52.59
2022-03-02 21:00:00,2022,3,2,21,50.61
2022-03-02 22:00:00,2022,3,2,22,47.71
2022-03-02 23:00:00,2022,3,2,23,46.16
2022-03-03 00:00:00,2022,3,3,0,45.85
2022-03-03 01:00:00,2022,3,3,1,45.12
2022-03-03 02:00:00,2022,3,3,2,45.84
2022-03-03 03:00:00,2022,3,3,3,51.51
2022-03-03 04:00:00,2022,3,3,4,54.17
2022-03-03 05:00:00,2022,3,3,5,54.95
2022-03-03 06:00:00,2022,3,3,6,51.67
2022-03-03 07:00:00,2022,3,3,7,45.49
2022-03-03 08:00:00,2022,3,3,8,41.68
2022-03-03 09:00:00,2022,3,3,9,38.25
2022-03-03 10:00:00,2022,3,3,10,35.81
2022-03-03 11:00:00,2022,3,3,11,33.85
2022-03-03 12:00:00,2022,3,3,12,33.97
2022-03-03 13:00:00,2022,3,3,13,33.23
2022-03-03 14:00:00,2022,3,3,14,36.25
2022-03-03 15:00:00,2022,3,3,15,42.99
2022-03-03 16:00:00,2022,3,3,16,54.52
2022-03-03 17:00:00,2022,3,3,17,54.09
2022-03-03 18:00:00,2022,3,3,18,56.41
2022-03-03 19:00:00,2022,3,3,19,55.23
2022-03-03 20:00:00,2022,3,3,20,53.03
2022-03-03 21:00:00,2022,3,3,21,50.95
2022-03-03 22:00:00,2022,3,3,22,49.35
2022-03-03 23:00:00,2022,3,3,23,48.02
2022-03-04 00:00:00,2022,3,4,0,47.16
2022-03-04 01:00:00,2022,3,4,1,47.48
2022-03-04 02:00:00,2022,3,4,2,48.63
2022-03-04 03:00:00,2022,3,4,3,52.48
2022-03-04 04:00:00,2022,3,4,4,56.44
2022-03-04 05:00:00,2022,3,4,5,55.02
2022-03-04 06:00:00,2022,3,4,6,52.99
2022-03-04 07:00:00,2022,3,4,7,47.4
2022-03-04 08:00:00,2022,3,4,8,41.29
2022-03-04 09:00:00,2022,3,4,9,36.83
2022-03-04 10:00:00,2022,3,4,10,35.6
2022-03-04 11:00:00,2022,3,4,11,33.06
2022-03-04 12:00:00,2022,3,4,12,33.93
2022-03-04 13:00:00,2022,3,4,13,33.57
2022-03-04 14:00:00,2022,3,4,14,36.96
2022-03-04 15:00:00,2022,3,4,15,43.72
2022-03-04 16:00:00,2022,3,4,16,46.54
2022-03-04 17:00:00,2022,3,4,17,50.61
2022-03-04 18:00:00,2022,3,4,18,50.51
2022-03-04 19:00:00,2022,3,4,19,47.34
2022-03-04 20:00:00,2022,3,4,20,47.18
2022-03-04 21:00:00,2022,3,4,21,45.4
2022-03-04 22:00:00,2022,3,4,22,43.09
2022-03-04 23:00:00,2022,3,4,23,42.94
2022-03-05 00:00:00,2022,3,5,0,43.36
2022-03-05 01:00:00,2022,3,5,1,41.54
2022-03-05 02:00:00,2022,3,5,2,41.97
2022-03-05 03:00:00,2022,3,5,3,46.26
2022-03-05 04:00:00,2022,3,5,4,54.3
2022-03-05 05:00:00,2022,3,5,5,52.31
2022-03-05 06:00:00,2022,3,5,6,50.4
2022-03-05 07:00:00,2022,3,5,7,45.23
2022-03-05 08:00:00,2022,3,5,8,38.96
2022-03-05 09:00:00,2022,3,5,9,36.58
2022-03-05 10:00:00,2022,3,5,10,34.1
2022-03-05 11:00:00,2022,3,5,11,31.23
2022-03-05 12:00:00,2022,3,5,12,32.16
2022-03-05 13:00:00,2022,3,5,13,31.92
2022-03-05 14:00:00,2022,3,5,14,36.12
2022-03-05 15:00:00,2022,3,5,15,42.19
2022-03-05 16:00:00,2022,3,5,16,51.11
2022-03-05 17:00:00,2022,3,5,17,52.03
2022-03-05 18:00:00,2022,3,5,18,54.4
2022-03-05 19:00:00,2022,3,5,19,55.58
2022-03-05 20:00:00,2022,3,5,20,52.07
2022-03-05 21:00:00,2022,3,5,21,53.39
2022-03-05 22:00:00,2022,3,5,22,51.13
2022-03-05 23:00:00,2022,3,5,23,50.35
2022-03-06 00:00:00,2022,3,6,0,48.49
2022-03-06 01:00:00,2022,3,6,1,50.71
2022-03-06 02:00:00,2022,3,6,2,50.78
2022-03-06 03:00:00,2022,3,6,3,53.32
2022-03-06 04:00:00,2022,3,6,4,57.71
2022-03-06 05:00:00,2022,3,6,5,59.33
2022-03-06 06:00:00,2022,3,6,6,52.04
2022-03-06 07:00:00,2022,3,6,7,45.29
2022-03-06 08:00:00,2022,3,6,8,41.74
2022-03-06 09:00:00,2022,3,6,9,39.72
2022-03-06 10:00:00,2022,3,6,10,35.93
2022-03-06 11:00:00,2022,3,6,11,34.11
2022-03-06 12:00:00,2022,3,6,12,34.55
2022-03-06 13:00:00,2022,3,6,13,33.81
2022-03-06 14:00:00,2022,3,6,14,37.76
2022-03-06 15:00:00,2022,3,6,15,45.91
2022-03-06 16:00:00,2022,3,6,16,55.04
2022-03-06 17:00:00,2022,3,6,17,60.18
2022-03-06 18:00:00,2022,3,6,18,58.37
2022-03-06 19:00:00,2022,3,6,19,59.4
2022-03-06 20:00:00,2022,3,6,20,58.68
2022-03-06 21:00:00,2022,3,6,21,55.73
2022-03-06 22:00:00,2022,3,6,22,55.2
2022-03-06 23:00:00,2022,3,6,23,53.88
2022-03-07 00:00:00,2022,3,7,0,53.46
2022-03-07 01:00:00,2022,3,7,1,52.23
2022-03-07 02:00:00,2022,3,7,2,53.06
2022-03-07 03:00:00,2022,3,7,3,57.25
2022-03-07 04:00:00,2022,3,7,4,67.0
2022-03-07 05:00:00,2022,3,7,5,66.93
2022-03-07 06:00:00,2022,3,7,6,60.6
2022-03-07 07:00:00,2022,3,7,7,52.65
2022-03-07 08:00:00,2022,3,7,8,47.3
2022-03-07 09:00:00,2022,3,7,9,42.37
2022-03-07 10:00:00,2022,3,7,10,39.46
2022-03-07 11:00:00,2022,3,7,11,38.47
2022-03-07 12:00:00,2022,3,7,12,38.15
2022-03-07 13:00:00,2022,3,7,13,37.17
2022-03-07 14:00:00,2022,3,7,14,41.26
2022-03-07 15:00:00,2022,3,7,15,50.15
2022-03-07 16:00:00,2022,3,7,16,55.38
2022-03-07 17:00:00,2022,3,7,17,62.45
2022-03-07 18:00:00,2022,3,7,18,63.32
2022-03-07 19:00:00,2022,3,7,19,60.86
2022-03-07 20:00:00,2022,3,7,20,58.53
2022-03-07 21:00:00,2022,3,7,21,59.14
2022-03-07 22:00:00,2022,3,7,22,56.96
2022-03-07 23:00:00,2022,3,7,23,57.22
2022-03-08 00:00:00,2022,3,8,0,53.95
2022-03-08 01:00:00,2022,3,8,1,55.27
2022-03-08 02:00:00,2022,3,8,2,54.05
2022-03-08 03:00:00,2022,3,8,3,58.31
2022-03-08 04:00:00,2022,3,8,4,67.21
2022-03-08 05:00:00,2022,3,8,5,69.31
2022-03-08 06:00:00,2022,3,8,6,61.93
2022-03-08 07:00:00,2022,3,8,7,53.99
2022-03-08 08:00:00,2022,3,8,8,47.21
2022-03-08 09:00:00,2022,3,8,9,43.89
2022-03-08 10:00:00,2022,3,8,10,41.87
2022-03-08 11:00:00,2022,3,8,11,39.03
2022-03-08 12:00:00,2022,3,8,12,36.83
2022-03-08 13:00:00,2022,3,8,13,37.88
2022-03-08 14:00:00,2022,3,8,14,43.33
2022-03-08 15:00:00,2022,3,8,15,51.97
2022-03-08 16:00:00,2022,3,8,16,58.05
2022-03-08 17:00:00,2022,3,8,17,59.48
2022-03-08 18:00:00,2022,3,8,18,59.11
2022-03-08 19:00:00,2022,3,8,19,57.7
2022-03-08 20:00:00,2022,3,8,20,57.73
2022-03-08 21:00:00,2022,3,8,21,53.79
2022-03-08 22:00:00,2022,3,8,22,53.77
2022-03-08 23:00:00,2022,3,8,23,51.97
2022-03-09 00:00:00,2022,3,9,0,49.68
2022-03-09 01:00:00,2022,3,9,1,48.49
2022-03-09 02:00:00,2022,3,9,2,50.26
2022-03-09 03:00:00,2022,3,9,3,55.23
2022-03-09 04:00:00,2022,3,9,4,60.47
2022-03-09 05:00:00,2022,3,9,5,61.83
2022-03-09 06:00:00,2022,3,9,6,54.22
2022-03-09 07:00:00,2022,3,9,7,49.3
2022-03-09 08:00:00,2022,3,9,8,46.25
2022-03-09 09:00:00,2022,3,9,9,43.04
2022-03-09 10:00:00,2022,3,9,10,38.92
2022-03-09 11:00:00,2022,3,9,11,38.39
2022-03-09 12:00:00,2022,3,9,12,38.36
2022-03-09 13:00:00,2022,3,9,13,39.29
2022-03-09 14:00:00,2022,3,9,14,41.18
2022-03-09 15:00:00,2022,3,9,15,46.42
2022-03-09 16:00:00,2022,3,9,16,51.77
2022-03-09 17:00:00,2022,3,9,17,53.9
2022-03-09 18:00:00,2022,3,9,18,57.37
2022-03-09 19:00:00,2022,3,9,19,56.78
2022-03-09 20:00:00,2022,3,9,20,56.01
2022-03-09 21:00:00,2022,3,9,21,54.83
2022-03-09 22:00:00,2022,3,9,22,53.8
2022-03-09 23:00:00,2022,3,9,23,55.33
2022-03-10 00:00:00,2022,3,10,0,51.89
2022-03-10 01:00:00,2022,3,10,1,50.85
2022-03-10 02:00:00,2022,3,10,2,52.14
2022-03-10 03:00:00,2022,3,10,3,55.2
2022-03-10 04:00:00,2022,3,10,4,61.09
2022-03-10 05:00:00,2022,3,10,5,58.44
2022-03-10 06:00:00,2022,3,10,6,54.78
2022-03-10 07:00:00,2022,3,10,7,49.9
2022-03-10 08:00:00,2022,3,10,8,45.51
2022-03-10 09:00:00,2022,3,10,9,44.15
2022-03-10 10:00:00,2022,3,10,10,43.47
2022-03-10 11:00:00,2022,3,10,11,40.68
2022-03-10 12:00:00,2022,3,10,12,39.38
2022-03-10 13:00:00,2022,3,10,13,38.67
2022-03-10 14:00:00,2022,3,10,14,41.32
2022-03-10 15:00:00,2022,3,10,15,50.63
2022-03-10 16:00:00,2022,3,10,16,57.56
2022-03-10 17:00:00,2022,3,10,17,64.09
2022-03-10 18:00:00,2022,3,10,18,63.56
2022-03-10 19:00:00,2022,3,10,19,63.62
2022-03-10 20:00:00,2022,3,10,20,65.94
2022-03-10 21:00:00,2022,3,10,21,62.64
2022-03-10 22:00:00,2022,3,10,22,58.89
2022-03-10 23:00:00,2022,3,10,23,57.82
2022-03-11 00:00:00,2022,3,11,0,53.77
2022-03-11 01:00:00,2022,3,11,1,53.25
2022-03-11 02:00:00,2022,3,11,2,54.99
2022-03-11 03:00:00,2022,3,11,3,60.49
2022-03-11 04:00:00,2022,3,11,4,60.75
2022-03-11 05:00:00,2022,3,11,5,62.58
2022-03-11 06:00:00,2022,3,11,6,60.96
2022-03-11 07:00:00,2022,3,11,7,51.97
2022-03-11 08:00:00,2022,3,11,8,46.58
2022-03-11 09:00:00,2022,3,11,9,44.22
2022-03-11 10:00:00,2022,3,11,10,42.18
2022-03-11 11:00:00,2022,3,11,11,41.14
2022-03-11 12:00:00,2022,3,11,12,40.77
2022-03-11 13:00:00,2022,3,11,13,40.33
2022-03-11 14:00:00,2022,3,11,14,40.95
2022-03-11 15:00:00,2022,3,11,15,48.53
2022-03-11 16:00:00,2022,3,11,16,52.75
2022-03-11 17:00:00,2022,3,11,17,56.72
2022-03-11 18:00:00,2022,3,11,18,57.94
2022-03-11 19:00:00,2022,3,11,19,59.97
2022-03-11 20:00:00,2022,3,11,20,57.86
2022-03-11 21:00:00,2022,3,11,21,55.6
2022-03-11 22:00:00,2022,3,11,22,56.51
2022-03-11 23:00:00,2022,3,11,23,53.16
2022-03-12 00:00:00,2022,3,12,0,52.15
2022-03-12 01:00:00,2022,3,12,1,50.19
2022-03-12 02:00:00,2022,3,12,2,51.93
2022-03-12 03:00:00,2022,3,12,3,55.85
2022-03-12 04:00:00,2022,3,12,4,61.53
2022-03-12 05:00:00,2022,3,12,5,63.34
2022-03-12 06:00:00,2022,3,12,6,57.43
2022-03-12 07:00:00,2022,3,12,7,52.26
2022-03-12 08:00:00,2022,3,12,8,46.34
2022-03-12 09:00:00,2022,3,12,9,42.84
2022-03-12 10:00:00,2022,3,12,10,40.51
2022-03-12 11:00:00,2022,3,12,11,39.35
2022-03-12 12:00:00,2022,3,12,12,36.68
2022-03-12 13:00:00,2022,3,12,13,36.63
2022-03-12 14:00:00,2022,3,12,14,39.22
2022-03-12 15:00:00,2022,3,12,15,46.98
2022-03-12 16:00:00,2022,3,12,16,56.77
2022-03-12 17:00:00,2022,3,12,17,66.74
2022-03-12 18:00:00,2022,3,12,18,66.31
2022-03-12 19:00:00,2022,3,12,19,64.65
2022-03-12 20:00:00,2022,3,12,20,66.05
2022-03-12 21:00:00,2022,3,12,21,64.18
2022-03-12 22:00:00,2022,3,12,22,63.57
2022-03-12 23:00:00,2022,3,12,23,63.02
2022-03-13 00:00:00,2022,3,13,0,61.21
2022-03-13 01:00:00,2022,3,13,1,62.15
2022-03-13 02:00:00,2022,3,13,2,61.37
2022-03-13 03:00:00,2022,3,13,3,67.51
2022-03-13 04:00:00,2022,3,13,4,69.85
2022-03-13 05:00:00,2022,3,13,5,66.44
2022-03-13 06:00:00,2022,3,13,6,60.37
2022-03-13 07:00:00,2022,3,13,7,56.29
2022-03-13 08:00:00,2022,3,13,8,49.83
2022-03-13 09:00:00,2022,3,13,9,44.83
2022-03-13 10:00:00,2022,3,13,10,41.62
2022-03-13 11:00:00,2022,3,13,11,40.78
2022-03-13 12:00:00,2022,3,13,12,39.16
2022-03-13 13:00:00,2022,3,13,13,39.52
2022-03-13 14:00:00,2022,3,13,14,41.49
2022-03-13 15:00:00,2022,3,13,15,53.02
2022-03-13 16:00:00,2022,3,13,16,66.47
2022-03-13 17:00:00,2022,3,13,17,68.23
2022-03-13 18:00:00,2022,3,13,18,67.54
2022-03-13 19:00:00,2022,3,13,19,68.95
2022-03-13 20:00:00,2022,3,13,20,67.75
2022-03-13 21:00:00,2022,3,13,21,69.1
2022-03-13 22:00:00,2022,3,13,22,66.48
2022-03-13 23:00:00,2022,3,13,23,66.07
2022-03-14 00:00:00,2022,3,14,0,63.9
2022-03-14 01:00:00,2022,3,14,1,64.86
2022-03-14 02:00:00,2022,3,14,2,67.68
2022-03-14 03:00:00,2022,3,14,3,74.93
2022-03-14 04:00:00,2022,3,14,4,78.59
2022-03-14 05:00:00,2022,3,14,5,80.49
2022-03-14 06:00:00,2022,3,14,6,71.53
2022-03-14 07:00:00,2022,3,14,7,61.43
2022-03-14 08:00:00,2022,3,14,8,54.12
2022-03-14 09:00:00,2022,3,14,9,45.86
2022-03-14 10:00:00,2022,3,14,10,44.29
2022-03-14 11:00:00,2022,3,14,11,40.98
2022-03-14 12:00:00,2022,3,14,12,40.17
2022-03-14 13:00:00,2022,3,14,13,40.79
2022-03-14 14:00:00,2022,3,14,14,43.32
2022-03-14 15:00:00,2022,3,14,15,52.55
2022-03-14 16:00:00,2022,3,14,16,64.22
2022-03-14 17:00:00,2022,3,14,17,71.05
2022-03-14 18:00:00,2022,3,14,18,74.16
2022-03-14 19:00:00,2022,3,14,19,73.67
2022-03-14 20:00:00,2022,3,14,20,71.35
2022-03-14 21:00:00,2022,3,14,21,73.03
2022-03-14 22:00:00,2022,3,14,22,70.24
2022-03-14 23:00:00,2022,3,14,23,66.14
2022-03-15 00:00:00,2022,3,15,0,64.25
2022-03-15 01:00:00,2022,3,15,1,63.76
2022-03-15 02:00:00,2022,3,15,2,64.3
2022-03-15 03:00:00,2022,3,15,3,67.63
2022-03-15 04:00:00,2022,3,15,4,76.31
2022-03-15 05:00:00,2022,3,15,5,84.56
2022-03-15 06:00:00,2022,3,15,6,75.88
2022-03-15 07:00:00,2022,3,15,7,66.29
2022-03-15 08:00:00,2022,3,15,8,54.05
2022-03-15 09:00:00,2022,3,15,9,47.82
2022-03-15 10:00:00,2022,3,15,10,46.97
2022-03-15 11:00:00,2022,3,15,11,44.57
2022-03-15 12:00:00,2022,3,15,12,43.05
2022-03-15 13:00:00,2022,3,15,13,41.04
2022-03-15 14:00:00,2022,3,15,14,44.06
2022-03-15 15:00:00,2022,3,15,15,54.48
2022-03-15 16:00:00,2022,3,15,16,59.92
2022-03-15 17:00:00,2022,3,15,17,64.33
2022-03-15 18:00:00,2022,3,15,18,66.14
2022-03-15 19:00:00,2022,3,15,19,64.93
2022-03-15 20:00:00,2022,3,15,20,68.78
2022-03-15 21:00:00,2022,3,15,21,67.07
2022-03-15 22:00:00,2022,3,15,22,65.14
2022-03-15 23:00:00,2022,3,15,23,64.0
2022-03-16 00:00:00,2022,3,16,0,59.29
2022-03-16 01:00:00,2022,3,16,1,56.56
2022-03-16 02:00:00,2022,3,16,2,62.27
2022-03-16 03:00:00,2022,3,16,3,63.09
2022-03-16 04:00:00,2022,3,16,4,66.39
2022-03-16 05:00:00,2022,3,16,5,71.37
2022-03-16 06:00:00,2022,3,16,6,64.28
2022-03-16 07:00:00,2022,3,16,7,56.48
2022-03-16 08:00:00,2022,3,16,8,52.64
2022-03-16 09:00:00,2022,3,16,9,46.94
2022-03-16 10:00:00,2022,3,16,10,45.5
2022-03-16 11:00:00,2022,3,16,11,44.48
2022-03-16 12:00:00,2022,3,16,12,43.36
2022-03-16 13:00:00,2022,3,16,13,40.22
2022-03-16 14:00:00,2022,3,16,14,41.41
2022-03-16 15:00:00,2022,3,16,15,46.57
2022-03-16 16:00:00,2022,3,16,16,53.57
2022-03-16 17:00:00,2022,3,16,17,59.85
2022-03-16 18:00:00,2022,3,16,18,60.41
2022-03-16 19:00:00,2022,3,16,19,60.92
2022-03-16 20:00:00,2022,3,16,20,62.56
2022-03-16 21:00:00,2022,3,16,21,62.27
2022-03-16 22:00:00,2022,3,16,22,64.89
2022-03-16 23:00:00,2022,3,16,23,60.87
2022-03-17 00:00:00,2022,3,17,0,60.35
2022-03-17 01:00:00,2022,3,17,1,57.47
2022-03-17 02:00:00,2022,3,17,2,58.86
2022-03-17 03:00:00,2022,3,17,3,59.16
2022-03-17 04:00:00,2022,3,17,4,61.76
2022-03-17 05:00:00,2022,3,17,5,68.65
2022-03-17 06:00:00,2022,3,17,6,67.04
2022-03-17 07:00:00,2022,3,17,7,60.48
2022-03-17 08:00:00,2022,3,17,8,56.44
2022-03-17 09:00:00,2022,3,17,9,49.91
2022-03-17 10:00:00,2022,3,17,10,46.79
2022-03-17 11:00:00,2022,3,17,11,44.76
2022-03-17 12:00:00,2022,3,17,12,44.53
2022-03-17 13:00:00,2022,3,17,13,44.75
2022-03-17 14:00:00,2022,3,17,14,45.73
2022-03-17 15:00:00,2022,3,17,15,62.09
2022-03-17 16:00:00,2022,3,17,16,59.14
2022-03-17 17:00:00,2022,3,17,17,62.84
2022-03-17 18:00:00,2022,3,17,18,70.43
2022-03-17 19:00:00,2022,3,17,19,75.63
2022-03-17 20:00:00,2022,3,17,20,75.9
2022-03-17 21:00:00,2022,3,17,21,78.32
2022-03-17 22:00:00,2022,3,17,22,74.78
2022-03-17 23:00:00,2022,3,17,23,76.45
2022-03-18 00:00:00,2022,3,18,0,73.9
2022-03-18 01:00:00,2022,3,18,1,73.23
2022-03-18 02:00:00,2022,3,18,2,73.85
2022-03-18 03:00:00,2022,3,18,3,73.6
2022-03-18 04:00:00,2022,3,18,4,75.32
2022-03-18 05:00:00,2022,3,18,5,75.48
2022-03-18 06:00:00,2022,3,18,6,72.87
2022-03-18 07:00:00,2022,3,18,7,64.09
2022-03-18 08:00:00,2022,3,18,8,62.52
2022-03-18 09:00:00,2022,3,18,9,53.83
2022-03-18 10:00:00,2022,3,18,10,53.12
2022-03-18 11:00:00,2022,3,18,11,47.45
2022-03-18 12:00:00,2022,3,18,12,47.06
2022-03-18 13:00:00,2022,3,18,13,45.8
2022-03-18 14:00:00,2022,3,18,14,45.94
2022-03-18 15:00:00,2022,3,18,15,55.25
2022-03-18 16:00:00,2022,3,18,16,55.68
2022-03-18 17:00:00,2022,3,18,17,58.66
2022-03-18 18:00:00,2022,3,18,18,61.06
2022-03-18 19:00:00,2022,3,18,19,59.06
2022-03-18 20:00:00,2022,3,18,20,57.65
2022-03-18 21:00:00,2022,3,18,21,58.18
2022-03-18 22:00:00,2022,3,18,22,58.21
2022-03-18 23:00:00,2022,3,18,23,54.4
2022-03-19 00:00:00,2022,3,19,0,51.49
2022-03-19 01:00:00,2022,3,19,1,53.19
2022-03-19 02:00:00,2022,3,19,2,58.15
2022-03-19 03:00:00,2022,3,19,3,57.38
2022-03-19 04:00:00,2022,3,19,4,55.78
2022-03-19 05:00:00,2022,3,19,5,60.76
2022-03-19 06:00:00,2022,3,19,6,59.45
2022-03-19 07:00:00,2022,3,19,7,56.68
2022-03-19 08:00:00,2022,3,19,8,58.32
2022-03-19 09:00:00,2022,3,19,9,52.02
2022-03-19 10:00:00,2022,3,19,10,52.34
2022-03-19 11:00:00,2022,3,19,11,45.78
2022-03-19 12:00:00,2022,3,19,12,42.13
2022-03-19 13:00:00,2022,3,19,13,41.16
2022-03-19 14:00:00,2022,3,19,14,44.41
2022-03-19 15:00:00,2022,3,19,15,48.51
2022-03-19 16:00:00,2022,3,19,16,46.97
2022-03-19 17:00:00,2022,3,19,17,49.78
2022-03-19 18:00:00,2022,3,19,18,54.44
2022-03-19 19:00:00,2022,3,19,19,56.71
2022-03-19 20:00:00,2022,3,19,20,57.4
2022-03-19 21:00:00,2022,3,19,21,52.9
2022-03-19 22:00:00,2022,3,19,22,52.3
2022-03-19 23:00:00,2022,3,19,23,50.87
2022-03-20 00:00:00,2022,3,20,0,50.8
2022-03-20 01:00:00,2022,3,20,1,52.08
2022-03-20 02:00:00,2022,3,20,2,55.62
2022-03-20 03:00:00,2022,3,20,3,53.32
2022-03-20 04:00:00,2022,3,20,4,51.91
2022-03-20 05:00:00,2022,3,20,5,55.57
2022-03-20 06:00:00,2022,3,20,6,55.28
2022-03-20 07:00:00,2022,3,20,7,54.81
2022-03-20 08:00:00,2022,3,20,8,51.9
2022-03-20 09:00:00,2022,3,20,9,49.98
2022-03-20 10:00:00,2022,3,20,10,52.04
2022-03-20 11:00:00,2022,3,20,11,42.98
2022-03-20 12:00:00,2022,3,20,12,42.29
2022-03-20 13:00:00,2022,3,20,13,42.34
2022-03-20 14:00:00,2022,3,20,14,44.2
2022-03-20 15:00:00,2022,3,20,15,49.05
2022-03-20 16:00:00,2022,3,20,16,48.86
2022-03-20 17:00:00,2022,3,20,17,48.37
2022-03-20 18:00:00,2022,3,20,18,53.29
2022-03-20 19:00:00,2022,3,20,19,51.63
2022-03-20 20:00:00,2022,3,20,20,51.88
2022-03-20 21:00:00,2022,3,20,21,52.76
2022-03-20 22:00:00,2022,3,20,22,51.52
2022-03-20 23:00:00,2022,3,20,23,52.97
2022-03-21 00:00:00,2022,3,21,0,56.65
2022-03-21 01:00:00,2022,3,21,1,51.52
2022-03-21 02:00:00,2022,3,21,2,51.15
2022-03-21 03:00:00,2022,3,21,3,56.92
2022-03-21 04:00:00,2022,3,21,4,61.06
2022-03-21 05:00:00,2022,3,21,5,61.87
2022-03-21 06:00:00,2022,3,21,6,66.19
2022-03-21 07:00:00,2022,3,21,7,59.53
2022-03-21 08:00:00,2022,3,21,8,58.72
2022-03-21 09:00:00,2022,3,21,9,49.63
2022-03-21 10:00:00,2022,3,21,10,47.19
2022-03-21 11:00:00,2022,3,21,11,47.49
2022-03-21 12:00:00,2022,3,21,12,45.55
2022-03-21 13:00:00,2022,3,21,13,40.52
2022-03-21 14:00:00,2022,3,21,14,45.59
2022-03-21 15:00:00,2022,3,21,15,49.66
2022-03-21 16:00:00,2022,3,21,16,55.85
2022-03-21 17:00:00,2022,3,21,17,57.56
2022-03-21 18:00:00,2022,3,21,18,58.0
2022-03-21 19:00:00,2022,3,21,19,58.63
2022-03-21 20:00:00,2022,3,21,20,58.79
2022-03-21 21:00:00,2022,3,21,21,57.12
2022-03-21 22:00:00,2022,3,21,22,55.81
2022-03-21 23:00:00,2022,3,21,23,53.31
2022-03-22 00:00:00,2022,3,22,0,50.77
2022-03-22 01:00:00,2022,3,22,1,50.73
2022-03-22 02:00:00,2022,3,22,2,51.53
2022-03-22 03:00:00,2022,3,22,3,52.8
2022-03-22 04:00:00,2022,3,22,4,52.25
2022-03-22 05:00:00,2022,3,22,5,52.21
2022-03-22 06:00:00,2022,3,22,6,54.44
2022-03-22 07:00:00,2022,3,22,7,52.63
2022-03-22 08:00:00,2022,3,22,8,47.95
2022-03-22 09:00:00,2022,3,22,9,47.39
2022-03-22 10:00:00,2022,3,22,10,46.11
2022-03-22 11:00:00,2022,3,22,11,43.84
2022-03-22 12:00:00,2022,3,22,12,43.26
2022-03-22 13:00:00,2022,3,22,13,43.76
2022-03-22 14:00:00,2022,3,22,14,44.21
2022-03-22 15:00:00,2022,3,22,15,47.92
2022-03-22 16:00:00,2022,3,22,16,53.39
2022-03-22 17:00:00,2022,3,22,17,55.59
2022-03-22 18:00:00,2022,3,22,18,56.35
2022-03-22 19:00:00,2022,3,22,19,54.99
2022-03-22 20:00:00,2022,3,22,20,57.37
2022-03-22 21:00:00,2022,3,22,21,56.89
2022-03-22 22:00:00,2022,3,22,22,57.17
2022-03-22 23:00:00,2022,3,22,23,55.63
2022-03-23 00:00:00,2022,3,23,0,52.74
2022-03-23 01:00:00,2022,3,23,1,55.09
2022-03-23 02:00:00,2022,3,23,2,56.93
2022-03-23 03:00:00,2022,3,23,3,62.94
2022-03-23 04:00:00,2022,3,23,4,66.01
2022-03-23 05:00:00,2022,3,23,5,68.73
2022-03-23 06:00:00,2022,3,23,6,63.49
2022-03-23 07:00:00,2022,3,23,7,63.82
2022-03-23 08:00:00,2022,3,23,8,57.41
2022-03-23 09:00:00,2022,3,23,9,53.44
2022-03-23 10:00:00,2022,3,23,10,48.93
2022-03-23 11:00:00,2022,3,23,11,50.0
2022-03-23 12:00:00,2022,3,23,12,48.53
2022-03-23 13:00:00,2022,3,23,13,47.12
2022-03-23 14:00:00,2022,3,23,14,48.39
2022-03-23 15:00:00,2022,3,23,15,51.79
2022-03-23 16:00:00,2022,3,23,16,61.29
2022-03-23 17:00:00,2022,3,23,17,58.3
2022-03-23 18:00:00,2022,3,23,18,68.37
2022-03-23 19:00:00,2022,3,23,19,67.88
2022-03-23 20:00:00,2022,3,23,20,64.87
2022-03-23 21:00:00,2022,3,23,21,63.07
2022-03-23 22:00:00,2022,3,23,22,62.39
2022-03-23 23:00:00,2022,3,23,23,60.94
2022-03-24 00:00:00,2022,3,24,0,62.66
2022-03-24 01:00:00,2022,3,24,1,61.59
2022-03-24 02:00:00,2022,3,24,2,61.24
2022-03-24 03:00:00,2022,3,24,3,65.24
2022-03-24 04:00:00,2022,3,24,4,68.4
2022-03-24 05:00:00,2022,3,24,5,69.27
2022-03-24 06:00:00,2022,3,24,6,61.43
2022-03-24 07:00:00,2022,3,24,7,57.46
2022-03-24 08:00:00,2022,3,24,8,52.51
2022-03-24 09:00:00,2022,3,24,9,47.75
2022-03-24 10:00:00,2022,3,24,10,45.4
2022-03-24 11:00:00,2022,3,24,11,44.74
2022-03-24 12:00:00,2022,3,24,12,45.26
2022-03-24 13:00:00,2022,3,24,13,45.75
2022-03-24 14:00:00,2022,3,24,14,46.94
2022-03-24 15:00:00,2022,3,24,15,51.5
2022-03-24 16:00:00,2022,3,24,16,53.78
2022-03-24 17:00:00,2022,3,24,17,54.15
2022-03-24 18:00:00,2022,3,24,18,58.8
2022-03-24 19:00:00,2022,3,24,19,55.96
2022-03-24 20:00:00,2022,3,24,20,58.85
2022-03-24 21:00:00,2022,3,24,21,54.55
2022-03-24 22:00:00,2022,3,24,22,55.24
2022-03-24 23:00:00,2022,3,24,23,51.33
2022-03-25 00:00:00,2022,3,25,0,50.55
2022-03-25 01:00:00,2022,3,25,1,52.45
2022-03-25 02:00:00,2022,3,25,2,50.68
2022-03-25 03:00:00,2022,3,25,3,54.11
2022-03-25 04:00:00,2022,3,25,4,59.74
2022-03-25 05:00:00,2022,3,25,5,59.96
2022-03-25 06:00:00,2022,3,25,6,54.32
2022-03-25 07:00:00,2022,3,25,7,51.36
2022-03-25 08:00:00,2022,3,25,8,45.95
2022-03-25 09:00:00,2022,3,25,9,44.38
2022-03-25 10:00:00,2022,3,25,10,43.02
2022-03-25 11:00:00,2022,3,25,11,42.63
2022-03-25 12:00:00,2022,3,25,12,42.85
2022-03-25 13:00:00,2022,3,25,13,42.65
2022-03-25 14:00:00,2022,3,25,14,43.49
2022-03-25 15:00:00,2022,3,25,15,46.76
2022-03-25 16:00:00,2022,3,25,16,48.5
2022-03-25 17:00:00,2022,3,25,17,53.01
2022-03-25 18:00:00,2022,3,25,18,54.32
2022-03-25 19:00:00,2022,3,25,19,53.7
2022-03-25 20:00:00,2022,3,25,20,52.5
2022-03-25 21:00:00,2022,3,25,21,49.26
2022-03-25 22:00:00,2022,3,25,22,49.89
2022-03-25 23:00:00,2022,3,25,23,45.75
2022-03-26 00:00:00,2022,3,26,0,43.52
2022-03-26 01:00:00,2022,3,26,1,44.21
2022-03-26 02:00:00,2022,3,26,2,44.95
2022-03-26 03:00:00,2022,3,26,3,49.74
2022-03-26 04:00:00,2022,3,26,4,52.43
2022-03-26 05:00:00,2022,3,26,5,53.93
2022-03-26 06:00:00,2022,3,26,6,52.15
2022-03-26 07:00:00,2022,3,26,7,49.41
2022-03-26 08:00:00,2022,3,26,8,47.71
2022-03-26 09:00:00,2022,3,26,9,44.07
2022-03-26 10:00:00,2022,3,26,10,44.59
2022-03-26 11:00:00,2022,3,26,11,43.82
2022-03-26 12:00:00,2022,3,26,12,41.31
2022-03-26 13:00:00,2022,3,26,13,40.74
2022-03-26 14:00:00,2022,3,26,14,42.75
2022-03-26 15:00:00,2022,3,26,15,44.44
2022-03-26 16:00:00,2022,3,26,16,48.82
2022-03-26 17:00:00,2022,3,26,17,52.98
2022-03-26 18:00:00,2022,3,26,18,54.95
2022-03-26 19:00:00,2022,3,26,19,54.15
2022-03-26 20:00:00,2022,3,26,20,55.12
2022-03-26 21:00:00,2022,3,26,21,52.35
2022-03-26 22:00:00,2022,3,26,22,50.09
2022-03-26 23:00:00,2022,3,26,23,50.56
2022-03-27 00:00:00,2022,3,27,0,49.17
2022-03-27 01:00:00,2022,3,27,1,48.29
2022-03-27 02:00:00,2022,3,27,2,48.13
2022-03-27 03:00:00,2022,3,27,3,50.34
2022-03-27 04:00:00,2022,3,27,4,51.48
2022-03-27 05:00:00,2022,3,27,5,51.87
2022-03-27 06:00:00,2022,3,27,6,53.54
2022-03-27 07:00:00,2022,3,27,7,52.2
2022-03-27 08:00:00,2022,3,27,8,50.56
2022-03-27 09:00:00,2022,3,27,9,46.26
2022-03-27 10:00:00,2022,3,27,10,42.45
2022-03-27 11:00:00,2022,3,27,11,37.79
2022-03-27 12:00:00,2022,3,27,12,37.56
2022-03-27 13:00:00,2022,3,27,13,37.17
2022-03-27 14:00:00,2022,3,27,14,38.03
2022-03-27 15:00:00,2022,3,27,15,45.68
2022-03-27 16:00:00,2022,3,27,16,53.05
2022-03-27 17:00:00,2022,3,27,17,55.64
2022-03-27 18:00:00,2022,3,27,18,61.49
2022-03-27 19:00:00,2022,3,27,19,60.74
2022-03-27 20:00:00,2022,3,27,20,61.58
2022-03-27 21:00:00,2022,3,27,21,61.39
2022-03-27 22:00:00,2022,3,27,22,65.27
2022-03-27 23:00:00,2022,3,27,23,64.23
2022-03-28 00:00:00,2022,3,28,0,64.33
2022-03-28 01:00:00,2022,3,28,1,56.64
2022-03-28 02:00:00,2022,3,28,2,57.5
2022-03-28 03:00:00,2022,3,28,3,58.23
2022-03-28 04:00:00,2022,3,28,4,59.7
2022-03-28 05:00:00,2022,3,28,5,63.81
2022-03-28 06:00:00,2022,3,28,6,62.8
2022-03-28 07:00:00,2022,3,28,7,56.55
2022-03-28 08:00:00,2022,3,28,8,56.77
2022-03-28 09:00:00,2022,3,28,9,56.26
2022-03-28 10:00:00,2022,3,28,10,46.49
2022-03-28 11:00:00,2022,3,28,11,41.68
2022-03-28 12:00:00,2022,3,28,12,37.86
2022-03-28 13:00:00,2022,3,28,13,38.36
2022-03-28 14:00:00,2022,3,28,14,42.2
2022-03-28 15:00:00,2022,3,28,15,48.71
2022-03-28 16:00:00,2022,3,28,16,53.91
2022-03-28 17:00:00,2022,3,28,17,60.9
2022-03-28 18:00:00,2022,3,28,18,64.14
2022-03-28 19:00:00,2022,3,28,19,64.47
2022-03-28 20:00:00,2022,3,28,20,61.67
2022-03-28 21:00:00,2022,3,28,21,57.7
2022-03-28 22:00:00,2022,3,28,22,57.47
2022-03-28 23:00:00,2022,3,28,23,57.95
2022-03-29 00:00:00,2022,3,29,0,59.1
2022-03-29 01:00:00,2022,3,29,1,57.96
2022-03-29 02:00:00,2022,3,29,2,56.79
2022-03-29 03:00:00,2022,3,29,3,59.6
2022-03-29 04:00:00,2022,3,29,4,64.26
2022-03-29 05:00:00,2022,3,29,5,65.42
2022-03-29 06:00:00,2022,3,29,6,62.13
2022-03-29 07:00:00,2022,3,29,7,55.41
2022-03-29 08:00:00,2022,3,29,8,53.66
2022-03-29 09:00:00,2022,3,29,9,51.96
2022-03-29 10:00:00,2022,3,29,10,43.25
2022-03-29 11:00:00,2022,3,29,11,39.27
2022-03-29 12:00:00,2022,3,29,12,38.47
2022-03-29 13:00:00,2022,3,29,13,39.71
2022-03-29 14:00:00,2022,3,29,14,42.23
2022-03-29 15:00:00,2022,3,29,15,48.97
2022-03-29 16:00:00,2022,3,29,16,53.18
2022-03-29 17:00:00,2022,3,29,17,58.85
2022-03-29 18:00:00,2022,3,29,18,60.28
2022-03-29 19:00:00,2022,3,29,19,59.29
2022-03-29 20:00:00,2022,3,29,20,56.84
2022-03-29 21:00:00,2022,3,29,21,55.39
2022-03-29 22:00:00,2022,3,29,22,56.03
2022-03-29 23:00:00,2022,3,29,23,55.19
2022-03-30 00:00:00,2022,3,30,0,53.72
2022-03-30 01:00:00,2022,3,30,1,53.24
2022-03-30 02:00:00,2022,3,30,2,52.11
2022-03-30 03:00:00,2022,3,30,3,54.91
2022-03-30 04:00:00,2022,3,30,4,61.12
2022-03-30 05:00:00,2022,3,30,5,68.51
2022-03-30 06:00:00,2022,3,30,6,65.9
2022-03-30 07:00:00,2022,3,30,7,58.08
2022-03-30 08:00:00,2022,3,30,8,58.04
2022-03-30 09:00:00,2022,3,30,9,47.84
2022-03-30 10:00:00,2022,3,30,10,45.95
2022-03-30 11:00:00,2022,3,30,11,39.96
2022-03-30 12:00:00,2022,3,30,12,39.45
2022-03-30 13:00:00,2022,3,30,13,40.39
2022-03-30 14:00:00,2022,3,30,14,41.31
2022-03-30 15:00:00,2022,3,30,15,48.38
2022-03-30 16:00:00,2022,3,30,16,55.33
2022-03-30 17:00:00,2022,3,30,17,60.96
2022-03-30 18:00:00,2022,3,30,18,63.2
2022-03-30 19:00:00,2022,3,30,19,61.01
2022-03-30 20:00:00,2022,3,30,20,60.42
2022-03-30 21:00:00,2022,3,30,21,55.28
2022-03-30 22:00:00,2022,3,30,22,55.83
2022-03-30 23:00:00,2022,3,30,23,54.27
2022-03-31 00:00:00,2022,3,31,0,52.73
2022-03-31 01:00:00,2022,3,31,1,53.48
2022-03-31 02:00:00,2022,3,31,2,54.84
2022-03-31 03:00:00,2022,3,31,3,56.77
2022-03-31 04:00:00,2022,3,31,4,59.39
2022-03-31 05:00:00,2022,3,31,5,63.66
2022-03-31 06:00:00,2022,3,31,6,59.42
2022-03-31 07:00:00,2022,3,31,7,57.53
2022-03-31 08:00:00,2022,3,31,8,49.38
2022-03-31 09:00:00,2022,3,31,9,50.82
2022-03-31 10:00:00,2022,3,31,10,45.23
2022-03-31 11:00:00,2022,3,31,11,45.26
2022-03-31 12:00:00,2022,3,31,12,44.99
2022-03-31 13:00:00,2022,3,31,13,46.5
2022-03-31 14:00:00,2022,3,31,14,68.6
2022-03-31 15:00:00,2022,3,31,15,67.65
2022-03-31 16:00:00,2022,3,31,16,67.23
2022-03-31 17:00:00,2022,3,31,17,68.31
2022-03-31 18:00:00,2022,3,31,18,68.48
2022-03-31 19:00:00,2022,3,31,19,67.91
2022-03-31 20:00:00,2022,3,31,20,67.73
2022-03-31 21:00:00,2022,3,31,21,67.82
2022-03-31 22:00:00,2022,3,31,22,67.81
2022-03-31 23:00:00,2022,3,31,23,67.84
2022-04-01 00:00:00,2022,4,1,0,68.01
2022-04-01 01:00:00,2022,4,1,1,68.12
2022-04-01 02:00:00,2022,4,1,2,68.38
2022-04-01 03:00:00,2022,4,1,3,68.84
2022-04-01 04:00:00,2022,4,1,4,69.24
2022-04-01 05:00:00,2022,4,1,5,68.62
2022-04-01 06:00:00,2022,4,1,6,67.92
2022-04-01 07:00:00,2022,4,1,7,69.13
2022-04-01 08:00:00,2022,4,1,8,68.93
2022-04-06 08:00:00,2022,4,6,8,34.69
2022-04-06 09:00:00,2022,4,6,9,31.35
2022-04-06 10:00:00,2022,4,6,10,30.37
2022-04-06 11:00:00,2022,4,6,11,27.65
2022-04-06 12:00:00,2022,4,6,12,25.87
2022-04-06 13:00:00,2022,4,6,13,28.44
2022-04-06 14:00:00,2022,4,6,14,30.2
2022-04-06 15:00:00,2022,4,6,15,36.45
2022-04-06 16:00:00,2022,4,6,16,42.2
2022-04-06 17:00:00,2022,4,6,17,42.57
2022-04-06 18:00:00,2022,4,6,18,45.8
2022-04-07 07:00:00,2022,4,7,7,38.42
2022-04-07 08:00:00,2022,4,7,8,39.78
2022-04-07 09:00:00,2022,4,7,9,34.5
2022-04-07 10:00:00,2022,4,7,10,33.28
2022-04-07 11:00:00,2022,4,7,11,30.81
2022-04-07 12:00:00,2022,4,7,12,29.06
2022-04-07 13:00:00,2022,4,7,13,28.82
2022-04-07 14:00:00,2022,4,7,14,34.21
2022-04-07 15:00:00,2022,4,7,15,38.83
2022-04-07 16:00:00,2022,4,7,16,41.48
2022-04-07 17:00:00,2022,4,7,17,45.23
2022-04-07 19:00:00,2022,4,7,19,45.64
2022-04-07 20:00:00,2022,4,7,20,47.26
2022-04-07 22:00:00,2022,4,7,22,48.01
2022-04-07 23:00:00,2022,4,7,23,45.81
2022-04-08 06:00:00,2022,4,8,6,47.84
2022-04-08 07:00:00,2022,4,8,7,40.94
2022-04-08 08:00:00,2022,4,8,8,34.89
2022-04-08 09:00:00,2022,4,8,9,31.25
2022-04-08 10:00:00,2022,4,8,10,31.14
2022-04-08 11:00:00,2022,4,8,11,31.16
2022-04-08 12:00:00,2022,4,8,12,27.12
2022-04-08 13:00:00,2022,4,8,13,28.53
2022-04-08 14:00:00,2022,4,8,14,29.32
2022-04-08 15:00:00,2022,4,8,15,31.95
2022-04-08 16:00:00,2022,4,8,16,35.56
2022-04-08 17:00:00,2022,4,8,17,38.13
2022-04-08 18:00:00,2022,4,8,18,39.05
2022-04-08 19:00:00,2022,4,8,19,40.65
2022-04-08 20:00:00,2022,4,8,20,43.31
2022-04-09 00:00:00,2022,4,9,0,47.66
2022-04-09 01:00:00,2022,4,9,1,51.26
2022-04-09 02:00:00,2022,4,9,2,50.97
2022-04-09 03:00:00,2022,4,9,3,52.25
2022-04-09 08:00:00,2022,4,9,8,35.79
2022-04-09 09:00:00,2022,4,9,9,31.66
2022-04-09 10:00:00,2022,4,9,10,29.58
2022-04-09 11:00:00,2022,4,9,11,28.1
2022-04-09 12:00:00,2022,4,9,12,27.44
2022-04-09 13:00:00,2022,4,9,13,27.65
2022-04-09 14:00:00,2022,4,9,14,30.14
2022-04-09 15:00:00,2022,4,9,15,33.19
2022-04-09 16:00:00,2022,4,9,16,38.99
2022-04-09 17:00:00,2022,4,9,17,44.32
2022-04-09 18:00:00,2022,4,9,18,49.62
2022-04-09 19:00:00,2022,4,9,19,50.96
2022-04-10 04:00:00,2022,4,10,4,55.91
2022-04-19 10:00:00,2022,4,19,10,38.18
2022-04-19 11:00:00,2022,4,19,11,38.89
2022-04-19 12:00:00,2022,4,19,12,38.47
2022-04-19 13:00:00,2022,4,19,13,38.77
2022-04-19 14:00:00,2022,4,19,14,41.91
2022-04-19 15:00:00,2022,4,19,15,45.32
2022-04-19 16:00:00,2022,4,19,16,50.96
2022-04-19 17:00:00,2022,4,19,17,51.76
2022-04-19 18:00:00,2022,4,19,18,52.1
2022-04-19 19:00:00,2022,4,19,19,48.05
2022-04-19 20:00:00,2022,4,19,20,49.41
2022-04-19 21:00:00,2022,4,19,21,44.77
2022-04-19 22:00:00,2022,4,19,22,42.29
2022-04-19 23:00:00,2022,4,19,23,40.85
2022-04-20 00:00:00,2022,4,20,0,40.15
2022-04-20 01:00:00,2022,4,20,1,39.84
2022-04-20 02:00:00,2022,4,20,2,42.72
2022-04-20 03:00:00,2022,4,20,3,43.54
2022-04-20 04:00:00,2022,4,20,4,45.27
2022-04-20 05:00:00,2022,4,20,5,43.57
2022-04-20 06:00:00,2022,4,20,6,45.32
2022-04-20 07:00:00,2022,4,20,7,44.03
2022-04-20 08:00:00,2022,4,20,8,43.35
2022-04-20 09:00:00,2022,4,20,9,40.93
2022-04-20 10:00:00,2022,4,20,10,39.03
2022-04-20 11:00:00,2022,4,20,11,38.91
2022-04-20 12:00:00,2022,4,20,12,38.4
2022-04-20 13:00:00,2022,4,20,13,38.53
2022-04-20 14:00:00,2022,4,20,14,42.1
2022-04-20 15:00:00,2022,4,20,15,43.98
2022-04-20 16:00:00,2022,4,20,16,49.92
2022-04-20 17:00:00,2022,4,20,17,51.46
2022-04-20 18:00:00,2022,4,20,18,51.16
2022-04-20 19:00:00,2022,4,20,19,50.93
2022-04-20 20:00:00,2022,4,20,20,49.73
2022-04-20 21:00:00,2022,4,20,21,47.74
2022-04-20 22:00:00,2022,4,20,22,47.77
2022-04-20 23:00:00,2022,4,20,23,44.75
2022-04-21 00:00:00,2022,4,21,0,44.15
2022-04-21 01:00:00,2022,4,21,1,44.01
2022-04-21 02:00:00,2022,4,21,2,44.94
2022-04-21 03:00:00,2022,4,21,3,50.38
2022-04-21 04:00:00,2022,4,21,4,50.31
2022-04-21 05:00:00,2022,4,21,5,52.0
2022-04-21 06:00:00,2022,4,21,6,51.11
2022-04-21 07:00:00,2022,4,21,7,48.55
2022-04-21 08:00:00,2022,4,21,8,46.2
2022-04-21 09:00:00,2022,4,21,9,47.66
2022-04-21 10:00:00,2022,4,21,10,43.46
2022-04-21 11:00:00,2022,4,21,11,41.52
2022-04-21 12:00:00,2022,4,21,12,38.96
2022-04-21 13:00:00,2022,4,21,13,39.86
2022-04-21 14:00:00,2022,4,21,14,42.18
2022-04-21 15:00:00,2022,4,21,15,44.52
2022-04-21 16:00:00,2022,4,21,16,48.1
2022-04-21 17:00:00,2022,4,21,17,48.58
2022-04-21 18:00:00,2022,4,21,18,48.71
2022-04-21 19:00:00,2022,4,21,19,47.27
2022-04-21 20:00:00,2022,4,21,20,46.29
2022-04-21 21:00:00,2022,4,21,21,41.8
2022-04-21 22:00:00,2022,4,21,22,39.88
2022-04-21 23:00:00,2022,4,21,23,37.97
2022-04-22 00:00:00,2022,4,22,0,38.3
2022-04-22 01:00:00,2022,4,22,1,38.58
2022-04-22 02:00:00,2022,4,22,2,38.61
2022-04-22 03:00:00,2022,4,22,3,41.68
2022-04-22 04:00:00,2022,4,22,4,43.8
2022-04-22 05:00:00,2022,4,22,5,44.62
2022-04-22 06:00:00,2022,4,22,6,42.19
2022-04-22 07:00:00,2022,4,22,7,42.06
2022-04-22 08:00:00,2022,4,22,8,38.75
2022-04-22 09:00:00,2022,4,22,9,37.65
2022-04-22 10:00:00,2022,4,22,10,37.8
2022-04-22 11:00:00,2022,4,22,11,36.43
2022-04-22 12:00:00,2022,4,22,12,36.29
2022-04-22 13:00:00,2022,4,22,13,37.38
2022-04-22 14:00:00,2022,4,22,14,37.53
2022-04-22 15:00:00,2022,4,22,15,40.44
2022-04-22 16:00:00,2022,4,22,16,44.28
2022-04-22 17:00:00,2022,4,22,17,47.49
2022-04-22 18:00:00,2022,4,22,18,47.05
2022-04-22 19:00:00,2022,4,22,19,46.17
2022-04-22 20:00:00,2022,4,22,20,46.33
2022-04-22 21:00:00,2022,4,22,21,47.62
2022-04-22 22:00:00,2022,4,22,22,44.22
2022-04-22 23:00:00,2022,4,22,23,43.07
2022-04-23 00:00:00,2022,4,23,0,42.7
2022-04-23 01:00:00,2022,4,23,1,41.13
2022-04-23 02:00:00,2022,4,23,2,44.77
2022-04-23 03:00:00,2022,4,23,3,48.64
2022-04-23 04:00:00,2022,4,23,4,54.34
2022-04-23 05:00:00,2022,4,23,5,50.69
2022-04-23 06:00:00,2022,4,23,6,46.68
2022-04-23 07:00:00,2022,4,23,7,43.5
2022-04-23 08:00:00,2022,4,23,8,39.11
2022-04-23 09:00:00,2022,4,23,9,36.5
2022-04-23 10:00:00,2022,4,23,10,36.61
2022-04-23 11:00:00,2022,4,23,11,37.05
2022-04-23 12:00:00,2022,4,23,12,36.6
2022-04-23 13:00:00,2022,4,23,13,35.7
2022-04-23 14:00:00,2022,4,23,14,37.43
2022-04-23 15:00:00,2022,4,23,15,39.77
2022-04-23 16:00:00,2022,4,23,16,45.33
2022-04-23 17:00:00,2022,4,23,17,49.01
2022-04-23 18:00:00,2022,4,23,18,51.1
2022-04-23 19:00:00,2022,4,23,19,51.7
2022-04-23 20:00:00,2022,4,23,20,50.88
2022-04-23 21:00:00,2022,4,23,21,48.6
2022-04-23 22:00:00,2022,4,23,22,47.64
2022-04-23 23:00:00,2022,4,23,23,45.58
2022-04-24 00:00:00,2022,4,24,0,42.95
2022-04-24 01:00:00,2022,4,24,1,42.69
2022-04-24 02:00:00,2022,4,24,2,46.29
2022-04-24 03:00:00,2022,4,24,3,49.95
2022-04-24 04:00:00,2022,4,24,4,51.93
2022-04-24 05:00:00,2022,4,24,5,48.01
2022-04-24 06:00:00,2022,4,24,6,43.47
2022-04-24 07:00:00,2022,4,24,7,41.81
2022-04-24 08:00:00,2022,4,24,8,36.89
2022-04-24 09:00:00,2022,4,24,9,36.14
2022-04-24 10:00:00,2022,4,24,10,34.67
2022-04-24 11:00:00,2022,4,24,11,34.6
2022-04-24 12:00:00,2022,4,24,12,33.47
2022-04-24 13:00:00,2022,4,24,13,33.58
2022-04-24 14:00:00,2022,4,24,14,36.61
2022-04-24 15:00:00,2022,4,24,15,41.7
2022-04-24 16:00:00,2022,4,24,16,48.62
2022-04-24 17:00:00,2022,4,24,17,54.12
2022-04-24 18:00:00,2022,4,24,18,54.33
2022-04-24 19:00:00,2022,4,24,19,52.26
2022-04-24 20:00:00,2022,4,24,20,53.01
2022-04-24 21:00:00,2022,4,24,21,52.67
2022-04-24 22:00:00,2022,4,24,22,51.89
2022-04-24 23:00:00,2022,4,24,23,50.29
2022-04-25 00:00:00,2022,4,25,0,48.96
2022-04-25 01:00:00,2022,4,25,1,45.72
2022-04-25 02:00:00,2022,4,25,2,45.6
2022-04-25 03:00:00,2022,4,25,3,47.79
2022-04-25 04:00:00,2022,4,25,4,52.78
2022-04-25 05:00:00,2022,4,25,5,50.91
2022-04-25 06:00:00,2022,4,25,6,47.75
2022-04-25 07:00:00,2022,4,25,7,42.91
2022-04-25 08:00:00,2022,4,25,8,41.0
2022-04-25 09:00:00,2022,4,25,9,41.44
2022-04-25 10:00:00,2022,4,25,10,40.24
2022-04-25 11:00:00,2022,4,25,11,38.55
2022-04-25 12:00:00,2022,4,25,12,39.58
2022-04-25 13:00:00,2022,4,25,13,42.74
2022-04-25 14:00:00,2022,4,25,14,41.43
2022-04-25 15:00:00,2022,4,25,15,42.43
2022-04-25 16:00:00,2022,4,25,16,46.12
2022-04-25 17:00:00,2022,4,25,17,49.34
2022-04-25 18:00:00,2022,4,25,18,53.83
2022-04-25 19:00:00,2022,4,25,19,55.16
2022-04-25 20:00:00,2022,4,25,20,53.15
2022-04-25 21:00:00,2022,4,25,21,51.19
2022-04-25 22:00:00,2022,4,25,22,52.03
2022-04-25 23:00:00,2022,4,25,23,45.25
2022-04-26 00:00:00,2022,4,26,0,42.89
2022-04-26 01:00:00,2022,4,26,1,45.14
2022-04-26 02:00:00,2022,4,26,2,42.21
2022-04-26 03:00:00,2022,4,26,3,42.4
2022-04-26 04:00:00,2022,4,26,4,45.29
2022-04-26 05:00:00,2022,4,26,5,49.48
2022-04-26 06:00:00,2022,4,26,6,52.06
2022-04-26 07:00:00,2022,4,26,7,48.22
2022-04-26 08:00:00,2022,4,26,8,44.83
2022-04-26 09:00:00,2022,4,26,9,43.16
2022-04-26 10:00:00,2022,4,26,10,39.36
2022-04-26 11:00:00,2022,4,26,11,38.16
2022-04-26 12:00:00,2022,4,26,12,38.44
2022-04-26 13:00:00,2022,4,26,13,38.29
2022-04-26 14:00:00,2022,4,26,14,39.83
2022-04-26 15:00:00,2022,4,26,15,43.66
2022-04-26 16:00:00,2022,4,26,16,52.34
2022-04-26 17:00:00,2022,4,26,17,56.76
2022-04-26 18:00:00,2022,4,26,18,57.37
2022-04-26 19:00:00,2022,4,26,19,57.82
2022-04-26 20:00:00,2022,4,26,20,57.55
2022-04-26 21:00:00,2022,4,26,21,56.51
2022-04-26 22:00:00,2022,4,26,22,54.51
2022-04-26 23:00:00,2022,4,26,23,52.9
2022-04-27 00:00:00,2022,4,27,0,50.42
2022-04-27 01:00:00,2022,4,27,1,50.43
2022-04-27 02:00:00,2022,4,27,2,52.12
2022-04-27 03:00:00,2022,4,27,3,59.32
2022-04-27 04:00:00,2022,4,27,4,62.25
2022-04-27 05:00:00,2022,4,27,5,59.12
2022-04-27 06:00:00,2022,4,27,6,53.88
2022-04-27 07:00:00,2022,4,27,7,49.12
2022-04-27 08:00:00,2022,4,27,8,44.66
2022-04-27 09:00:00,2022,4,27,9,42.11
2022-04-27 10:00:00,2022,4,27,10,41.15
2022-04-27 11:00:00,2022,4,27,11,38.47
2022-04-27 12:00:00,2022,4,27,12,36.38
2022-04-27 13:00:00,2022,4,27,13,35.7
2022-04-27 14:00:00,2022,4,27,14,38.4
2022-04-27 15:00:00,2022,4,27,15,45.94
2022-04-27 16:00:00,2022,4,27,16,50.57
2022-04-27 17:00:00,2022,4,27,17,55.72
2022-04-27 18:00:00,2022,4,27,18,58.3
2022-04-27 19:00:00,2022,4,27,19,58.96
2022-04-27 20:00:00,2022,4,27,20,56.7
2022-04-27 21:00:00,2022,4,27,21,58.53
2022-04-27 22:00:00,2022,4,27,22,53.27
2022-04-27 23:00:00,2022,4,27,23,55.48
2022-04-28 00:00:00,2022,4,28,0,53.51
2022-04-28 01:00:00,2022,4,28,1,50.51
2022-04-28 02:00:00,2022,4,28,2,52.76
2022-04-28 03:00:00,2022,4,28,3,58.5
2022-04-28 04:00:00,2022,4,28,4,62.24
2022-04-28 05:00:00,2022,4,28,5,58.04
2022-04-28 06:00:00,2022,4,28,6,53.4
2022-04-28 07:00:00,2022,4,28,7,48.23
2022-04-28 08:00:00,2022,4,28,8,43.77
2022-04-28 09:00:00,2022,4,28,9,43.59
2022-04-28 10:00:00,2022,4,28,10,38.98
2022-04-28 11:00:00,2022,4,28,11,37.21
2022-04-28 12:00:00,2022,4,28,12,37.53
2022-04-28 13:00:00,2022,4,28,13,37.79
2022-04-28 14:00:00,2022,4,28,14,40.75
2022-04-28 15:00:00,2022,4,28,15,46.39
2022-04-28 16:00:00,2022,4,28,16,50.89
2022-04-28 17:00:00,2022,4,28,17,55.56
2022-04-28 18:00:00,2022,4,28,18,57.01
2022-04-28 19:00:00,2022,4,28,19,53.8
2022-04-28 20:00:00,2022,4,28,20,51.42
2022-04-28 21:00:00,2022,4,28,21,51.16
2022-04-28 22:00:00,2022,4,28,22,47.52
2022-04-28 23:00:00,2022,4,28,23,45.52
2022-04-29 00:00:00,2022,4,29,0,47.85
2022-04-29 01:00:00,2022,4,29,1,48.41
2022-04-29 02:00:00,2022,4,29,2,47.59
2022-04-29 03:00:00,2022,4,29,3,51.04
2022-04-29 04:00:00,2022,4,29,4,59.43
2022-04-29 05:00:00,2022,4,29,5,51.14
2022-04-29 06:00:00,2022,4,29,6,45.97
2022-04-29 07:00:00,2022,4,29,7,46.3
2022-04-29 08:00:00,2022,4,29,8,45.41
2022-04-29 09:00:00,2022,4,29,9,39.84
2022-04-29 10:00:00,2022,4,29,10,39.0
2022-04-29 11:00:00,2022,4,29,11,38.46
2022-04-29 12:00:00,2022,4,29,12,40.04
2022-04-29 13:00:00,2022,4,29,13,40.66
2022-04-29 14:00:00,2022,4,29,14,41.88
2022-04-29 15:00:00,2022,4,29,15,43.81
2022-04-29 16:00:00,2022,4,29,16,47.24
2022-04-29 17:00:00,2022,4,29,17,53.56
2022-04-29 18:00:00,2022,4,29,18,51.93
2022-04-29 19:00:00,2022,4,29,19,52.66
2022-04-29 20:00:00,2022,4,29,20,52.78
2022-04-29 21:00:00,2022,4,29,21,52.25
2022-04-29 22:00:00,2022,4,29,22,51.35
2022-04-29 23:00:00,2022,4,29,23,50.34
2022-04-30 00:00:00,2022,4,30,0,47.05
2022-04-30 01:00:00,2022,4,30,1,46.6
2022-04-30 02:00:00,2022,4,30,2,47.21
2022-04-30 03:00:00,2022,4,30,3,52.31
2022-04-30 04:00:00,2022,4,30,4,51.89
2022-04-30 05:00:00,2022,4,30,5,54.14
2022-04-30 06:00:00,2022,4,30,6,52.76
2022-04-30 07:00:00,2022,4,30,7,48.13
2022-04-30 08:00:00,2022,4,30,8,44.97
2022-04-30 09:00:00,2022,4,30,9,40.79
2022-04-30 10:00:00,2022,4,30,10,40.41
2022-04-30 11:00:00,2022,4,30,11,38.22
2022-04-30 12:00:00,2022,4,30,12,37.94
2022-04-30 13:00:00,2022,4,30,13,37.96
2022-04-30 14:00:00,2022,4,30,14,38.8
2022-04-30 15:00:00,2022,4,30,15,44.68
2022-04-30 16:00:00,2022,4,30,16,49.29
2022-04-30 17:00:00,2022,4,30,17,52.59
2022-04-30 18:00:00,2022,4,30,18,52.28
2022-04-30 19:00:00,2022,4,30,19,49.98
2022-04-30 20:00:00,2022,4,30,20,46.16
2022-04-30 21:00:00,2022,4,30,21,45.41
2022-04-30 22:00:00,2022,4,30,22,42.27
2022-04-30 23:00:00,2022,4,30,23,42.11
2022-05-01 00:00:00,2022,5,1,0,43.39
2022-05-01 01:00:00,2022,5,1,1,41.63
2022-05-01 02:00:00,2022,5,1,2,41.5
2022-05-01 03:00:00,2022,5,1,3,41.98
2022-05-01 04:00:00,2022,5,1,4,42.76
2022-05-01 05:00:00,2022,5,1,5,41.58
2022-05-01 06:00:00,2022,5,1,6,42.72
2022-05-01 07:00:00,2022,5,1,7,43.3
2022-05-01 08:00:00,2022,5,1,8,39.94
2022-05-01 09:00:00,2022,5,1,9,40.31
2022-05-01 10:00:00,2022,5,1,10,38.72
2022-05-01 11:00:00,2022,5,1,11,36.97
2022-05-01 12:00:00,2022,5,1,12,36.84
2022-05-01 13:00:00,2022,5,1,13,37.63
2022-05-01 14:00:00,2022,5,1,14,40.93
2022-05-01 15:00:00,2022,5,1,15,42.26
2022-05-01 16:00:00,2022,5,1,16,45.11
2022-05-01 17:00:00,2022,5,1,17,46.54
2022-05-01 18:00:00,2022,5,1,18,44.88
2022-05-01 19:00:00,2022,5,1,19,42.59
2022-05-01 20:00:00,2022,5,1,20,39.79
2022-05-01 21:00:00,2022,5,1,21,35.43
2022-05-01 22:00:00,2022,5,1,22,37.31
2022-05-01 23:00:00,2022,5,1,23,37.36
2022-05-02 00:00:00,2022,5,2,0,35.39
2022-05-02 01:00:00,2022,5,2,1,36.05
2022-05-02 02:00:00,2022,5,2,2,38.59
2022-05-02 03:00:00,2022,5,2,3,39.25
2022-05-02 04:00:00,2022,5,2,4,40.6
2022-05-02 05:00:00,2022,5,2,5,38.52
2022-05-02 06:00:00,2022,5,2,6,39.65
2022-05-02 07:00:00,2022,5,2,7,40.93
2022-05-02 08:00:00,2022,5,2,8,41.03
2022-05-02 09:00:00,2022,5,2,9,40.08
2022-05-02 10:00:00,2022,5,2,10,39.09
2022-05-02 11:00:00,2022,5,2,11,37.03
2022-05-02 12:00:00,2022,5,2,12,36.0
2022-05-02 13:00:00,2022,5,2,13,40.34
2022-05-02 14:00:00,2022,5,2,14,40.44
2022-05-02 15:00:00,2022,5,2,15,42.18
2022-05-02 16:00:00,2022,5,2,16,46.68
2022-05-02 17:00:00,2022,5,2,17,47.65
2022-05-02 18:00:00,2022,5,2,18,48.61
2022-05-02 19:00:00,2022,5,2,19,48.58
2022-05-02 20:00:00,2022,5,2,20,42.79
2022-05-02 21:00:00,2022,5,2,21,42.47
2022-05-02 22:00:00,2022,5,2,22,42.04
2022-05-02 23:00:00,2022,5,2,23,41.71
2022-05-03 00:00:00,2022,5,3,0,43.97
2022-05-03 01:00:00,2022,5,3,1,41.97
2022-05-03 02:00:00,2022,5,3,2,43.73
2022-05-03 03:00:00,2022,5,3,3,46.59
2022-05-03 04:00:00,2022,5,3,4,47.91
2022-05-03 05:00:00,2022,5,3,5,48.49
2022-05-03 06:00:00,2022,5,3,6,48.6
2022-05-03 07:00:00,2022,5,3,7,48.92
2022-05-03 08:00:00,2022,5,3,8,49.03
2022-05-03 09:00:00,2022,5,3,9,49.02
2022-05-03 10:00:00,2022,5,3,10,48.81
2022-05-03 11:00:00,2022,5,3,11,48.65
2022-05-03 12:00:00,2022,5,3,12,48.68
2022-05-03 13:00:00,2022,5,3,13,48.75
2022-05-03 14:00:00,2022,5,3,14,48.7
2022-05-03 15:00:00,2022,5,3,15,49.43
2022-05-03 16:00:00,2022,5,3,16,49.4
2022-05-03 17:00:00,2022,5,3,17,49.92
2022-05-03 18:00:00,2022,5,3,18,48.11
2022-05-03 19:00:00,2022,5,3,19,47.39
2022-05-03 20:00:00,2022,5,3,20,46.6
2022-05-03 21:00:00,2022,5,3,21,46.53
2022-05-04 08:00:00,2022,5,4,8,37.6
2022-05-04 09:00:00,2022,5,4,9,38.81
2022-05-04 10:00:00,2022,5,4,10,38.08
2022-05-04 11:00:00,2022,5,4,11,36.27
2022-05-04 12:00:00,2022,5,4,12,33.58
2022-05-04 13:00:00,2022,5,4,13,35.22
2022-05-04 14:00:00,2022,5,4,14,34.72
2022-05-04 15:00:00,2022,5,4,15,35.73
2022-05-04 16:00:00,2022,5,4,16,36.18
2022-05-04 17:00:00,2022,5,4,17,38.96
2022-05-04 18:00:00,2022,5,4,18,36.33
2022-05-04 19:00:00,2022,5,4,19,36.03
2022-05-04 20:00:00,2022,5,4,20,35.15
2022-05-04 21:00:00,2022,5,4,21,33.58
2022-05-04 22:00:00,2022,5,4,22,34.25
2022-05-04 23:00:00,2022,5,4,23,34.88
2022-05-05 00:00:00,2022,5,5,0,32.69
2022-05-05 01:00:00,2022,5,5,1,33.16
2022-05-05 02:00:00,2022,5,5,2,35.95
2022-05-05 03:00:00,2022,5,5,3,37.44
2022-05-05 04:00:00,2022,5,5,4,38.16
2022-05-05 05:00:00,2022,5,5,5,38.0
2022-05-05 06:00:00,2022,5,5,6,36.09
2022-05-05 07:00:00,2022,5,5,7,35.57
2022-05-05 08:00:00,2022,5,5,8,36.03
2022-05-05 09:00:00,2022,5,5,9,36.77
2022-05-05 10:00:00,2022,5,5,10,38.39
2022-05-05 11:00:00,2022,5,5,11,38.31
2022-05-05 12:00:00,2022,5,5,12,38.48
2022-05-05 13:00:00,2022,5,5,13,38.42
2022-05-05 14:00:00,2022,5,5,14,38.31
2022-05-05 15:00:00,2022,5,5,15,42.07
2022-05-05 16:00:00,2022,5,5,16,46.51
2022-05-05 17:00:00,2022,5,5,17,48.8
2022-05-05 18:00:00,2022,5,5,18,48.84
2022-05-05 19:00:00,2022,5,5,19,49.17
2022-05-05 20:00:00,2022,5,5,20,52.07
2022-05-05 21:00:00,2022,5,5,21,51.85
2022-05-05 22:00:00,2022,5,5,22,46.54
2022-05-05 23:00:00,2022,5,5,23,47.09
2022-05-06 00:00:00,2022,5,6,0,43.21
2022-05-06 01:00:00,2022,5,6,1,42.59
2022-05-06 02:00:00,2022,5,6,2,45.77
2022-05-06 03:00:00,2022,5,6,3,47.47
2022-05-06 04:00:00,2022,5,6,4,49.7
2022-05-06 05:00:00,2022,5,6,5,49.0
2022-05-06 06:00:00,2022,5,6,6,47.71
2022-05-06 07:00:00,2022,5,6,7,44.1
2022-05-06 08:00:00,2022,5,6,8,42.94
2022-05-06 09:00:00,2022,5,6,9,42.69
2022-05-06 10:00:00,2022,5,6,10,41.98
2022-05-06 11:00:00,2022,5,6,11,41.82
2022-05-06 12:00:00,2022,5,6,12,41.38
2022-05-06 13:00:00,2022,5,6,13,43.01
2022-05-06 14:00:00,2022,5,6,14,43.69
2022-05-06 15:00:00,2022,5,6,15,46.97
2022-05-06 16:00:00,2022,5,6,16,50.72
2022-05-06 17:00:00,2022,5,6,17,52.32
2022-05-06 18:00:00,2022,5,6,18,50.46
2022-05-06 19:00:00,2022,5,6,19,47.14
2022-05-06 20:00:00,2022,5,6,20,47.24
2022-05-06 21:00:00,2022,5,6,21,46.51
2022-05-06 22:00:00,2022,5,6,22,45.41
2022-05-06 23:00:00,2022,5,6,23,45.29
2022-05-07 00:00:00,2022,5,7,0,45.02
2022-05-07 01:00:00,2022,5,7,1,43.18
2022-05-07 02:00:00,2022,5,7,2,45.59
2022-05-07 03:00:00,2022,5,7,3,50.41
2022-05-07 04:00:00,2022,5,7,4,50.69
2022-05-07 05:00:00,2022,5,7,5,47.59
2022-05-07 06:00:00,2022,5,7,6,48.18
2022-05-07 07:00:00,2022,5,7,7,46.65
2022-05-07 08:00:00,2022,5,7,8,45.39
2022-05-07 09:00:00,2022,5,7,9,46.3
2022-05-07 10:00:00,2022,5,7,10,44.46
2022-05-07 11:00:00,2022,5,7,11,41.22
2022-05-07 12:00:00,2022,5,7,12,42.99
2022-05-07 13:00:00,2022,5,7,13,43.87
2022-05-07 14:00:00,2022,5,7,14,43.69
2022-05-07 15:00:00,2022,5,7,15,47.55
2022-05-07 16:00:00,2022,5,7,16,53.44
2022-05-07 17:00:00,2022,5,7,17,58.73
2022-05-07 18:00:00,2022,5,7,18,59.69
2022-05-07 19:00:00,2022,5,7,19,56.51
2022-05-07 20:00:00,2022,5,7,20,53.33
2022-05-07 21:00:00,2022,5,7,21,50.72
2022-05-07 22:00:00,2022,5,7,22,49.29
2022-05-07 23:00:00,2022,5,7,23,47.0
2022-05-08 00:00:00,2022,5,8,0,44.03
2022-05-08 01:00:00,2022,5,8,1,43.31
2022-05-08 02:00:00,2022,5,8,2,46.55
2022-05-08 03:00:00,2022,5,8,3,50.7
2022-05-08 04:00:00,2022,5,8,4,52.27
2022-05-08 05:00:00,2022,5,8,5,48.51
2022-05-08 06:00:00,2022,5,8,6,46.98
2022-05-08 07:00:00,2022,5,8,7,45.2
2022-05-08 08:00:00,2022,5,8,8,43.26
2022-05-08 09:00:00,2022,5,8,9,42.1
2022-05-08 10:00:00,2022,5,8,10,41.27
2022-05-08 11:00:00,2022,5,8,11,39.73
2022-05-08 12:00:00,2022,5,8,12,41.48
2022-05-08 13:00:00,2022,5,8,13,40.57
2022-05-08 14:00:00,2022,5,8,14,39.18
2022-05-08 15:00:00,2022,5,8,15,43.19
2022-05-08 16:00:00,2022,5,8,16,47.87
2022-05-08 17:00:00,2022,5,8,17,49.89
2022-05-08 18:00:00,2022,5,8,18,49.86
2022-05-08 19:00:00,2022,5,8,19,48.24
2022-05-08 20:00:00,2022,5,8,20,47.42
2022-05-08 21:00:00,2022,5,8,21,46.48
2022-05-08 22:00:00,2022,5,8,22,39.81
2022-05-08 23:00:00,2022,5,8,23,41.62
2022-05-09 00:00:00,2022,5,9,0,40.6
2022-05-09 01:00:00,2022,5,9,1,41.15
2022-05-09 02:00:00,2022,5,9,2,39.0
2022-05-09 03:00:00,2022,5,9,3,41.25
2022-05-09 04:00:00,2022,5,9,4,44.54
2022-05-09 05:00:00,2022,5,9,5,42.61
2022-05-09 06:00:00,2022,5,9,6,40.25
2022-05-09 07:00:00,2022,5,9,7,41.97
2022-05-09 08:00:00,2022,5,9,8,40.58
2022-05-09 09:00:00,2022,5,9,9,41.38
2022-05-09 10:00:00,2022,5,9,10,41.79
2022-05-09 11:00:00,2022,5,9,11,41.5
2022-05-09 12:00:00,2022,5,9,12,40.41
2022-05-09 13:00:00,2022,5,9,13,41.01
2022-05-09 14:00:00,2022,5,9,14,42.11
2022-05-09 15:00:00,2022,5,9,15,44.03
2022-05-09 16:00:00,2022,5,9,16,47.43
2022-05-09 17:00:00,2022,5,9,17,48.14
2022-05-09 18:00:00,2022,5,9,18,45.63
2022-05-09 19:00:00,2022,5,9,19,43.29
2022-05-09 20:00:00,2022,5,9,20,37.88
2022-05-09 21:00:00,2022,5,9,21,37.23
2022-05-09 22:00:00,2022,5,9,22,35.34
2022-05-09 23:00:00,2022,5,9,23,35.76
2022-05-10 00:00:00,2022,5,10,0,35.46
2022-05-10 01:00:00,2022,5,10,1,34.28
2022-05-10 02:00:00,2022,5,10,2,34.0
2022-05-10 03:00:00,2022,5,10,3,35.48
2022-05-10 04:00:00,2022,5,10,4,37.1
2022-05-10 05:00:00,2022,5,10,5,39.12
2022-05-10 06:00:00,2022,5,10,6,39.84
2022-05-10 07:00:00,2022,5,10,7,38.59
2022-05-10 08:00:00,2022,5,10,8,38.91
2022-05-10 09:00:00,2022,5,10,9,37.53
2022-05-10 10:00:00,2022,5,10,10,36.16
2022-05-10 11:00:00,2022,5,10,11,35.45
2022-05-10 12:00:00,2022,5,10,12,35.45
2022-05-10 13:00:00,2022,5,10,13,35.87
2022-05-10 14:00:00,2022,5,10,14,37.12
2022-05-10 15:00:00,2022,5,10,15,40.03
2022-05-10 16:00:00,2022,5,10,16,43.37
2022-05-10 17:00:00,2022,5,10,17,41.62
2022-05-10 18:00:00,2022,5,10,18,42.36
2022-05-10 19:00:00,2022,5,10,19,39.64
2022-05-10 20:00:00,2022,5,10,20,37.33
2022-05-10 21:00:00,2022,5,10,21,34.77
2022-05-10 22:00:00,2022,5,10,22,32.92
2022-05-10 23:00:00,2022,5,10,23,30.81
2022-05-11 00:00:00,2022,5,11,0,31.61
2022-05-11 01:00:00,2022,5,11,1,31.35
2022-05-11 02:00:00,2022,5,11,2,32.04
2022-05-11 03:00:00,2022,5,11,3,35.45
2022-05-11 04:00:00,2022,5,11,4,36.75
2022-05-11 05:00:00,2022,5,11,5,37.39
2022-05-11 06:00:00,2022,5,11,6,34.74
2022-05-11 07:00:00,2022,5,11,7,34.89
2022-05-11 08:00:00,2022,5,11,8,34.6
2022-05-11 09:00:00,2022,5,11,9,34.12
2022-05-11 10:00:00,2022,5,11,10,35.09
2022-05-11 11:00:00,2022,5,11,11,36.45
2022-05-11 12:00:00,2022,5,11,12,35.54
2022-05-11 13:00:00,2022,5,11,13,35.83
2022-05-11 14:00:00,2022,5,11,14,34.7
2022-05-11 15:00:00,2022,5,11,15,36.45
2022-05-11 16:00:00,2022,5,11,16,40.86
2022-05-11 17:00:00,2022,5,11,17,43.61
2022-05-11 18:00:00,2022,5,11,18,42.54
2022-05-11 19:00:00,2022,5,11,19,39.31
2022-05-11 20:00:00,2022,5,11,20,38.13
2022-05-11 21:00:00,2022,5,11,21,38.52
2022-05-11 22:00:00,2022,5,11,22,36.71
2022-05-11 23:00:00,2022,5,11,23,36.15
2022-05-12 00:00:00,2022,5,12,0,32.77
2022-05-12 01:00:00,2022,5,12,1,32.26
2022-05-12 02:00:00,2022,5,12,2,34.63
2022-05-12 03:00:00,2022,5,12,3,36.8
2022-05-12 04:00:00,2022,5,12,4,36.01
2022-05-12 05:00:00,2022,5,12,5,36.88
2022-05-12 06:00:00,2022,5,12,6,35.93
2022-05-12 07:00:00,2022,5,12,7,34.79
2022-05-12 08:00:00,2022,5,12,8,35.17
2022-05-12 09:00:00,2022,5,12,9,34.34
2022-05-12 10:00:00,2022,5,12,10,34.84
2022-05-12 11:00:00,2022,5,12,11,33.15
2022-05-12 12:00:00,2022,5,12,12,32.57
2022-05-12 13:00:00,2022,5,12,13,33.75
2022-05-12 14:00:00,2022,5,12,14,35.17
2022-05-12 15:00:00,2022,5,12,15,38.12
2022-05-12 16:00:00,2022,5,12,16,40.15
2022-05-12 17:00:00,2022,5,12,17,41.1
2022-05-12 18:00:00,2022,5,12,18,41.15
2022-05-12 19:00:00,2022,5,12,19,38.61
2022-05-12 20:00:00,2022,5,12,20,39.0
2022-05-12 21:00:00,2022,5,12,21,37.2
2022-05-12 22:00:00,2022,5,12,22,37.82
2022-05-12 23:00:00,2022,5,12,23,34.08
2022-05-13 00:00:00,2022,5,13,0,31.51
2022-05-13 01:00:00,2022,5,13,1,31.0
2022-05-13 02:00:00,2022,5,13,2,32.91
2022-05-13 03:00:00,2022,5,13,3,35.31
2022-05-13 04:00:00,2022,5,13,4,37.54
2022-05-13 05:00:00,2022,5,13,5,36.95
2022-05-13 06:00:00,2022,5,13,6,38.14
2022-05-13 07:00:00,2022,5,13,7,36.65
2022-05-13 08:00:00,2022,5,13,8,35.44
2022-05-13 09:00:00,2022,5,13,9,34.98
2022-05-13 10:00:00,2022,5,13,10,36.82
2022-05-13 11:00:00,2022,5,13,11,35.62
2022-05-13 12:00:00,2022,5,13,12,35.86
2022-05-13 13:00:00,2022,5,13,13,34.88
2022-05-13 14:00:00,2022,5,13,14,38.74
2022-05-13 15:00:00,2022,5,13,15,42.41
2022-05-13 16:00:00,2022,5,13,16,44.36
2022-05-13 17:00:00,2022,5,13,17,45.89
2022-05-13 18:00:00,2022,5,13,18,47.89
2022-05-13 19:00:00,2022,5,13,19,47.56
2022-05-13 20:00:00,2022,5,13,20,45.45
2022-05-13 21:00:00,2022,5,13,21,43.81
2022-05-13 22:00:00,2022,5,13,22,43.0
2022-05-13 23:00:00,2022,5,13,23,43.67
2022-05-14 00:00:00,2022,5,14,0,43.25
2022-05-14 01:00:00,2022,5,14,1,44.56
2022-05-14 02:00:00,2022,5,14,2,43.77
2022-05-14 03:00:00,2022,5,14,3,48.44
2022-05-14 04:00:00,2022,5,14,4,48.23
2022-05-14 05:00:00,2022,5,14,5,44.91
2022-05-14 06:00:00,2022,5,14,6,44.11
2022-05-14 07:00:00,2022,5,14,7,41.17
2022-05-14 08:00:00,2022,5,14,8,40.5
2022-05-14 09:00:00,2022,5,14,9,37.86
2022-05-14 10:00:00,2022,5,14,10,37.27
2022-05-14 11:00:00,2022,5,14,11,37.14
2022-05-14 12:00:00,2022,5,14,12,38.27
2022-05-14 13:00:00,2022,5,14,13,38.75
2022-05-14 14:00:00,2022,5,14,14,38.03
2022-05-14 15:00:00,2022,5,14,15,41.51
2022-05-14 16:00:00,2022,5,14,16,42.38
2022-05-14 17:00:00,2022,5,14,17,48.72
2022-05-14 18:00:00,2022,5,14,18,47.37
2022-05-14 19:00:00,2022,5,14,19,47.5
2022-05-14 20:00:00,2022,5,14,20,45.67
2022-05-14 21:00:00,2022,5,14,21,44.44
2022-05-14 22:00:00,2022,5,14,22,44.47
2022-05-14 23:00:00,2022,5,14,23,41.45
2022-05-15 00:00:00,2022,5,15,0,40.33
2022-05-15 01:00:00,2022,5,15,1,41.02
2022-05-15 02:00:00,2022,5,15,2,42.83
2022-05-15 03:00:00,2022,5,15,3,43.64
2022-05-15 04:00:00,2022,5,15,4,45.12
2022-05-15 05:00:00,2022,5,15,5,43.29
2022-05-15 06:00:00,2022,5,15,6,41.39
2022-05-15 07:00:00,2022,5,15,7,40.81
2022-05-15 08:00:00,2022,5,15,8,41.68
2022-05-15 09:00:00,2022,5,15,9,41.34
2022-05-15 10:00:00,2022,5,15,10,38.19
2022-05-15 11:00:00,2022,5,15,11,38.85
2022-05-15 12:00:00,2022,5,15,12,38.81
2022-05-15 13:00:00,2022,5,15,13,40.02
2022-05-15 14:00:00,2022,5,15,14,40.42
2022-05-15 15:00:00,2022,5,15,15,42.73
2022-05-15 16:00:00,2022,5,15,16,43.58
2022-05-15 17:00:00,2022,5,15,17,46.21
2022-05-15 18:00:00,2022,5,15,18,46.6
2022-05-15 19:00:00,2022,5,15,19,44.87
2022-05-15 20:00:00,2022,5,15,20,42.7
2022-05-15 21:00:00,2022,5,15,21,42.19
2022-05-15 22:00:00,2022,5,15,22,41.47
2022-05-15 23:00:00,2022,5,15,23,41.99
2022-05-16 00:00:00,2022,5,16,0,41.08
2022-05-16 01:00:00,2022,5,16,1,41.16
2022-05-16 02:00:00,2022,5,16,2,41.4
2022-05-16 03:00:00,2022,5,16,3,44.77
2022-05-16 04:00:00,2022,5,16,4,44.92
2022-05-16 05:00:00,2022,5,16,5,45.96
2022-05-16 06:00:00,2022,5,16,6,46.01
2022-05-16 07:00:00,2022,5,16,7,45.57
2022-05-16 08:00:00,2022,5,16,8,44.82
2022-05-16 09:00:00,2022,5,16,9,43.34
2022-05-16 10:00:00,2022,5,16,10,41.98
2022-05-16 11:00:00,2022,5,16,11,42.12
2022-05-16 12:00:00,2022,5,16,12,42.41
2022-05-16 13:00:00,2022,5,16,13,44.17
2022-05-16 14:00:00,2022,5,16,14,46.31
2022-05-16 15:00:00,2022,5,16,15,48.82
2022-05-16 16:00:00,2022,5,16,16,50.49
2022-05-16 17:00:00,2022,5,16,17,50.33
2022-05-16 18:00:00,2022,5,16,18,50.02
2022-05-16 19:00:00,2022,5,16,19,48.5
2022-05-16 20:00:00,2022,5,16,20,46.65
2022-05-16 21:00:00,2022,5,16,21,44.77
2022-05-16 22:00:00,2022,5,16,22,43.32
2022-05-16 23:00:00,2022,5,16,23,44.05
2022-05-17 00:00:00,2022,5,17,0,41.23
2022-05-17 01:00:00,2022,5,17,1,42.52
2022-05-17 02:00:00,2022,5,17,2,42.83
2022-05-17 03:00:00,2022,5,17,3,43.33
2022-05-17 04:00:00,2022,5,17,4,45.46
2022-05-17 05:00:00,2022,5,17,5,46.38
2022-05-17 06:00:00,2022,5,17,6,48.27
2022-05-17 07:00:00,2022,5,17,7,50.03
2022-05-17 08:00:00,2022,5,17,8,48.63
2022-05-17 09:00:00,2022,5,17,9,45.48
2022-05-17 10:00:00,2022,5,17,10,45.53
2022-05-17 11:00:00,2022,5,17,11,44.16
2022-05-17 12:00:00,2022,5,17,12,44.27
2022-05-17 13:00:00,2022,5,17,13,43.31
2022-05-17 14:00:00,2022,5,17,14,43.59
2022-05-17 15:00:00,2022,5,17,15,45.84
2022-05-17 16:00:00,2022,5,17,16,49.53
2022-05-17 17:00:00,2022,5,17,17,48.48
2022-05-17 18:00:00,2022,5,17,18,48.49
2022-05-17 19:00:00,2022,5,17,19,47.29
2022-05-17 20:00:00,2022,5,17,20,46.78
2022-05-17 21:00:00,2022,5,17,21,47.26
2022-05-17 22:00:00,2022,5,17,22,48.31
2022-05-17 23:00:00,2022,5,17,23,45.83
2022-05-18 00:00:00,2022,5,18,0,45.15
2022-05-18 01:00:00,2022,5,18,1,45.32
2022-05-18 02:00:00,2022,5,18,2,47.35
2022-05-18 03:00:00,2022,5,18,3,49.74
2022-05-18 04:00:00,2022,5,18,4,49.15
2022-05-18 05:00:00,2022,5,18,5,49.08
2022-05-18 06:00:00,2022,5,18,6,46.31
2022-05-18 07:00:00,2022,5,18,7,46.69
2022-05-18 08:00:00,2022,5,18,8,47.88
2022-05-18 09:00:00,2022,5,18,9,44.15
2022-05-18 10:00:00,2022,5,18,10,41.67
2022-05-18 11:00:00,2022,5,18,11,40.62
2022-05-18 12:00:00,2022,5,18,12,40.58
2022-05-18 13:00:00,2022,5,18,13,40.63
2022-05-18 14:00:00,2022,5,18,14,41.11
2022-05-18 15:00:00,2022,5,18,15,45.39
2022-05-18 16:00:00,2022,5,18,16,49.9
2022-05-18 17:00:00,2022,5,18,17,52.62
2022-05-18 18:00:00,2022,5,18,18,48.21
2022-05-18 19:00:00,2022,5,18,19,47.67
2022-05-18 20:00:00,2022,5,18,20,45.31
2022-05-18 21:00:00,2022,5,18,21,43.15
2022-05-18 22:00:00,2022,5,18,22,42.09
2022-05-18 23:00:00,2022,5,18,23,38.84
2022-05-19 00:00:00,2022,5,19,0,42.55
2022-05-19 01:00:00,2022,5,19,1,39.96
2022-05-19 02:00:00,2022,5,19,2,42.29
2022-05-19 03:00:00,2022,5,19,3,49.08
2022-05-19 04:00:00,2022,5,19,4,49.29
2022-05-19 05:00:00,2022,5,19,5,48.43
2022-05-19 06:00:00,2022,5,19,6,48.95
2022-05-19 07:00:00,2022,5,19,7,47.03
2022-05-19 08:00:00,2022,5,19,8,45.88
2022-05-19 09:00:00,2022,5,19,9,44.44
2022-05-19 10:00:00,2022,5,19,10,43.33
2022-05-19 11:00:00,2022,5,19,11,41.01
2022-05-19 12:00:00,2022,5,19,12,42.41
2022-05-19 13:00:00,2022,5,19,13,41.01
2022-05-19 14:00:00,2022,5,19,14,42.22
2022-05-19 15:00:00,2022,5,19,15,46.09
2022-05-19 16:00:00,2022,5,19,16,49.41
2022-05-19 17:00:00,2022,5,19,17,53.41
2022-05-19 18:00:00,2022,5,19,18,52.07
2022-05-19 19:00:00,2022,5,19,19,51.13
2022-05-19 20:00:00,2022,5,19,20,50.41
2022-05-19 21:00:00,2022,5,19,21,48.22
2022-05-19 22:00:00,2022,5,19,22,42.89
2022-05-19 23:00:00,2022,5,19,23,44.59
2022-05-20 00:00:00,2022,5,20,0,43.28
2022-05-20 01:00:00,2022,5,20,1,43.06
2022-05-20 02:00:00,2022,5,20,2,43.34
2022-05-20 03:00:00,2022,5,20,3,43.77
2022-05-20 04:00:00,2022,5,20,4,46.14
2022-05-20 05:00:00,2022,5,20,5,47.02
2022-05-20 06:00:00,2022,5,20,6,42.8
2022-05-20 07:00:00,2022,5,20,7,42.0
2022-05-20 08:00:00,2022,5,20,8,40.09
2022-05-20 09:00:00,2022,5,20,9,40.89
2022-05-20 10:00:00,2022,5,20,10,40.1
2022-05-20 11:00:00,2022,5,20,11,41.96
2022-05-20 12:00:00,2022,5,20,12,40.6
2022-05-20 13:00:00,2022,5,20,13,41.17
2022-05-20 14:00:00,2022,5,20,14,41.96
2022-05-20 15:00:00,2022,5,20,15,43.69
2022-05-20 16:00:00,2022,5,20,16,45.08
2022-05-20 17:00:00,2022,5,20,17,45.04
2022-05-20 18:00:00,2022,5,20,18,42.82
2022-05-20 19:00:00,2022,5,20,19,43.25
2022-05-20 20:00:00,2022,5,20,20,38.62
2022-05-20 21:00:00,2022,5,20,21,36.44
2022-05-20 22:00:00,2022,5,20,22,38.93
2022-05-20 23:00:00,2022,5,20,23,37.29
2022-05-21 00:00:00,2022,5,21,0,35.64
2022-05-21 01:00:00,2022,5,21,1,35.79
2022-05-21 02:00:00,2022,5,21,2,35.39
2022-05-21 03:00:00,2022,5,21,3,39.95
2022-05-21 04:00:00,2022,5,21,4,41.19
2022-05-21 05:00:00,2022,5,21,5,40.04
2022-05-21 06:00:00,2022,5,21,6,40.03
2022-05-21 07:00:00,2022,5,21,7,42.95
2022-05-21 08:00:00,2022,5,21,8,45.78
2022-05-21 09:00:00,2022,5,21,9,45.66
2022-05-21 10:00:00,2022,5,21,10,44.79
2022-05-21 11:00:00,2022,5,21,11,44.26
2022-05-21 12:00:00,2022,5,21,12,44.12
2022-05-21 13:00:00,2022,5,21,13,43.12
2022-05-21 14:00:00,2022,5,21,14,43.95
2022-05-21 15:00:00,2022,5,21,15,44.98
2022-05-21 16:00:00,2022,5,21,16,49.64
2022-05-21 17:00:00,2022,5,21,17,48.83
2022-05-21 18:00:00,2022,5,21,18,46.6
2022-05-21 19:00:00,2022,5,21,19,44.43
2022-05-21 20:00:00,2022,5,21,20,42.57
2022-05-21 21:00:00,2022,5,21,21,40.76
2022-05-21 22:00:00,2022,5,21,22,38.05
2022-05-21 23:00:00,2022,5,21,23,36.59
2022-05-22 00:00:00,2022,5,22,0,34.66
2022-05-22 01:00:00,2022,5,22,1,35.82
2022-05-22 02:00:00,2022,5,22,2,37.2
2022-05-22 03:00:00,2022,5,22,3,38.88
2022-05-22 04:00:00,2022,5,22,4,38.59
2022-05-22 05:00:00,2022,5,22,5,36.62
2022-05-22 06:00:00,2022,5,22,6,36.24
2022-05-22 07:00:00,2022,5,22,7,37.72
2022-05-22 08:00:00,2022,5,22,8,42.18
2022-05-22 09:00:00,2022,5,22,9,40.97
2022-05-22 10:00:00,2022,5,22,10,37.92
2022-05-22 11:00:00,2022,5,22,11,36.47
2022-05-22 12:00:00,2022,5,22,12,36.32
2022-05-22 13:00:00,2022,5,22,13,37.83
2022-05-22 14:00:00,2022,5,22,14,42.84
2022-05-22 15:00:00,2022,5,22,15,38.44
2022-05-22 16:00:00,2022,5,22,16,41.95
2022-05-22 17:00:00,2022,5,22,17,39.65
2022-05-22 18:00:00,2022,5,22,18,38.65
2022-05-22 19:00:00,2022,5,22,19,37.86
2022-05-22 20:00:00,2022,5,22,20,35.88
2022-05-22 21:00:00,2022,5,22,21,33.69
2022-05-22 22:00:00,2022,5,22,22,33.57
2022-05-22 23:00:00,2022,5,22,23,32.79
2022-05-23 00:00:00,2022,5,23,0,33.17
2022-05-23 01:00:00,2022,5,23,1,29.45
2022-05-23 02:00:00,2022,5,23,2,29.9
2022-05-23 03:00:00,2022,5,23,3,31.31
2022-05-23 04:00:00,2022,5,23,4,33.63
2022-05-23 05:00:00,2022,5,23,5,31.62
2022-05-23 06:00:00,2022,5,23,6,30.87
2022-05-23 07:00:00,2022,5,23,7,31.78
2022-05-23 08:00:00,2022,5,23,8,32.1
2022-05-23 09:00:00,2022,5,23,9,32.84
2022-05-23 10:00:00,2022,5,23,10,31.12
2022-05-23 11:00:00,2022,5,23,11,30.58
2022-05-23 12:00:00,2022,5,23,12,33.45
2022-05-23 13:00:00,2022,5,23,13,32.6
2022-05-23 14:00:00,2022,5,23,14,32.62
2022-05-23 15:00:00,2022,5,23,15,33.65
2022-05-23 16:00:00,2022,5,23,16,33.46
2022-05-23 17:00:00,2022,5,23,17,36.4
2022-05-23 18:00:00,2022,5,23,18,33.6
2022-05-23 19:00:00,2022,5,23,19,34.45
2022-05-23 20:00:00,2022,5,23,20,31.29
2022-05-23 21:00:00,2022,5,23,21,28.15
2022-05-23 22:00:00,2022,5,23,22,27.66
2022-05-23 23:00:00,2022,5,23,23,27.1
2022-05-24 00:00:00,2022,5,24,0,26.25
2022-05-24 01:00:00,2022,5,24,1,26.77
2022-05-24 02:00:00,2022,5,24,2,25.76
2022-05-24 03:00:00,2022,5,24,3,29.45
2022-05-24 04:00:00,2022,5,24,4,31.23
2022-05-24 05:00:00,2022,5,24,5,30.37
2022-05-24 06:00:00,2022,5,24,6,28.96
2022-05-24 07:00:00,2022,5,24,7,29.68
2022-05-24 08:00:00,2022,5,24,8,31.91
2022-05-24 09:00:00,2022,5,24,9,30.79
2022-05-24 10:00:00,2022,5,24,10,35.33
2022-05-24 11:00:00,2022,5,24,11,35.38
2022-05-24 12:00:00,2022,5,24,12,35.44
2022-05-24 13:00:00,2022,5,24,13,34.48
2022-05-24 14:00:00,2022,5,24,14,36.75
2022-05-24 15:00:00,2022,5,24,15,36.9
2022-05-24 16:00:00,2022,5,24,16,40.39
2022-05-24 17:00:00,2022,5,24,17,42.11
2022-05-24 18:00:00,2022,5,24,18,41.64
2022-05-24 19:00:00,2022,5,24,19,39.93
2022-05-24 20:00:00,2022,5,24,20,39.38
2022-05-24 21:00:00,2022,5,24,21,35.73
2022-05-24 22:00:00,2022,5,24,22,33.96
2022-05-24 23:00:00,2022,5,24,23,33.56
2022-05-25 00:00:00,2022,5,25,0,32.6
2022-05-25 01:00:00,2022,5,25,1,32.59
2022-05-25 02:00:00,2022,5,25,2,34.94
2022-05-25 03:00:00,2022,5,25,3,38.84
2022-05-25 04:00:00,2022,5,25,4,38.49
2022-05-25 05:00:00,2022,5,25,5,39.45
2022-05-25 06:00:00,2022,5,25,6,38.47
2022-05-25 07:00:00,2022,5,25,7,36.52
2022-05-25 08:00:00,2022,5,25,8,38.19
2022-05-25 09:00:00,2022,5,25,9,38.41
2022-05-25 10:00:00,2022,5,25,10,37.99
2022-05-25 11:00:00,2022,5,25,11,38.06
2022-05-25 12:00:00,2022,5,25,12,37.97
2022-05-25 13:00:00,2022,5,25,13,37.46
2022-05-25 14:00:00,2022,5,25,14,38.32
2022-05-25 15:00:00,2022,5,25,15,40.21
2022-05-25 16:00:00,2022,5,25,16,41.09
2022-05-25 17:00:00,2022,5,25,17,43.57
2022-05-25 18:00:00,2022,5,25,18,42.53
2022-05-25 19:00:00,2022,5,25,19,41.14
2022-05-25 20:00:00,2022,5,25,20,40.87
2022-05-25 21:00:00,2022,5,25,21,38.89
2022-05-25 22:00:00,2022,5,25,22,38.99
2022-05-25 23:00:00,2022,5,25,23,39.32
2022-05-26 00:00:00,2022,5,26,0,38.71
2022-05-26 01:00:00,2022,5,26,1,38.67
2022-05-26 02:00:00,2022,5,26,2,38.18
2022-05-26 03:00:00,2022,5,26,3,39.57
2022-05-26 04:00:00,2022,5,26,4,43.1
2022-05-26 05:00:00,2022,5,26,5,43.73
2022-05-26 06:00:00,2022,5,26,6,42.39
2022-05-26 07:00:00,2022,5,26,7,41.27
2022-05-26 08:00:00,2022,5,26,8,40.22
2022-05-26 09:00:00,2022,5,26,9,37.47
2022-05-26 10:00:00,2022,5,26,10,38.72
2022-05-26 11:00:00,2022,5,26,11,38.82
2022-05-26 12:00:00,2022,5,26,12,38.82
2022-05-26 13:00:00,2022,5,26,13,39.07
2022-05-26 14:00:00,2022,5,26,14,39.35
2022-05-26 15:00:00,2022,5,26,15,40.2
2022-05-26 16:00:00,2022,5,26,16,40.48
2022-05-26 17:00:00,2022,5,26,17,42.13
2022-05-26 18:00:00,2022,5,26,18,44.02
2022-05-26 19:00:00,2022,5,26,19,42.68
2022-05-26 20:00:00,2022,5,26,20,40.8
2022-05-26 21:00:00,2022,5,26,21,40.06
2022-05-26 22:00:00,2022,5,26,22,38.54
2022-05-26 23:00:00,2022,5,26,23,38.57
2022-05-27 00:00:00,2022,5,27,0,35.23
2022-05-27 01:00:00,2022,5,27,1,35.98
2022-05-27 02:00:00,2022,5,27,2,37.04
2022-05-27 03:00:00,2022,5,27,3,40.14
2022-05-27 04:00:00,2022,5,27,4,40.17
2022-05-27 05:00:00,2022,5,27,5,37.49
2022-05-27 06:00:00,2022,5,27,6,35.6
2022-05-27 07:00:00,2022,5,27,7,33.36
2022-05-27 08:00:00,2022,5,27,8,33.79
2022-05-27 09:00:00,2022,5,27,9,33.24
2022-05-27 10:00:00,2022,5,27,10,34.24
2022-05-27 11:00:00,2022,5,27,11,32.68
2022-05-27 12:00:00,2022,5,27,12,33.79
2022-05-27 13:00:00,2022,5,27,13,35.77
2022-05-27 14:00:00,2022,5,27,14,36.92
2022-05-27 15:00:00,2022,5,27,15,38.33
2022-05-27 16:00:00,2022,5,27,16,42.24
2022-05-27 17:00:00,2022,5,27,17,42.47
2022-05-27 18:00:00,2022,5,27,18,40.08
2022-05-27 19:00:00,2022,5,27,19,37.94
2022-05-27 20:00:00,2022,5,27,20,35.78
2022-05-27 21:00:00,2022,5,27,21,36.02
2022-05-27 22:00:00,2022,5,27,22,34.89
2022-05-27 23:00:00,2022,5,27,23,34.65
2022-05-28 00:00:00,2022,5,28,0,34.1
2022-05-28 01:00:00,2022,5,28,1,32.88
2022-05-28 02:00:00,2022,5,28,2,36.03
2022-05-28 03:00:00,2022,5,28,3,37.53
2022-05-28 04:00:00,2022,5,28,4,38.26
2022-05-28 05:00:00,2022,5,28,5,37.73
2022-05-28 06:00:00,2022,5,28,6,37.37
2022-05-28 07:00:00,2022,5,28,7,36.53
2022-05-28 08:00:00,2022,5,28,8,35.82
2022-05-28 09:00:00,2022,5,28,9,35.75
2022-05-28 10:00:00,2022,5,28,10,35.78
2022-05-28 11:00:00,2022,5,28,11,35.75
2022-05-28 12:00:00,2022,5,28,12,36.2
2022-05-28 13:00:00,2022,5,28,13,35.98
2022-05-28 14:00:00,2022,5,28,14,37.61
2022-05-28 15:00:00,2022,5,28,15,41.22
2022-05-28 16:00:00,2022,5,28,16,43.16
2022-05-28 17:00:00,2022,5,28,17,41.24
2022-05-28 18:00:00,2022,5,28,18,39.75
2022-05-28 19:00:00,2022,5,28,19,36.43
2022-05-28 20:00:00,2022,5,28,20,35.34
2022-05-28 21:00:00,2022,5,28,21,35.16
2022-05-28 22:00:00,2022,5,28,22,35.23
2022-05-28 23:00:00,2022,5,28,23,35.05
2022-05-29 00:00:00,2022,5,29,0,31.41
2022-05-29 01:00:00,2022,5,29,1,31.72
2022-05-29 02:00:00,2022,5,29,2,31.9
2022-05-29 03:00:00,2022,5,29,3,33.87
2022-05-29 04:00:00,2022,5,29,4,32.78
2022-05-29 05:00:00,2022,5,29,5,33.65
2022-05-29 06:00:00,2022,5,29,6,34.03
2022-05-29 07:00:00,2022,5,29,7,35.47
2022-05-29 08:00:00,2022,5,29,8,36.61
2022-05-29 09:00:00,2022,5,29,9,36.21
2022-05-29 10:00:00,2022,5,29,10,37.96
2022-05-29 11:00:00,2022,5,29,11,37.95
2022-05-29 12:00:00,2022,5,29,12,38.11
2022-05-29 13:00:00,2022,5,29,13,37.68
2022-05-29 14:00:00,2022,5,29,14,36.89
2022-05-29 15:00:00,2022,5,29,15,37.44
2022-05-29 16:00:00,2022,5,29,16,38.47
2022-05-29 17:00:00,2022,5,29,17,35.69
2022-05-29 18:00:00,2022,5,29,18,35.54
2022-05-29 19:00:00,2022,5,29,19,34.11
2022-05-29 20:00:00,2022,5,29,20,33.26
2022-05-29 21:00:00,2022,5,29,21,31.46
2022-05-29 22:00:00,2022,5,29,22,32.58
2022-05-29 23:00:00,2022,5,29,23,32.62
2022-05-30 00:00:00,2022,5,30,0,32.49
2022-05-30 01:00:00,2022,5,30,1,32.23
2022-05-30 02:00:00,2022,5,30,2,32.11
2022-05-30 03:00:00,2022,5,30,3,34.36
2022-05-30 04:00:00,2022,5,30,4,35.09
2022-05-30 05:00:00,2022,5,30,5,36.19
2022-05-30 06:00:00,2022,5,30,6,35.54
2022-05-30 07:00:00,2022,5,30,7,34.86
2022-05-30 08:00:00,2022,5,30,8,34.68
2022-05-30 09:00:00,2022,5,30,9,36.53
2022-05-30 10:00:00,2022,5,30,10,36.48
2022-05-30 11:00:00,2022,5,30,11,37.05
2022-05-30 12:00:00,2022,5,30,12,36.97
2022-05-30 13:00:00,2022,5,30,13,38.21
2022-05-30 14:00:00,2022,5,30,14,40.22
2022-05-30 15:00:00,2022,5,30,15,44.46
2022-05-30 16:00:00,2022,5,30,16,44.8
2022-05-30 17:00:00,2022,5,30,17,42.25
2022-05-30 18:00:00,2022,5,30,18,39.87
2022-05-30 19:00:00,2022,5,30,19,39.49
2022-05-30 20:00:00,2022,5,30,20,38.33
2022-05-30 21:00:00,2022,5,30,21,36.59
2022-05-30 22:00:00,2022,5,30,22,34.5
2022-05-30 23:00:00,2022,5,30,23,34.17
2022-05-31 00:00:00,2022,5,31,0,33.5
2022-05-31 01:00:00,2022,5,31,1,36.44
2022-05-31 02:00:00,2022,5,31,2,37.09
2022-05-31 03:00:00,2022,5,31,3,36.29
2022-05-31 04:00:00,2022,5,31,4,36.53
2022-05-31 05:00:00,2022,5,31,5,39.43
2022-05-31 06:00:00,2022,5,31,6,40.16
2022-05-31 07:00:00,2022,5,31,7,40.88
2022-05-31 08:00:00,2022,5,31,8,38.41
2022-05-31 09:00:00,2022,5,31,9,39.32
2022-05-31 10:00:00,2022,5,31,10,40.45
2022-05-31 11:00:00,2022,5,31,11,38.83
2022-05-31 12:00:00,2022,5,31,12,40.4
2022-05-31 13:00:00,2022,5,31,13,41.71
2022-05-31 14:00:00,2022,5,31,14,42.85
2022-05-31 15:00:00,2022,5,31,15,45.73
2022-05-31 16:00:00,2022,5,31,16,49.99
2022-05-31 17:00:00,2022,5,31,17,47.41
2022-05-31 18:00:00,2022,5,31,18,48.37
2022-05-31 19:00:00,2022,5,31,19,47.44
2022-05-31 20:00:00,2022,5,31,20,46.42
2022-05-31 21:00:00,2022,5,31,21,43.84
2022-05-31 22:00:00,2022,5,31,22,41.59
2022-05-31 23:00:00,2022,5,31,23,42.09
